OBSERVATION_ID,SERIES_KEY,COMMODITY_GROUP,SUPPLIER_REGION,SUPPLIER_ID,INDEX_MONTH,FEATURE_AS_OF_DATE,APPROVED_ENERGY_FORECAST_INDEX,APPROVED_FREIGHT_FORECAST_INDEX,APPROVED_FX_FORECAST_INDEX,APPROVED_MARKET_PMI,APPROVED_PORT_CONGESTION_INDEX,SUPPLIER_LEAD_TIME_DAYS,SUPPLIER_RELIABILITY_SCORE,CONTRACT_ESCALATION_PCT,REALIZED_MATERIAL_INDEX
FMISV2_0000001,STEEL|NA|SUP_ST_01,STEEL,NA,SUP_ST_01,2018-01-01,2017-12-01,102.9351,106.2305,100.3265,48.6363,56.1335,24.776,93.791,1.1663,106.69279
FMISV2_0000002,STEEL|NA|SUP_ST_01,STEEL,NA,SUP_ST_01,2018-02-01,2018-01-01,104.463,102.7035,100.3004,50.9948,41.8915,21.662,91.592,1.4375,107.59644
FMISV2_0000003,STEEL|NA|SUP_ST_01,STEEL,NA,SUP_ST_01,2018-03-01,2018-02-01,104.2012,103.5918,105.0774,49.4252,54.977,19.853,91.716,0.4186,109.2897
FMISV2_0000004,STEEL|NA|SUP_ST_01,STEEL,NA,SUP_ST_01,2018-04-01,2018-03-01,105.138,103.5876,104.539,51.3662,47.1506,19.842,92.69,0.89,108.02906
FMISV2_0000005,STEEL|NA|SUP_ST_01,STEEL,NA,SUP_ST_01,2018-05-01,2018-04-01,108.9989,107.7421,102.2665,51.5444,44.6762,22.088,92.37,1.1998,108.24856
FMISV2_0000006,STEEL|NA|SUP_ST_01,STEEL,NA,SUP_ST_01,2018-06-01,2018-05-01,103.0247,89.8612,102.5119,51.4006,42.9213,23.218,93.302,1.0643,107.87379
FMISV2_0000007,STEEL|NA|SUP_ST_01,STEEL,NA,SUP_ST_01,2018-07-01,2018-06-01,101.6263,97.8658,102.3842,50.5753,34.2305,20.353,93.604,1.3178,105.91848
FMISV2_0000008,STEEL|NA|SUP_ST_01,STEEL,NA,SUP_ST_01,2018-08-01,2018-07-01,95.1124,98.4985,98.8459,50.5688,36.0903,15.259,92.494,1.8951,102.70407
FMISV2_0000009,STEEL|NA|SUP_ST_01,STEEL,NA,SUP_ST_01,2018-09-01,2018-08-01,100.7065,95.9444,100.4153,48.5661,40.7119,22.223,93.614,1.7067,103.33022
FMISV2_0000010,STEEL|NA|SUP_ST_01,STEEL,NA,SUP_ST_01,2018-10-01,2018-09-01,102.8332,96.9808,98.3104,48.9839,43.0843,17.752,92.225,1.1684,103.78001
FMISV2_0000011,STEEL|NA|SUP_ST_01,STEEL,NA,SUP_ST_01,2018-11-01,2018-10-01,94.31,101.6977,96.3933,48.472,52.8899,16.747,92.575,0.6981,105.03611
FMISV2_0000012,STEEL|NA|SUP_ST_01,STEEL,NA,SUP_ST_01,2018-12-01,2018-11-01,106.2305,103.9334,101.541,46.8643,59.6302,20.332,91.973,1.6605,105.7549
FMISV2_0000013,STEEL|NA|SUP_ST_01,STEEL,NA,SUP_ST_01,2019-01-01,2018-12-01,104.4059,108.9392,102.5333,48.2305,39.572,20.285,93.062,1.474,107.05988
FMISV2_0000014,STEEL|NA|SUP_ST_01,STEEL,NA,SUP_ST_01,2019-02-01,2019-01-01,104.8837,103.178,97.1323,46.8929,45.2941,24.32,92.11,1.1435,106.64071
FMISV2_0000015,STEEL|NA|SUP_ST_01,STEEL,NA,SUP_ST_01,2019-03-01,2019-02-01,109.3531,108.4711,102.6932,50.1918,48.6169,23.845,95.651,1.2344,109.05415
FMISV2_0000016,STEEL|NA|SUP_ST_01,STEEL,NA,SUP_ST_01,2019-04-01,2019-03-01,109.7496,102.3998,105.4515,49.2565,41.3393,24.89,92.3,0.9649,110.05032
FMISV2_0000017,STEEL|NA|SUP_ST_01,STEEL,NA,SUP_ST_01,2019-05-01,2019-04-01,110.2095,106.756,101.4672,49.2849,39.8617,18.98,93.368,1.6362,112.84162
FMISV2_0000018,STEEL|NA|SUP_ST_01,STEEL,NA,SUP_ST_01,2019-06-01,2019-05-01,108.2254,97.9224,101.9362,52.3753,47.4373,20.892,92.633,0.87,111.60512
FMISV2_0000019,STEEL|NA|SUP_ST_01,STEEL,NA,SUP_ST_01,2019-07-01,2019-06-01,99.5688,94.3285,97.6613,51.466,38.0408,17.149,90.898,1.6135,111.19773
FMISV2_0000020,STEEL|NA|SUP_ST_01,STEEL,NA,SUP_ST_01,2019-08-01,2019-07-01,103.3714,94.6544,103.4635,50.7377,39.4323,19.76,92.685,1.3679,108.65355
FMISV2_0000021,STEEL|NA|SUP_ST_01,STEEL,NA,SUP_ST_01,2019-09-01,2019-08-01,98.0391,93.4916,102.121,54.667,57.5192,20.639,93.532,1.3033,108.41512
FMISV2_0000022,STEEL|NA|SUP_ST_01,STEEL,NA,SUP_ST_01,2019-10-01,2019-09-01,102.989,103.6798,98.8679,53.6604,61.5225,25.52,91.445,1.6969,111.35259
FMISV2_0000023,STEEL|NA|SUP_ST_01,STEEL,NA,SUP_ST_01,2019-11-01,2019-10-01,102.0679,106.9712,97.2276,50.0924,51.0232,19.938,93.312,1.5467,111.42319
FMISV2_0000024,STEEL|NA|SUP_ST_01,STEEL,NA,SUP_ST_01,2019-12-01,2019-11-01,102.9959,112.5474,102.0734,51.9865,47.8538,23.307,92.185,1.1842,110.5682
FMISV2_0000025,STEEL|NA|SUP_ST_01,STEEL,NA,SUP_ST_01,2020-01-01,2019-12-01,110.1435,110.9353,102.1071,53.376,48.3364,17.391,92.85,1.1318,113.31204
FMISV2_0000026,STEEL|NA|SUP_ST_01,STEEL,NA,SUP_ST_01,2020-02-01,2020-01-01,115.7955,113.3031,103.3603,53.1077,49.9563,19.322,94.582,2.0958,113.70933
FMISV2_0000027,STEEL|NA|SUP_ST_01,STEEL,NA,SUP_ST_01,2020-03-01,2020-02-01,109.2858,112.4017,103.2999,51.2515,54.1833,21.995,91.031,1.2168,115.37169
FMISV2_0000028,STEEL|NA|SUP_ST_01,STEEL,NA,SUP_ST_01,2020-04-01,2020-03-01,110.9579,102.4057,102.4559,48.2291,44.104,23.641,92.186,1.4904,120.89838
FMISV2_0000029,STEEL|NA|SUP_ST_01,STEEL,NA,SUP_ST_01,2020-05-01,2020-04-01,109.7981,104.8867,104.8723,47.3081,33.3903,18.574,95.534,1.344,119.30271
FMISV2_0000030,STEEL|NA|SUP_ST_01,STEEL,NA,SUP_ST_01,2020-06-01,2020-05-01,117.5258,97.4377,103.3395,49.9225,40.85,22.223,93.604,1.7266,119.12564
FMISV2_0000031,STEEL|NA|SUP_ST_01,STEEL,NA,SUP_ST_01,2020-07-01,2020-06-01,103.2119,105.1801,97.9262,47.1907,36.2782,21.002,93.777,1.9111,116.9922
FMISV2_0000032,STEEL|NA|SUP_ST_01,STEEL,NA,SUP_ST_01,2020-08-01,2020-07-01,104.6328,101.2908,100.9279,45.8148,35.0467,21.67,93.886,1.6687,113.5622
FMISV2_0000033,STEEL|NA|SUP_ST_01,STEEL,NA,SUP_ST_01,2020-09-01,2020-08-01,104.6045,93.7309,99.6554,45.0372,52.271,23.737,93.683,1.6112,111.77625
FMISV2_0000034,STEEL|NA|SUP_ST_01,STEEL,NA,SUP_ST_01,2020-10-01,2020-09-01,106.7902,105.8281,99.3193,50.1332,42.8674,17.982,94.442,1.2517,113.5391
FMISV2_0000035,STEEL|NA|SUP_ST_01,STEEL,NA,SUP_ST_01,2020-11-01,2020-10-01,103.5774,100.6185,99.436,48.5166,49.1294,22.796,92.213,1.6149,113.13298
FMISV2_0000036,STEEL|NA|SUP_ST_01,STEEL,NA,SUP_ST_01,2020-12-01,2020-11-01,106.6203,106.4558,99.5908,49.6546,44.2504,19.754,92.81,1.4081,113.62114
FMISV2_0000037,STEEL|NA|SUP_ST_01,STEEL,NA,SUP_ST_01,2021-01-01,2020-12-01,109.3489,114.0991,101.4544,52.8361,53.2156,22.195,93.086,1.9998,115.88264
FMISV2_0000038,STEEL|NA|SUP_ST_01,STEEL,NA,SUP_ST_01,2021-02-01,2021-01-01,115.0235,104.2425,102.4264,51.3815,58.0388,22.806,92.94,1.621,116.83229
FMISV2_0000039,STEEL|NA|SUP_ST_01,STEEL,NA,SUP_ST_01,2021-03-01,2021-02-01,111.9497,104.6707,105.278,53.4874,39.5819,22.772,93.026,1.9403,120.12794
FMISV2_0000040,STEEL|NA|SUP_ST_01,STEEL,NA,SUP_ST_01,2021-04-01,2021-03-01,119.6959,108.6164,104.3066,53.3608,46.4441,21.371,92.277,1.6527,120.42086
FMISV2_0000041,STEEL|NA|SUP_ST_01,STEEL,NA,SUP_ST_01,2021-05-01,2021-04-01,112.7161,96.394,104.4269,53.6997,38.7841,17.837,93.322,2.316,120.89589
FMISV2_0000042,STEEL|NA|SUP_ST_01,STEEL,NA,SUP_ST_01,2021-06-01,2021-05-01,115.5709,99.8472,103.3495,52.1906,35.5554,16.123,93.004,1.9107,119.19936
FMISV2_0000043,STEEL|NA|SUP_ST_01,STEEL,NA,SUP_ST_01,2021-07-01,2021-06-01,110.2152,96.8253,103.599,51.9469,35.4923,19.998,90.776,2.1188,119.18842
FMISV2_0000044,STEEL|NA|SUP_ST_01,STEEL,NA,SUP_ST_01,2021-08-01,2021-07-01,110.1049,94.9334,100.482,49.9846,35.6575,21.488,92.951,2.5611,120.90675
FMISV2_0000045,STEEL|NA|SUP_ST_01,STEEL,NA,SUP_ST_01,2021-09-01,2021-08-01,106.7397,107.617,103.6628,50.4862,41.908,19.481,94.133,1.4068,120.3481
FMISV2_0000046,STEEL|NA|SUP_ST_01,STEEL,NA,SUP_ST_01,2021-10-01,2021-09-01,110.6796,103.1365,100.6948,51.3607,42.8419,22.27,93.596,1.4126,123.77599
FMISV2_0000047,STEEL|NA|SUP_ST_01,STEEL,NA,SUP_ST_01,2021-11-01,2021-10-01,115.1356,105.9621,100.6623,49.3118,54.4724,18.384,92.195,2.0494,123.11797
FMISV2_0000048,STEEL|NA|SUP_ST_01,STEEL,NA,SUP_ST_01,2021-12-01,2021-11-01,111.337,105.5673,99.5581,46.4528,55.7673,22.146,94.041,1.6812,121.72954
FMISV2_0000049,STEEL|NA|SUP_ST_01,STEEL,NA,SUP_ST_01,2022-01-01,2021-12-01,112.1994,123.5805,103.4878,46.7115,48.5703,20.133,89.887,2.0363,122.75448
FMISV2_0000050,STEEL|NA|SUP_ST_01,STEEL,NA,SUP_ST_01,2022-02-01,2022-01-01,111.0395,108.0289,105.7538,46.3247,53.8425,22.156,92.8,1.9368,122.12825
FMISV2_0000051,STEEL|NA|SUP_ST_01,STEEL,NA,SUP_ST_01,2022-03-01,2022-02-01,117.252,112.121,105.5938,47.844,46.8625,15.917,93.968,1.7668,127.58952
FMISV2_0000052,STEEL|NA|SUP_ST_01,STEEL,NA,SUP_ST_01,2022-04-01,2022-03-01,121.0944,101.5237,105.3071,48.0325,40.8477,19.492,91.036,2.1855,126.46436
FMISV2_0000053,STEEL|NA|SUP_ST_01,STEEL,NA,SUP_ST_01,2022-05-01,2022-04-01,114.3896,107.384,107.2175,46.61,52.7075,25.165,92.355,2.124,122.40188
FMISV2_0000054,STEEL|NA|SUP_ST_01,STEEL,NA,SUP_ST_01,2022-06-01,2022-05-01,113.7828,101.4587,103.5212,46.9302,38.2018,20.443,93.336,2.4852,121.01321
FMISV2_0000055,STEEL|NA|SUP_ST_01,STEEL,NA,SUP_ST_01,2022-07-01,2022-06-01,114.0836,102.0775,104.1125,51.5686,39.4617,20.38,92.976,1.579,119.23342
FMISV2_0000056,STEEL|NA|SUP_ST_01,STEEL,NA,SUP_ST_01,2022-08-01,2022-07-01,117.7614,102.1247,102.2349,51.5157,40.2741,19.929,90.841,1.6971,119.29876
FMISV2_0000057,STEEL|NA|SUP_ST_01,STEEL,NA,SUP_ST_01,2022-09-01,2022-08-01,107.0092,95.0342,100.6684,51.8277,40.9866,20.907,93.134,1.9778,118.08994
FMISV2_0000058,STEEL|NA|SUP_ST_01,STEEL,NA,SUP_ST_01,2022-10-01,2022-09-01,112.5549,103.18,100.1517,52.9565,42.8768,19.373,91.569,2.2786,117.78532
FMISV2_0000059,STEEL|NA|SUP_ST_01,STEEL,NA,SUP_ST_01,2022-11-01,2022-10-01,112.6264,100.6801,102.8308,52.7293,52.0187,20.943,92.445,1.7819,117.51921
FMISV2_0000060,STEEL|NA|SUP_ST_01,STEEL,NA,SUP_ST_01,2022-12-01,2022-11-01,119.7558,102.1387,100.7048,51.9272,57.4425,23.343,91.119,2.4468,119.57865
FMISV2_0000061,STEEL|NA|SUP_ST_01,STEEL,NA,SUP_ST_01,2023-01-01,2022-12-01,116.6644,108.2256,103.224,49.7243,58.1623,22.42,94.608,2.1564,119.73707
FMISV2_0000062,STEEL|NA|SUP_ST_01,STEEL,NA,SUP_ST_01,2023-02-01,2023-01-01,118.8731,114.9764,103.6204,50.5961,47.0902,16.959,93.362,2.225,122.24833
FMISV2_0000063,STEEL|NA|SUP_ST_01,STEEL,NA,SUP_ST_01,2023-03-01,2023-02-01,122.1048,112.1693,104.65,49.2389,34.0285,18.357,93.14,1.7432,122.67125
FMISV2_0000064,STEEL|NA|SUP_ST_01,STEEL,NA,SUP_ST_01,2023-04-01,2023-03-01,121.5099,111.6855,108.2022,51.7497,38.5977,21.844,91.914,2.6217,124.24197
FMISV2_0000065,STEEL|NA|SUP_ST_01,STEEL,NA,SUP_ST_01,2023-05-01,2023-04-01,120.5085,107.1975,104.8955,48.0522,43.8878,13.875,92.571,2.1746,124.66198
FMISV2_0000066,STEEL|NA|SUP_ST_01,STEEL,NA,SUP_ST_01,2023-06-01,2023-05-01,117.5433,107.3286,105.924,46.8898,33.7447,18.566,93.992,2.2807,124.9045
FMISV2_0000067,STEEL|NA|SUP_ST_01,STEEL,NA,SUP_ST_01,2023-07-01,2023-06-01,120.1308,101.7859,102.3681,46.994,36.5958,22.931,93.18,2.6584,122.49014
FMISV2_0000068,STEEL|NA|SUP_ST_01,STEEL,NA,SUP_ST_01,2023-08-01,2023-07-01,116.5932,99.4298,102.4345,45.6769,45.0821,21.601,91.669,2.0616,120.13204
FMISV2_0000069,STEEL|NA|SUP_ST_01,STEEL,NA,SUP_ST_01,2023-09-01,2023-08-01,119.9535,102.9296,101.5102,47.7256,48.7099,22.84,91.507,2.5227,120.78066
FMISV2_0000070,STEEL|NA|SUP_ST_01,STEEL,NA,SUP_ST_01,2023-10-01,2023-09-01,117.4428,107.1494,99.3557,48.2576,48.8767,19.147,91.801,2.5167,121.29406
FMISV2_0000071,STEEL|NA|SUP_ST_01,STEEL,NA,SUP_ST_01,2023-11-01,2023-10-01,116.1112,97.4167,99.2286,47.0184,50.484,20.788,92.816,2.4069,121.43239
FMISV2_0000072,STEEL|NA|SUP_ST_01,STEEL,NA,SUP_ST_01,2023-12-01,2023-11-01,116.4076,105.556,103.2641,49.4617,51.8451,22.509,93.73,2.9416,120.47893
FMISV2_0000073,STEEL|NA|SUP_ST_01,STEEL,NA,SUP_ST_01,2024-01-01,2023-12-01,117.4845,115.6111,102.2952,50.6718,46.8861,22.225,93.516,2.2772,121.34849
FMISV2_0000074,STEEL|NA|SUP_ST_01,STEEL,NA,SUP_ST_01,2024-02-01,2024-01-01,117.8622,118.6903,106.5386,53.9543,49.0509,23.444,91.527,1.7486,124.62049
FMISV2_0000075,STEEL|NA|SUP_ST_01,STEEL,NA,SUP_ST_01,2024-03-01,2024-02-01,127.4457,115.9259,108.2248,51.2903,43.3594,23.395,93.448,2.1479,125.03334
FMISV2_0000076,STEEL|NA|SUP_ST_01,STEEL,NA,SUP_ST_01,2024-04-01,2024-03-01,128.731,115.0208,106.8233,52.6001,40.3482,19.565,92.7,2.3272,127.31218
FMISV2_0000077,STEEL|NA|SUP_ST_01,STEEL,NA,SUP_ST_01,2024-05-01,2024-04-01,124.2926,114.35,106.2416,54.2701,40.2109,24.047,92.453,2.566,127.61179
FMISV2_0000078,STEEL|NA|SUP_ST_01,STEEL,NA,SUP_ST_01,2024-06-01,2024-05-01,119.1319,108.8524,105.9751,53.1257,30.6917,20.096,92.129,2.9245,128.71928
FMISV2_0000079,STEEL|NA|SUP_ST_01,STEEL,NA,SUP_ST_01,2024-07-01,2024-06-01,122.1279,102.1748,106.034,53.1732,41.7271,16.219,92.586,2.2413,128.6827
FMISV2_0000080,STEEL|NA|SUP_ST_01,STEEL,NA,SUP_ST_01,2024-08-01,2024-07-01,121.4915,100.0442,104.2897,49.9254,43.1696,22.687,93.592,2.594,127.33183
FMISV2_0000081,STEEL|NA|SUP_ST_01,STEEL,NA,SUP_ST_01,2024-09-01,2024-08-01,116.8088,106.9974,101.8728,51.7429,43.7449,23.161,92.388,2.798,127.72074
FMISV2_0000082,STEEL|NA|SUP_ST_01,STEEL,NA,SUP_ST_01,2024-10-01,2024-09-01,120.5409,107.4528,100.2142,50.1718,44.5531,20.863,92.438,2.4493,127.73844
FMISV2_0000083,STEEL|NA|SUP_ST_01,STEEL,NA,SUP_ST_01,2024-11-01,2024-10-01,121.8495,112.1516,101.4953,46.0944,62.486,23.134,92.477,2.9009,124.67151
FMISV2_0000084,STEEL|NA|SUP_ST_01,STEEL,NA,SUP_ST_01,2024-12-01,2024-11-01,119.2886,110.8493,103.986,47.805,56.3391,19.763,93.19,2.1045,125.49488
FMISV2_0000085,STEEL|NA|SUP_ST_01,STEEL,NA,SUP_ST_01,2025-01-01,2024-12-01,122.7039,115.5027,104.2037,48.0898,50.8256,20.383,91.528,2.18,127.00898
FMISV2_0000086,STEEL|NA|SUP_ST_01,STEEL,NA,SUP_ST_01,2025-02-01,2025-01-01,126.956,117.1364,105.5263,46.2308,40.1366,17.566,90.131,2.7356,127.96297
FMISV2_0000087,STEEL|NA|SUP_ST_01,STEEL,NA,SUP_ST_01,2025-03-01,2025-02-01,125.8724,113.8069,107.3832,46.5923,42.2164,23.721,94.164,2.2777,129.70851
FMISV2_0000088,STEEL|NA|SUP_ST_01,STEEL,NA,SUP_ST_01,2025-04-01,2025-03-01,125.8778,115.5665,105.9812,47.5916,47.7817,18.947,91.861,3.0256,132.4766
FMISV2_0000089,STEEL|NA|SUP_ST_01,STEEL,NA,SUP_ST_01,2025-05-01,2025-04-01,130.4023,108.1206,105.783,48.8451,34.3671,21.889,93.372,2.5453,132.78479
FMISV2_0000090,STEEL|NA|SUP_ST_01,STEEL,NA,SUP_ST_01,2025-06-01,2025-05-01,131.4832,108.1694,104.5072,47.773,28.9754,20.479,93.552,3.1584,133.79533
FMISV2_0000091,STEEL|NA|SUP_ST_01,STEEL,NA,SUP_ST_01,2025-07-01,2025-06-01,120.0944,108.2497,105.8499,49.3896,42.5897,22.622,93.531,3.0669,132.03454
FMISV2_0000092,STEEL|NA|SUP_ST_01,STEEL,NA,SUP_ST_01,2025-08-01,2025-07-01,125.0966,109.1851,103.6784,52.9039,39.7252,22.4,92.764,2.2494,130.75604
FMISV2_0000093,STEEL|NA|SUP_ST_01,STEEL,NA,SUP_ST_01,2025-09-01,2025-08-01,119.1498,102.1444,101.0373,51.1776,42.7608,19.541,93.065,3.0323,129.6171
FMISV2_0000094,STEEL|NA|SUP_ST_01,STEEL,NA,SUP_ST_01,2025-10-01,2025-09-01,121.2697,100.6346,103.1354,51.6835,48.0615,21.175,94.419,1.8026,132.0535
FMISV2_0000095,STEEL|NA|SUP_ST_01,STEEL,NA,SUP_ST_01,2025-11-01,2025-10-01,123.2357,110.9781,101.7134,53.3797,56.8966,19.3,92.465,2.6852,132.05678
FMISV2_0000096,STEEL|NA|SUP_ST_01,STEEL,NA,SUP_ST_01,2025-12-01,2025-11-01,126.6494,116.7064,104.2503,52.3006,43.2784,20.837,92.216,2.7553,133.73688
FMISV2_0000097,STEEL|NA|SUP_ST_02,STEEL,NA,SUP_ST_02,2018-01-01,2017-12-01,102.9351,106.2305,99.0508,48.6363,56.1335,24.279,90.313,1.3013,99.43862
FMISV2_0000098,STEEL|NA|SUP_ST_02,STEEL,NA,SUP_ST_02,2018-02-01,2018-01-01,104.463,102.7035,101.4702,50.9948,41.8915,17.457,89.805,1.4626,100.17573
FMISV2_0000099,STEEL|NA|SUP_ST_02,STEEL,NA,SUP_ST_02,2018-03-01,2018-02-01,104.2012,103.5918,102.1262,49.4252,54.977,25.206,88.573,1.4049,101.76908
FMISV2_0000100,STEEL|NA|SUP_ST_02,STEEL,NA,SUP_ST_02,2018-04-01,2018-03-01,105.138,103.5876,103.4079,51.3662,47.1506,19.697,89.139,1.7952,101.82865
FMISV2_0000101,STEEL|NA|SUP_ST_02,STEEL,NA,SUP_ST_02,2018-05-01,2018-04-01,108.9989,107.7421,101.7569,51.5444,44.6762,16.854,88.994,1.8259,102.26138
FMISV2_0000102,STEEL|NA|SUP_ST_02,STEEL,NA,SUP_ST_02,2018-06-01,2018-05-01,103.0247,89.8612,102.8349,51.4006,42.9213,18.533,88.395,1.247,101.62932
FMISV2_0000103,STEEL|NA|SUP_ST_02,STEEL,NA,SUP_ST_02,2018-07-01,2018-06-01,101.6263,97.8658,101.7044,50.5753,34.2305,14.049,89.848,1.3885,101.89148
FMISV2_0000104,STEEL|NA|SUP_ST_02,STEEL,NA,SUP_ST_02,2018-08-01,2018-07-01,95.1124,98.4985,99.727,50.5688,36.0903,17.656,88.293,1.3227,102.09954
FMISV2_0000105,STEEL|NA|SUP_ST_02,STEEL,NA,SUP_ST_02,2018-09-01,2018-08-01,100.7065,95.9444,96.706,48.5661,40.7119,21.293,89.638,1.2475,99.31686
FMISV2_0000106,STEEL|NA|SUP_ST_02,STEEL,NA,SUP_ST_02,2018-10-01,2018-09-01,102.8332,96.9808,98.3603,48.9839,43.0843,16.442,87.818,1.471,99.95774
FMISV2_0000107,STEEL|NA|SUP_ST_02,STEEL,NA,SUP_ST_02,2018-11-01,2018-10-01,94.31,101.6977,96.8858,48.472,52.8899,21.237,87.579,1.1243,99.1337
FMISV2_0000108,STEEL|NA|SUP_ST_02,STEEL,NA,SUP_ST_02,2018-12-01,2018-11-01,106.2305,103.9334,99.8494,46.8643,59.6302,20.788,87.387,1.3516,100.1997
FMISV2_0000109,STEEL|NA|SUP_ST_02,STEEL,NA,SUP_ST_02,2019-01-01,2018-12-01,104.4059,108.9392,98.9946,48.2305,39.572,14.284,89.569,1.1573,100.66696
FMISV2_0000110,STEEL|NA|SUP_ST_02,STEEL,NA,SUP_ST_02,2019-02-01,2019-01-01,104.8837,103.178,99.9726,46.8929,45.2941,16.251,88.708,1.889,103.31011
FMISV2_0000111,STEEL|NA|SUP_ST_02,STEEL,NA,SUP_ST_02,2019-03-01,2019-02-01,109.3531,108.4711,103.3724,50.1918,48.6169,18.866,87.227,0.9213,103.94038
FMISV2_0000112,STEEL|NA|SUP_ST_02,STEEL,NA,SUP_ST_02,2019-04-01,2019-03-01,109.7496,102.3998,104.0156,49.2565,41.3393,20.236,87.006,1.6006,103.86677
FMISV2_0000113,STEEL|NA|SUP_ST_02,STEEL,NA,SUP_ST_02,2019-05-01,2019-04-01,110.2095,106.756,105.4273,49.2849,39.8617,18.208,89.909,1.6373,102.2621
FMISV2_0000114,STEEL|NA|SUP_ST_02,STEEL,NA,SUP_ST_02,2019-06-01,2019-05-01,108.2254,97.9224,99.0025,52.3753,47.4373,20.464,88.648,1.2095,102.38987
FMISV2_0000115,STEEL|NA|SUP_ST_02,STEEL,NA,SUP_ST_02,2019-07-01,2019-06-01,99.5688,94.3285,97.0766,51.466,38.0408,18.912,87.95,0.992,101.82307
FMISV2_0000116,STEEL|NA|SUP_ST_02,STEEL,NA,SUP_ST_02,2019-08-01,2019-07-01,103.3714,94.6544,100.3592,50.7377,39.4323,21.352,89.201,1.4285,101.49834
FMISV2_0000117,STEEL|NA|SUP_ST_02,STEEL,NA,SUP_ST_02,2019-09-01,2019-08-01,98.0391,93.4916,101.9734,54.667,57.5192,18.171,89.767,1.7036,103.0919
FMISV2_0000118,STEEL|NA|SUP_ST_02,STEEL,NA,SUP_ST_02,2019-10-01,2019-09-01,102.989,103.6798,100.4545,53.6604,61.5225,19.17,88.198,1.8963,104.00596
FMISV2_0000119,STEEL|NA|SUP_ST_02,STEEL,NA,SUP_ST_02,2019-11-01,2019-10-01,102.0679,106.9712,97.4146,50.0924,51.0232,17.164,89.741,1.2947,103.07929
FMISV2_0000120,STEEL|NA|SUP_ST_02,STEEL,NA,SUP_ST_02,2019-12-01,2019-11-01,102.9959,112.5474,101.4191,51.9865,47.8538,19.337,85.694,1.2187,102.51922
FMISV2_0000121,STEEL|NA|SUP_ST_02,STEEL,NA,SUP_ST_02,2020-01-01,2019-12-01,110.1435,110.9353,103.6744,53.376,48.3364,22.435,86.713,1.5464,104.10541
FMISV2_0000122,STEEL|NA|SUP_ST_02,STEEL,NA,SUP_ST_02,2020-02-01,2020-01-01,115.7955,113.3031,102.7468,53.1077,49.9563,20.006,90.737,1.8043,107.08724
FMISV2_0000123,STEEL|NA|SUP_ST_02,STEEL,NA,SUP_ST_02,2020-03-01,2020-02-01,109.2858,112.4017,104.173,51.2515,54.1833,20.116,87.554,1.925,108.26453
FMISV2_0000124,STEEL|NA|SUP_ST_02,STEEL,NA,SUP_ST_02,2020-04-01,2020-03-01,110.9579,102.4057,101.7424,48.2291,44.104,19.613,88.772,0.7934,115.83152
FMISV2_0000125,STEEL|NA|SUP_ST_02,STEEL,NA,SUP_ST_02,2020-05-01,2020-04-01,109.7981,104.8867,105.723,47.3081,33.3903,20.633,89.773,1.1373,112.72168
FMISV2_0000126,STEEL|NA|SUP_ST_02,STEEL,NA,SUP_ST_02,2020-06-01,2020-05-01,117.5258,97.4377,102.0168,49.9225,40.85,18.938,87.64,1.9869,113.47037
FMISV2_0000127,STEEL|NA|SUP_ST_02,STEEL,NA,SUP_ST_02,2020-07-01,2020-06-01,103.2119,105.1801,100.2227,47.1907,36.2782,16.11,89.321,1.893,110.65474
FMISV2_0000128,STEEL|NA|SUP_ST_02,STEEL,NA,SUP_ST_02,2020-08-01,2020-07-01,104.6328,101.2908,100.4036,45.8148,35.0467,18.463,89.052,1.9006,107.11908
FMISV2_0000129,STEEL|NA|SUP_ST_02,STEEL,NA,SUP_ST_02,2020-09-01,2020-08-01,104.6045,93.7309,100.4449,45.0372,52.271,21.32,87.598,1.446,107.48624
FMISV2_0000130,STEEL|NA|SUP_ST_02,STEEL,NA,SUP_ST_02,2020-10-01,2020-09-01,106.7902,105.8281,98.9686,50.1332,42.8674,16.946,86.933,2.1767,106.44542
FMISV2_0000131,STEEL|NA|SUP_ST_02,STEEL,NA,SUP_ST_02,2020-11-01,2020-10-01,103.5774,100.6185,99.4059,48.5166,49.1294,18.653,88.946,1.6801,106.60503
FMISV2_0000132,STEEL|NA|SUP_ST_02,STEEL,NA,SUP_ST_02,2020-12-01,2020-11-01,106.6203,106.4558,98.806,49.6546,44.2504,21.728,87.647,1.3764,107.19857
FMISV2_0000133,STEEL|NA|SUP_ST_02,STEEL,NA,SUP_ST_02,2021-01-01,2020-12-01,109.3489,114.0991,99.7532,52.8361,53.2156,18.63,89.246,1.8046,108.39728
FMISV2_0000134,STEEL|NA|SUP_ST_02,STEEL,NA,SUP_ST_02,2021-02-01,2021-01-01,115.0235,104.2425,101.5819,51.3815,58.0388,22.167,88.655,1.6938,110.40879
FMISV2_0000135,STEEL|NA|SUP_ST_02,STEEL,NA,SUP_ST_02,2021-03-01,2021-02-01,111.9497,104.6707,105.3526,53.4874,39.5819,19.176,88.795,1.2868,110.55894
FMISV2_0000136,STEEL|NA|SUP_ST_02,STEEL,NA,SUP_ST_02,2021-04-01,2021-03-01,119.6959,108.6164,106.3042,53.3608,46.4441,22.5,90.247,1.4423,110.58767
FMISV2_0000137,STEEL|NA|SUP_ST_02,STEEL,NA,SUP_ST_02,2021-05-01,2021-04-01,112.7161,96.394,106.0214,53.6997,38.7841,14.458,88.681,1.6303,111.7016
FMISV2_0000138,STEEL|NA|SUP_ST_02,STEEL,NA,SUP_ST_02,2021-06-01,2021-05-01,115.5709,99.8472,100.9563,52.1906,35.5554,20.155,89.124,1.8306,112.96936
FMISV2_0000139,STEEL|NA|SUP_ST_02,STEEL,NA,SUP_ST_02,2021-07-01,2021-06-01,110.2152,96.8253,99.5892,51.9469,35.4923,20.635,88.168,1.6136,112.10144
FMISV2_0000140,STEEL|NA|SUP_ST_02,STEEL,NA,SUP_ST_02,2021-08-01,2021-07-01,110.1049,94.9334,101.9859,49.9846,35.6575,18.881,88.671,1.2588,112.95314
FMISV2_0000141,STEEL|NA|SUP_ST_02,STEEL,NA,SUP_ST_02,2021-09-01,2021-08-01,106.7397,107.617,96.7096,50.4862,41.908,19.841,88.172,1.2732,110.74552
FMISV2_0000142,STEEL|NA|SUP_ST_02,STEEL,NA,SUP_ST_02,2021-10-01,2021-09-01,110.6796,103.1365,101.4746,51.3607,42.8419,14.266,89.765,2.1999,116.13951
FMISV2_0000143,STEEL|NA|SUP_ST_02,STEEL,NA,SUP_ST_02,2021-11-01,2021-10-01,115.1356,105.9621,99.2733,49.3118,54.4724,20.688,88.229,2.2459,112.18049
FMISV2_0000144,STEEL|NA|SUP_ST_02,STEEL,NA,SUP_ST_02,2021-12-01,2021-11-01,111.337,105.5673,98.4264,46.4528,55.7673,21.694,86.731,1.9824,109.1138
FMISV2_0000145,STEEL|NA|SUP_ST_02,STEEL,NA,SUP_ST_02,2022-01-01,2021-12-01,112.1994,123.5805,106.5154,46.7115,48.5703,21.781,88.192,1.9713,111.7067
FMISV2_0000146,STEEL|NA|SUP_ST_02,STEEL,NA,SUP_ST_02,2022-02-01,2022-01-01,111.0395,108.0289,103.2795,46.3247,53.8425,23.334,87.66,1.5145,112.46943
FMISV2_0000147,STEEL|NA|SUP_ST_02,STEEL,NA,SUP_ST_02,2022-03-01,2022-02-01,117.252,112.121,104.9724,47.844,46.8625,22.43,88.337,1.6957,118.60963
FMISV2_0000148,STEEL|NA|SUP_ST_02,STEEL,NA,SUP_ST_02,2022-04-01,2022-03-01,121.0944,101.5237,107.3528,48.0325,40.8477,16.774,89.822,2.1468,118.8765
FMISV2_0000149,STEEL|NA|SUP_ST_02,STEEL,NA,SUP_ST_02,2022-05-01,2022-04-01,114.3896,107.384,104.6434,46.61,52.7075,19.735,89.512,2.1018,115.88985
FMISV2_0000150,STEEL|NA|SUP_ST_02,STEEL,NA,SUP_ST_02,2022-06-01,2022-05-01,113.7828,101.4587,103.9818,46.9302,38.2018,22.213,87.241,1.7275,115.38468
FMISV2_0000151,STEEL|NA|SUP_ST_02,STEEL,NA,SUP_ST_02,2022-07-01,2022-06-01,114.0836,102.0775,105.5088,51.5686,39.4617,19.538,87.695,2.2852,115.94706
FMISV2_0000152,STEEL|NA|SUP_ST_02,STEEL,NA,SUP_ST_02,2022-08-01,2022-07-01,117.7614,102.1247,101.7617,51.5157,40.2741,18.887,87.655,2.1159,115.7031
FMISV2_0000153,STEEL|NA|SUP_ST_02,STEEL,NA,SUP_ST_02,2022-09-01,2022-08-01,107.0092,95.0342,101.7148,51.8277,40.9866,20.533,90.801,2.1197,112.17393
FMISV2_0000154,STEEL|NA|SUP_ST_02,STEEL,NA,SUP_ST_02,2022-10-01,2022-09-01,112.5549,103.18,101.6374,52.9565,42.8768,24.292,87.739,1.8007,111.70747
FMISV2_0000155,STEEL|NA|SUP_ST_02,STEEL,NA,SUP_ST_02,2022-11-01,2022-10-01,112.6264,100.6801,101.0547,52.7293,52.0187,26.295,85.059,1.9766,111.85285
FMISV2_0000156,STEEL|NA|SUP_ST_02,STEEL,NA,SUP_ST_02,2022-12-01,2022-11-01,119.7558,102.1387,103.6277,51.9272,57.4425,22.706,89.872,1.7823,110.40828
FMISV2_0000157,STEEL|NA|SUP_ST_02,STEEL,NA,SUP_ST_02,2023-01-01,2022-12-01,116.6644,108.2256,101.4172,49.7243,58.1623,23.145,89.069,2.2738,111.20426
FMISV2_0000158,STEEL|NA|SUP_ST_02,STEEL,NA,SUP_ST_02,2023-02-01,2023-01-01,118.8731,114.9764,102.3215,50.5961,47.0902,23.478,88.74,2.3482,111.96133
FMISV2_0000159,STEEL|NA|SUP_ST_02,STEEL,NA,SUP_ST_02,2023-03-01,2023-02-01,122.1048,112.1693,108.0107,49.2389,34.0285,16.078,87.399,1.318,114.08843
FMISV2_0000160,STEEL|NA|SUP_ST_02,STEEL,NA,SUP_ST_02,2023-04-01,2023-03-01,121.5099,111.6855,104.4731,51.7497,38.5977,20.652,90.637,1.9121,114.98305
FMISV2_0000161,STEEL|NA|SUP_ST_02,STEEL,NA,SUP_ST_02,2023-05-01,2023-04-01,120.5085,107.1975,107.4609,48.0522,43.8878,16.951,91.304,2.6889,115.51393
FMISV2_0000162,STEEL|NA|SUP_ST_02,STEEL,NA,SUP_ST_02,2023-06-01,2023-05-01,117.5433,107.3286,104.34,46.8898,33.7447,19.457,90.886,2.2116,115.06358
FMISV2_0000163,STEEL|NA|SUP_ST_02,STEEL,NA,SUP_ST_02,2023-07-01,2023-06-01,120.1308,101.7859,105.5753,46.994,36.5958,19.027,87.652,2.0521,114.23185
FMISV2_0000164,STEEL|NA|SUP_ST_02,STEEL,NA,SUP_ST_02,2023-08-01,2023-07-01,116.5932,99.4298,103.6052,45.6769,45.0821,20.849,86.479,1.9361,114.95062
FMISV2_0000165,STEEL|NA|SUP_ST_02,STEEL,NA,SUP_ST_02,2023-09-01,2023-08-01,119.9535,102.9296,101.052,47.7256,48.7099,17.039,88.527,1.5421,113.11542
FMISV2_0000166,STEEL|NA|SUP_ST_02,STEEL,NA,SUP_ST_02,2023-10-01,2023-09-01,117.4428,107.1494,100.0425,48.2576,48.8767,18.913,88.842,2.218,112.43592
FMISV2_0000167,STEEL|NA|SUP_ST_02,STEEL,NA,SUP_ST_02,2023-11-01,2023-10-01,116.1112,97.4167,103.3876,47.0184,50.484,22.532,90.261,1.7416,113.0072
FMISV2_0000168,STEEL|NA|SUP_ST_02,STEEL,NA,SUP_ST_02,2023-12-01,2023-11-01,116.4076,105.556,100.4076,49.4617,51.8451,13.8,89.144,2.4111,114.26978
FMISV2_0000169,STEEL|NA|SUP_ST_02,STEEL,NA,SUP_ST_02,2024-01-01,2023-12-01,117.4845,115.6111,100.6693,50.6718,46.8861,14.447,86.343,2.3722,115.62884
FMISV2_0000170,STEEL|NA|SUP_ST_02,STEEL,NA,SUP_ST_02,2024-02-01,2024-01-01,117.8622,118.6903,107.6846,53.9543,49.0509,18.719,87.425,2.0069,116.14465
FMISV2_0000171,STEEL|NA|SUP_ST_02,STEEL,NA,SUP_ST_02,2024-03-01,2024-02-01,127.4457,115.9259,108.2564,51.2903,43.3594,18.913,88.459,2.4377,117.62588
FMISV2_0000172,STEEL|NA|SUP_ST_02,STEEL,NA,SUP_ST_02,2024-04-01,2024-03-01,128.731,115.0208,104.4972,52.6001,40.3482,24.827,87.812,1.819,120.28328
FMISV2_0000173,STEEL|NA|SUP_ST_02,STEEL,NA,SUP_ST_02,2024-05-01,2024-04-01,124.2926,114.35,103.0375,54.2701,40.2109,22.129,88.966,2.5966,122.3063
FMISV2_0000174,STEEL|NA|SUP_ST_02,STEEL,NA,SUP_ST_02,2024-06-01,2024-05-01,119.1319,108.8524,103.593,53.1257,30.6917,19.281,87.866,2.4364,121.44512
FMISV2_0000175,STEEL|NA|SUP_ST_02,STEEL,NA,SUP_ST_02,2024-07-01,2024-06-01,122.1279,102.1748,104.5031,53.1732,41.7271,19.094,87.647,1.9472,121.70052
FMISV2_0000176,STEEL|NA|SUP_ST_02,STEEL,NA,SUP_ST_02,2024-08-01,2024-07-01,121.4915,100.0442,104.6663,49.9254,43.1696,15.413,86.549,2.2513,120.12394
FMISV2_0000177,STEEL|NA|SUP_ST_02,STEEL,NA,SUP_ST_02,2024-09-01,2024-08-01,116.8088,106.9974,105.604,51.7429,43.7449,18.443,90.035,2.5564,119.10928
FMISV2_0000178,STEEL|NA|SUP_ST_02,STEEL,NA,SUP_ST_02,2024-10-01,2024-09-01,120.5409,107.4528,104.6142,50.1718,44.5531,17.753,88.199,2.6157,119.07429
FMISV2_0000179,STEEL|NA|SUP_ST_02,STEEL,NA,SUP_ST_02,2024-11-01,2024-10-01,121.8495,112.1516,101.8167,46.0944,62.486,24.828,88.491,2.2175,118.04724
FMISV2_0000180,STEEL|NA|SUP_ST_02,STEEL,NA,SUP_ST_02,2024-12-01,2024-11-01,119.2886,110.8493,102.2168,47.805,56.3391,18.87,89.492,2.3611,118.31389
FMISV2_0000181,STEEL|NA|SUP_ST_02,STEEL,NA,SUP_ST_02,2025-01-01,2024-12-01,122.7039,115.5027,105.4118,48.0898,50.8256,21.742,90.794,2.9262,118.21584
FMISV2_0000182,STEEL|NA|SUP_ST_02,STEEL,NA,SUP_ST_02,2025-02-01,2025-01-01,126.956,117.1364,105.9241,46.2308,40.1366,22.418,86.609,2.0305,120.23046
FMISV2_0000183,STEEL|NA|SUP_ST_02,STEEL,NA,SUP_ST_02,2025-03-01,2025-02-01,125.8724,113.8069,105.0237,46.5923,42.2164,20.337,84.995,2.8238,120.57793
FMISV2_0000184,STEEL|NA|SUP_ST_02,STEEL,NA,SUP_ST_02,2025-04-01,2025-03-01,125.8778,115.5665,107.663,47.5916,47.7817,25.922,88.38,2.2911,122.53437
FMISV2_0000185,STEEL|NA|SUP_ST_02,STEEL,NA,SUP_ST_02,2025-05-01,2025-04-01,130.4023,108.1206,107.5043,48.8451,34.3671,21.636,88.363,2.9184,124.02654
FMISV2_0000186,STEEL|NA|SUP_ST_02,STEEL,NA,SUP_ST_02,2025-06-01,2025-05-01,131.4832,108.1694,103.8152,47.773,28.9754,15.76,88.68,2.2645,125.78151
FMISV2_0000187,STEEL|NA|SUP_ST_02,STEEL,NA,SUP_ST_02,2025-07-01,2025-06-01,120.0944,108.2497,104.8728,49.3896,42.5897,21.286,90.673,2.8924,124.25156
FMISV2_0000188,STEEL|NA|SUP_ST_02,STEEL,NA,SUP_ST_02,2025-08-01,2025-07-01,125.0966,109.1851,103.6598,52.9039,39.7252,25.157,88.112,2.4644,123.20677
FMISV2_0000189,STEEL|NA|SUP_ST_02,STEEL,NA,SUP_ST_02,2025-09-01,2025-08-01,119.1498,102.1444,101.8386,51.1776,42.7608,18.055,88.843,2.4318,122.48806
FMISV2_0000190,STEEL|NA|SUP_ST_02,STEEL,NA,SUP_ST_02,2025-10-01,2025-09-01,121.2697,100.6346,102.6225,51.6835,48.0615,16.323,89.498,2.0487,120.5499
FMISV2_0000191,STEEL|NA|SUP_ST_02,STEEL,NA,SUP_ST_02,2025-11-01,2025-10-01,123.2357,110.9781,100.7594,53.3797,56.8966,22.277,89.927,2.8777,119.36987
FMISV2_0000192,STEEL|NA|SUP_ST_02,STEEL,NA,SUP_ST_02,2025-12-01,2025-11-01,126.6494,116.7064,102.4767,52.3006,43.2784,13.941,88.565,2.5216,120.97928
FMISV2_0000193,STEEL|NA|SUP_ST_03,STEEL,NA,SUP_ST_03,2018-01-01,2017-12-01,102.9351,106.2305,99.3236,48.6363,56.1335,27.283,96.002,1.0175,98.63289
FMISV2_0000194,STEEL|NA|SUP_ST_03,STEEL,NA,SUP_ST_03,2018-02-01,2018-01-01,104.463,102.7035,99.8184,50.9948,41.8915,30.99,94.804,1.4347,97.37177
FMISV2_0000195,STEEL|NA|SUP_ST_03,STEEL,NA,SUP_ST_03,2018-03-01,2018-02-01,104.2012,103.5918,101.2787,49.4252,54.977,24.064,98.55,1.4469,98.11352
FMISV2_0000196,STEEL|NA|SUP_ST_03,STEEL,NA,SUP_ST_03,2018-04-01,2018-03-01,105.138,103.5876,101.5298,51.3662,47.1506,29.98,95.399,1.2878,99.54707
FMISV2_0000197,STEEL|NA|SUP_ST_03,STEEL,NA,SUP_ST_03,2018-05-01,2018-04-01,108.9989,107.7421,102.2589,51.5444,44.6762,28.171,98.749,1.7724,99.7958
FMISV2_0000198,STEEL|NA|SUP_ST_03,STEEL,NA,SUP_ST_03,2018-06-01,2018-05-01,103.0247,89.8612,101.9385,51.4006,42.9213,33.222,95.166,1.2019,101.34531
FMISV2_0000199,STEEL|NA|SUP_ST_03,STEEL,NA,SUP_ST_03,2018-07-01,2018-06-01,101.6263,97.8658,100.3528,50.5753,34.2305,29.576,95.635,1.4478,98.83396
FMISV2_0000200,STEEL|NA|SUP_ST_03,STEEL,NA,SUP_ST_03,2018-08-01,2018-07-01,95.1124,98.4985,97.3627,50.5688,36.0903,25.079,95.778,1.7371,97.54074
FMISV2_0000201,STEEL|NA|SUP_ST_03,STEEL,NA,SUP_ST_03,2018-09-01,2018-08-01,100.7065,95.9444,100.4825,48.5661,40.7119,31.945,94.134,1.0768,97.31081
FMISV2_0000202,STEEL|NA|SUP_ST_03,STEEL,NA,SUP_ST_03,2018-10-01,2018-09-01,102.8332,96.9808,97.7396,48.9839,43.0843,28.905,96.027,1.1845,97.40541
FMISV2_0000203,STEEL|NA|SUP_ST_03,STEEL,NA,SUP_ST_03,2018-11-01,2018-10-01,94.31,101.6977,99.8586,48.472,52.8899,29.322,97.964,1.0925,96.19129
FMISV2_0000204,STEEL|NA|SUP_ST_03,STEEL,NA,SUP_ST_03,2018-12-01,2018-11-01,106.2305,103.9334,100.0393,46.8643,59.6302,32.027,94.472,1.8806,96.25473
FMISV2_0000205,STEEL|NA|SUP_ST_03,STEEL,NA,SUP_ST_03,2019-01-01,2018-12-01,104.4059,108.9392,103.4576,48.2305,39.572,27.588,96.787,1.8805,97.58465
FMISV2_0000206,STEEL|NA|SUP_ST_03,STEEL,NA,SUP_ST_03,2019-02-01,2019-01-01,104.8837,103.178,103.4221,46.8929,45.2941,28.479,94.906,1.6926,98.33588
FMISV2_0000207,STEEL|NA|SUP_ST_03,STEEL,NA,SUP_ST_03,2019-03-01,2019-02-01,109.3531,108.4711,102.9767,50.1918,48.6169,26.918,96.641,1.593,100.10592
FMISV2_0000208,STEEL|NA|SUP_ST_03,STEEL,NA,SUP_ST_03,2019-04-01,2019-03-01,109.7496,102.3998,106.5976,49.2565,41.3393,26.762,95.377,1.4389,101.62381
FMISV2_0000209,STEEL|NA|SUP_ST_03,STEEL,NA,SUP_ST_03,2019-05-01,2019-04-01,110.2095,106.756,102.679,49.2849,39.8617,26.994,95.138,1.1089,101.72414
FMISV2_0000210,STEEL|NA|SUP_ST_03,STEEL,NA,SUP_ST_03,2019-06-01,2019-05-01,108.2254,97.9224,103.5317,52.3753,47.4373,27.687,95.584,1.9369,102.16837
FMISV2_0000211,STEEL|NA|SUP_ST_03,STEEL,NA,SUP_ST_03,2019-07-01,2019-06-01,99.5688,94.3285,99.144,51.466,38.0408,27.182,97.147,1.5955,99.59071
FMISV2_0000212,STEEL|NA|SUP_ST_03,STEEL,NA,SUP_ST_03,2019-08-01,2019-07-01,103.3714,94.6544,100.0366,50.7377,39.4323,33.62,94.819,0.9844,98.43105
FMISV2_0000213,STEEL|NA|SUP_ST_03,STEEL,NA,SUP_ST_03,2019-09-01,2019-08-01,98.0391,93.4916,99.6486,54.667,57.5192,30.816,96.609,1.7046,98.97301
FMISV2_0000214,STEEL|NA|SUP_ST_03,STEEL,NA,SUP_ST_03,2019-10-01,2019-09-01,102.989,103.6798,98.6768,53.6604,61.5225,32.343,95.756,1.1121,99.71259
FMISV2_0000215,STEEL|NA|SUP_ST_03,STEEL,NA,SUP_ST_03,2019-11-01,2019-10-01,102.0679,106.9712,99.0941,50.0924,51.0232,21.63,96.617,2.1533,99.48805
FMISV2_0000216,STEEL|NA|SUP_ST_03,STEEL,NA,SUP_ST_03,2019-12-01,2019-11-01,102.9959,112.5474,99.9082,51.9865,47.8538,29.161,96.251,1.4594,100.52999
FMISV2_0000217,STEEL|NA|SUP_ST_03,STEEL,NA,SUP_ST_03,2020-01-01,2019-12-01,110.1435,110.9353,99.4657,53.376,48.3364,24.726,98.207,1.1138,102.17453
FMISV2_0000218,STEEL|NA|SUP_ST_03,STEEL,NA,SUP_ST_03,2020-02-01,2020-01-01,115.7955,113.3031,103.0646,53.1077,49.9563,29.432,96.99,1.5195,103.07912
FMISV2_0000219,STEEL|NA|SUP_ST_03,STEEL,NA,SUP_ST_03,2020-03-01,2020-02-01,109.2858,112.4017,103.1445,51.2515,54.1833,28.645,96.86,1.4079,104.36555
FMISV2_0000220,STEEL|NA|SUP_ST_03,STEEL,NA,SUP_ST_03,2020-04-01,2020-03-01,110.9579,102.4057,105.0515,48.2291,44.104,26.564,94.041,1.7427,111.70729
FMISV2_0000221,STEEL|NA|SUP_ST_03,STEEL,NA,SUP_ST_03,2020-05-01,2020-04-01,109.7981,104.8867,103.339,47.3081,33.3903,29.465,96.145,1.5714,108.52552
FMISV2_0000222,STEEL|NA|SUP_ST_03,STEEL,NA,SUP_ST_03,2020-06-01,2020-05-01,117.5258,97.4377,102.5369,49.9225,40.85,26.314,95.113,1.4711,107.42475
FMISV2_0000223,STEEL|NA|SUP_ST_03,STEEL,NA,SUP_ST_03,2020-07-01,2020-06-01,103.2119,105.1801,100.708,47.1907,36.2782,24.99,95.598,1.9759,106.89853
FMISV2_0000224,STEEL|NA|SUP_ST_03,STEEL,NA,SUP_ST_03,2020-08-01,2020-07-01,104.6328,101.2908,100.8711,45.8148,35.0467,25.611,95.291,1.7582,105.48928
FMISV2_0000225,STEEL|NA|SUP_ST_03,STEEL,NA,SUP_ST_03,2020-09-01,2020-08-01,104.6045,93.7309,98.217,45.0372,52.271,26.089,95.517,1.5623,104.54947
FMISV2_0000226,STEEL|NA|SUP_ST_03,STEEL,NA,SUP_ST_03,2020-10-01,2020-09-01,106.7902,105.8281,103.0407,50.1332,42.8674,25.274,95.68,1.0054,103.84538
FMISV2_0000227,STEEL|NA|SUP_ST_03,STEEL,NA,SUP_ST_03,2020-11-01,2020-10-01,103.5774,100.6185,99.5921,48.5166,49.1294,30.367,94.612,2.5251,106.05694
FMISV2_0000228,STEEL|NA|SUP_ST_03,STEEL,NA,SUP_ST_03,2020-12-01,2020-11-01,106.6203,106.4558,98.9005,49.6546,44.2504,28.786,95.493,2.4279,106.07166
FMISV2_0000229,STEEL|NA|SUP_ST_03,STEEL,NA,SUP_ST_03,2021-01-01,2020-12-01,109.3489,114.0991,102.2825,52.8361,53.2156,25.825,96.137,1.593,106.76943
FMISV2_0000230,STEEL|NA|SUP_ST_03,STEEL,NA,SUP_ST_03,2021-02-01,2021-01-01,115.0235,104.2425,100.4916,51.3815,58.0388,27.513,95.559,2.065,107.01654
FMISV2_0000231,STEEL|NA|SUP_ST_03,STEEL,NA,SUP_ST_03,2021-03-01,2021-02-01,111.9497,104.6707,103.8897,53.4874,39.5819,29.156,95.347,1.8159,106.23603
FMISV2_0000232,STEEL|NA|SUP_ST_03,STEEL,NA,SUP_ST_03,2021-04-01,2021-03-01,119.6959,108.6164,105.6705,53.3608,46.4441,26.579,98.041,1.9879,109.35761
FMISV2_0000233,STEEL|NA|SUP_ST_03,STEEL,NA,SUP_ST_03,2021-05-01,2021-04-01,112.7161,96.394,101.9368,53.6997,38.7841,27.972,94.876,2.0459,110.45853
FMISV2_0000234,STEEL|NA|SUP_ST_03,STEEL,NA,SUP_ST_03,2021-06-01,2021-05-01,115.5709,99.8472,105.5398,52.1906,35.5554,26.572,96.671,1.7637,110.53216
FMISV2_0000235,STEEL|NA|SUP_ST_03,STEEL,NA,SUP_ST_03,2021-07-01,2021-06-01,110.2152,96.8253,100.3527,51.9469,35.4923,25.157,95.699,1.7528,110.49479
FMISV2_0000236,STEEL|NA|SUP_ST_03,STEEL,NA,SUP_ST_03,2021-08-01,2021-07-01,110.1049,94.9334,100.3638,49.9846,35.6575,27.597,94.9,2.0643,107.50115
FMISV2_0000237,STEEL|NA|SUP_ST_03,STEEL,NA,SUP_ST_03,2021-09-01,2021-08-01,106.7397,107.617,98.4947,50.4862,41.908,29.614,95.314,1.6263,106.10198
FMISV2_0000238,STEEL|NA|SUP_ST_03,STEEL,NA,SUP_ST_03,2021-10-01,2021-09-01,110.6796,103.1365,99.5032,51.3607,42.8419,26.075,96.118,1.6924,111.06187
FMISV2_0000239,STEEL|NA|SUP_ST_03,STEEL,NA,SUP_ST_03,2021-11-01,2021-10-01,115.1356,105.9621,101.392,49.3118,54.4724,27.822,96.628,1.6995,113.408
FMISV2_0000240,STEEL|NA|SUP_ST_03,STEEL,NA,SUP_ST_03,2021-12-01,2021-11-01,111.337,105.5673,103.7195,46.4528,55.7673,34.623,94.528,1.8172,109.31816
FMISV2_0000241,STEEL|NA|SUP_ST_03,STEEL,NA,SUP_ST_03,2022-01-01,2021-12-01,112.1994,123.5805,106.4434,46.7115,48.5703,26.008,96.091,1.7676,109.17239
FMISV2_0000242,STEEL|NA|SUP_ST_03,STEEL,NA,SUP_ST_03,2022-02-01,2022-01-01,111.0395,108.0289,104.278,46.3247,53.8425,29.142,96.935,1.8867,109.29929
FMISV2_0000243,STEEL|NA|SUP_ST_03,STEEL,NA,SUP_ST_03,2022-03-01,2022-02-01,117.252,112.121,103.7636,47.844,46.8625,25.88,98.89,2.2749,116.12886
FMISV2_0000244,STEEL|NA|SUP_ST_03,STEEL,NA,SUP_ST_03,2022-04-01,2022-03-01,121.0944,101.5237,104.5969,48.0325,40.8477,29.018,95.796,1.7772,116.10153
FMISV2_0000245,STEEL|NA|SUP_ST_03,STEEL,NA,SUP_ST_03,2022-05-01,2022-04-01,114.3896,107.384,105.2855,46.61,52.7075,25.579,94.738,1.0693,114.21263
FMISV2_0000246,STEEL|NA|SUP_ST_03,STEEL,NA,SUP_ST_03,2022-06-01,2022-05-01,113.7828,101.4587,104.5863,46.9302,38.2018,26.243,95.891,1.839,114.25724
FMISV2_0000247,STEEL|NA|SUP_ST_03,STEEL,NA,SUP_ST_03,2022-07-01,2022-06-01,114.0836,102.0775,101.241,51.5686,39.4617,24.261,96.414,1.9138,113.04154
FMISV2_0000248,STEEL|NA|SUP_ST_03,STEEL,NA,SUP_ST_03,2022-08-01,2022-07-01,117.7614,102.1247,103.3902,51.5157,40.2741,29.459,96.399,2.1608,114.0682
FMISV2_0000249,STEEL|NA|SUP_ST_03,STEEL,NA,SUP_ST_03,2022-09-01,2022-08-01,107.0092,95.0342,100.1764,51.8277,40.9866,33.51,97.266,1.7077,111.67684
FMISV2_0000250,STEEL|NA|SUP_ST_03,STEEL,NA,SUP_ST_03,2022-10-01,2022-09-01,112.5549,103.18,100.6574,52.9565,42.8768,27.653,96.187,1.9508,112.3709
FMISV2_0000251,STEEL|NA|SUP_ST_03,STEEL,NA,SUP_ST_03,2022-11-01,2022-10-01,112.6264,100.6801,99.6333,52.7293,52.0187,30.437,98.444,2.7043,112.27997
FMISV2_0000252,STEEL|NA|SUP_ST_03,STEEL,NA,SUP_ST_03,2022-12-01,2022-11-01,119.7558,102.1387,98.8498,51.9272,57.4425,28.337,94.786,2.2745,110.59699
FMISV2_0000253,STEEL|NA|SUP_ST_03,STEEL,NA,SUP_ST_03,2023-01-01,2022-12-01,116.6644,108.2256,103.8109,49.7243,58.1623,26.956,95.905,2.3013,110.7064
FMISV2_0000254,STEEL|NA|SUP_ST_03,STEEL,NA,SUP_ST_03,2023-02-01,2023-01-01,118.8731,114.9764,104.9399,50.5961,47.0902,29.424,95.078,2.6156,112.87114
FMISV2_0000255,STEEL|NA|SUP_ST_03,STEEL,NA,SUP_ST_03,2023-03-01,2023-02-01,122.1048,112.1693,103.4597,49.2389,34.0285,29.628,95.693,1.759,115.76585
FMISV2_0000256,STEEL|NA|SUP_ST_03,STEEL,NA,SUP_ST_03,2023-04-01,2023-03-01,121.5099,111.6855,105.7675,51.7497,38.5977,29.296,95.687,2.0938,114.37649
FMISV2_0000257,STEEL|NA|SUP_ST_03,STEEL,NA,SUP_ST_03,2023-05-01,2023-04-01,120.5085,107.1975,102.8748,48.0522,43.8878,28.871,95.028,2.0069,114.76161
FMISV2_0000258,STEEL|NA|SUP_ST_03,STEEL,NA,SUP_ST_03,2023-06-01,2023-05-01,117.5433,107.3286,106.8239,46.8898,33.7447,27.021,95.736,2.6656,116.55391
FMISV2_0000259,STEEL|NA|SUP_ST_03,STEEL,NA,SUP_ST_03,2023-07-01,2023-06-01,120.1308,101.7859,106.0765,46.994,36.5958,26.56,96.167,2.0575,115.70953
FMISV2_0000260,STEEL|NA|SUP_ST_03,STEEL,NA,SUP_ST_03,2023-08-01,2023-07-01,116.5932,99.4298,101.2786,45.6769,45.0821,25.488,96.09,2.173,113.49721
FMISV2_0000261,STEEL|NA|SUP_ST_03,STEEL,NA,SUP_ST_03,2023-09-01,2023-08-01,119.9535,102.9296,100.0782,47.7256,48.7099,26.99,94.858,2.5213,111.6746
FMISV2_0000262,STEEL|NA|SUP_ST_03,STEEL,NA,SUP_ST_03,2023-10-01,2023-09-01,117.4428,107.1494,100.0853,48.2576,48.8767,33.322,95.325,1.7455,111.0058
FMISV2_0000263,STEEL|NA|SUP_ST_03,STEEL,NA,SUP_ST_03,2023-11-01,2023-10-01,116.1112,97.4167,101.0208,47.0184,50.484,27.319,95.603,2.1911,109.13795
FMISV2_0000264,STEEL|NA|SUP_ST_03,STEEL,NA,SUP_ST_03,2023-12-01,2023-11-01,116.4076,105.556,101.5558,49.4617,51.8451,28.519,97.648,2.6465,111.8192
FMISV2_0000265,STEEL|NA|SUP_ST_03,STEEL,NA,SUP_ST_03,2024-01-01,2023-12-01,117.4845,115.6111,101.105,50.6718,46.8861,27.662,94.127,2.3631,113.39791
FMISV2_0000266,STEEL|NA|SUP_ST_03,STEEL,NA,SUP_ST_03,2024-02-01,2024-01-01,117.8622,118.6903,103.5475,53.9543,49.0509,29.228,95.43,1.8992,116.29357
FMISV2_0000267,STEEL|NA|SUP_ST_03,STEEL,NA,SUP_ST_03,2024-03-01,2024-02-01,127.4457,115.9259,107.1442,51.2903,43.3594,29.582,96.713,2.5152,119.8347
FMISV2_0000268,STEEL|NA|SUP_ST_03,STEEL,NA,SUP_ST_03,2024-04-01,2024-03-01,128.731,115.0208,106.5432,52.6001,40.3482,22.453,97.109,2.9011,120.73676
FMISV2_0000269,STEEL|NA|SUP_ST_03,STEEL,NA,SUP_ST_03,2024-05-01,2024-04-01,124.2926,114.35,104.1772,54.2701,40.2109,27.066,96.83,2.4319,121.99248
FMISV2_0000270,STEEL|NA|SUP_ST_03,STEEL,NA,SUP_ST_03,2024-06-01,2024-05-01,119.1319,108.8524,104.8305,53.1257,30.6917,24.922,94.564,2.2236,121.05564
FMISV2_0000271,STEEL|NA|SUP_ST_03,STEEL,NA,SUP_ST_03,2024-07-01,2024-06-01,122.1279,102.1748,104.9138,53.1732,41.7271,25.676,95.167,1.8206,117.43703
FMISV2_0000272,STEEL|NA|SUP_ST_03,STEEL,NA,SUP_ST_03,2024-08-01,2024-07-01,121.4915,100.0442,100.4721,49.9254,43.1696,30.173,98.339,1.5877,120.63833
FMISV2_0000273,STEEL|NA|SUP_ST_03,STEEL,NA,SUP_ST_03,2024-09-01,2024-08-01,116.8088,106.9974,103.2221,51.7429,43.7449,30.832,96.2,2.2681,118.42628
FMISV2_0000274,STEEL|NA|SUP_ST_03,STEEL,NA,SUP_ST_03,2024-10-01,2024-09-01,120.5409,107.4528,99.548,50.1718,44.5531,28.611,97.507,2.2404,117.72723
FMISV2_0000275,STEEL|NA|SUP_ST_03,STEEL,NA,SUP_ST_03,2024-11-01,2024-10-01,121.8495,112.1516,101.6851,46.0944,62.486,25.146,98.22,3.3487,115.75695
FMISV2_0000276,STEEL|NA|SUP_ST_03,STEEL,NA,SUP_ST_03,2024-12-01,2024-11-01,119.2886,110.8493,101.934,47.805,56.3391,31.336,94.94,2.4901,117.18622
FMISV2_0000277,STEEL|NA|SUP_ST_03,STEEL,NA,SUP_ST_03,2025-01-01,2024-12-01,122.7039,115.5027,101.2678,48.0898,50.8256,28.388,97.758,2.5371,119.22725
FMISV2_0000278,STEEL|NA|SUP_ST_03,STEEL,NA,SUP_ST_03,2025-02-01,2025-01-01,126.956,117.1364,105.2532,46.2308,40.1366,28.099,94.985,2.9202,120.07074
FMISV2_0000279,STEEL|NA|SUP_ST_03,STEEL,NA,SUP_ST_03,2025-03-01,2025-02-01,125.8724,113.8069,106.8447,46.5923,42.2164,27.064,95.708,2.2942,120.82382
FMISV2_0000280,STEEL|NA|SUP_ST_03,STEEL,NA,SUP_ST_03,2025-04-01,2025-03-01,125.8778,115.5665,104.4579,47.5916,47.7817,30.473,96.569,2.9386,121.14016
FMISV2_0000281,STEEL|NA|SUP_ST_03,STEEL,NA,SUP_ST_03,2025-05-01,2025-04-01,130.4023,108.1206,104.538,48.8451,34.3671,28.875,95.322,2.6495,121.17193
FMISV2_0000282,STEEL|NA|SUP_ST_03,STEEL,NA,SUP_ST_03,2025-06-01,2025-05-01,131.4832,108.1694,107.6217,47.773,28.9754,29.146,97.934,2.6005,122.75316
FMISV2_0000283,STEEL|NA|SUP_ST_03,STEEL,NA,SUP_ST_03,2025-07-01,2025-06-01,120.0944,108.2497,105.8452,49.3896,42.5897,26.391,98.426,2.9414,122.64793
FMISV2_0000284,STEEL|NA|SUP_ST_03,STEEL,NA,SUP_ST_03,2025-08-01,2025-07-01,125.0966,109.1851,103.3257,52.9039,39.7252,26.923,96.243,1.8132,122.18046
FMISV2_0000285,STEEL|NA|SUP_ST_03,STEEL,NA,SUP_ST_03,2025-09-01,2025-08-01,119.1498,102.1444,100.672,51.1776,42.7608,30.662,96.836,2.4572,121.69553
FMISV2_0000286,STEEL|NA|SUP_ST_03,STEEL,NA,SUP_ST_03,2025-10-01,2025-09-01,121.2697,100.6346,104.3671,51.6835,48.0615,24.794,97.318,2.4952,122.79679
FMISV2_0000287,STEEL|NA|SUP_ST_03,STEEL,NA,SUP_ST_03,2025-11-01,2025-10-01,123.2357,110.9781,103.0558,53.3797,56.8966,29.655,96.405,2.9535,123.76775
FMISV2_0000288,STEEL|NA|SUP_ST_03,STEEL,NA,SUP_ST_03,2025-12-01,2025-11-01,126.6494,116.7064,103.2944,52.3006,43.2784,29.059,97.633,3.1007,126.37128
FMISV2_0000289,STEEL|EU|SUP_ST_01,STEEL,EU,SUP_ST_01,2018-01-01,2017-12-01,102.9351,106.2305,102.5546,48.6363,56.1335,21.691,90.856,1.1956,110.92317
FMISV2_0000290,STEEL|EU|SUP_ST_01,STEEL,EU,SUP_ST_01,2018-02-01,2018-01-01,104.463,102.7035,104.2795,50.9948,41.8915,20.026,92.203,1.4025,113.35843
FMISV2_0000291,STEEL|EU|SUP_ST_01,STEEL,EU,SUP_ST_01,2018-03-01,2018-02-01,104.2012,103.5918,102.7059,49.4252,54.977,22.134,92.783,1.2539,114.4639
FMISV2_0000292,STEEL|EU|SUP_ST_01,STEEL,EU,SUP_ST_01,2018-04-01,2018-03-01,105.138,103.5876,104.2236,51.3662,47.1506,22.476,91.883,1.6299,116.17797
FMISV2_0000293,STEEL|EU|SUP_ST_01,STEEL,EU,SUP_ST_01,2018-05-01,2018-04-01,108.9989,107.7421,106.4301,51.5444,44.6762,26.023,92.856,1.5405,117.42572
FMISV2_0000294,STEEL|EU|SUP_ST_01,STEEL,EU,SUP_ST_01,2018-06-01,2018-05-01,103.0247,89.8612,104.7219,51.4006,42.9213,19.634,92.119,1.0039,116.73853
FMISV2_0000295,STEEL|EU|SUP_ST_01,STEEL,EU,SUP_ST_01,2018-07-01,2018-06-01,101.6263,97.8658,101.4231,50.5753,34.2305,18.536,91.335,1.0652,116.17828
FMISV2_0000296,STEEL|EU|SUP_ST_01,STEEL,EU,SUP_ST_01,2018-08-01,2018-07-01,95.1124,98.4985,104.3284,50.5688,36.0903,25.721,92.681,1.4492,116.16176
FMISV2_0000297,STEEL|EU|SUP_ST_01,STEEL,EU,SUP_ST_01,2018-09-01,2018-08-01,100.7065,95.9444,101.2934,48.5661,40.7119,25.312,94.183,1.0695,114.39455
FMISV2_0000298,STEEL|EU|SUP_ST_01,STEEL,EU,SUP_ST_01,2018-10-01,2018-09-01,102.8332,96.9808,100.0732,48.9839,43.0843,22.932,92.726,1.4192,113.10749
FMISV2_0000299,STEEL|EU|SUP_ST_01,STEEL,EU,SUP_ST_01,2018-11-01,2018-10-01,94.31,101.6977,101.7039,48.472,52.8899,29.542,92.629,1.0594,111.72563
FMISV2_0000300,STEEL|EU|SUP_ST_01,STEEL,EU,SUP_ST_01,2018-12-01,2018-11-01,106.2305,103.9334,105.7986,46.8643,59.6302,23.587,94.515,1.2501,109.67288
FMISV2_0000301,STEEL|EU|SUP_ST_01,STEEL,EU,SUP_ST_01,2019-01-01,2018-12-01,104.4059,108.9392,106.4326,48.2305,39.572,29.475,93.912,0.8757,110.97296
FMISV2_0000302,STEEL|EU|SUP_ST_01,STEEL,EU,SUP_ST_01,2019-02-01,2019-01-01,104.8837,103.178,103.2697,46.8929,45.2941,23.043,92.745,1.3762,114.28802
FMISV2_0000303,STEEL|EU|SUP_ST_01,STEEL,EU,SUP_ST_01,2019-03-01,2019-02-01,109.3531,108.4711,108.0516,50.1918,48.6169,23.08,93.433,1.0019,115.90622
FMISV2_0000304,STEEL|EU|SUP_ST_01,STEEL,EU,SUP_ST_01,2019-04-01,2019-03-01,109.7496,102.3998,106.1632,49.2565,41.3393,25.37,94.205,1.9777,116.04053
FMISV2_0000305,STEEL|EU|SUP_ST_01,STEEL,EU,SUP_ST_01,2019-05-01,2019-04-01,110.2095,106.756,107.5246,49.2849,39.8617,27.534,92.746,1.2344,116.08092
FMISV2_0000306,STEEL|EU|SUP_ST_01,STEEL,EU,SUP_ST_01,2019-06-01,2019-05-01,108.2254,97.9224,103.5286,52.3753,47.4373,25.549,92.81,1.5083,116.08764
FMISV2_0000307,STEEL|EU|SUP_ST_01,STEEL,EU,SUP_ST_01,2019-07-01,2019-06-01,99.5688,94.3285,99.6222,51.466,38.0408,21.901,93.447,1.2677,114.9925
FMISV2_0000308,STEEL|EU|SUP_ST_01,STEEL,EU,SUP_ST_01,2019-08-01,2019-07-01,103.3714,94.6544,104.4495,50.7377,39.4323,26.31,92.304,1.4438,114.5976
FMISV2_0000309,STEEL|EU|SUP_ST_01,STEEL,EU,SUP_ST_01,2019-09-01,2019-08-01,98.0391,93.4916,103.3759,54.667,57.5192,24.931,91.579,1.4309,115.94042
FMISV2_0000310,STEEL|EU|SUP_ST_01,STEEL,EU,SUP_ST_01,2019-10-01,2019-09-01,102.989,103.6798,99.7616,53.6604,61.5225,24.948,91.037,0.9942,114.1283
FMISV2_0000311,STEEL|EU|SUP_ST_01,STEEL,EU,SUP_ST_01,2019-11-01,2019-10-01,102.0679,106.9712,103.5137,50.0924,51.0232,28.583,94.031,1.24,113.78288
FMISV2_0000312,STEEL|EU|SUP_ST_01,STEEL,EU,SUP_ST_01,2019-12-01,2019-11-01,102.9959,112.5474,103.9256,51.9865,47.8538,23.923,93.515,1.8471,114.73588
FMISV2_0000313,STEEL|EU|SUP_ST_01,STEEL,EU,SUP_ST_01,2020-01-01,2019-12-01,110.1435,110.9353,102.5949,53.376,48.3364,25.995,93.818,1.599,114.98532
FMISV2_0000314,STEEL|EU|SUP_ST_01,STEEL,EU,SUP_ST_01,2020-02-01,2020-01-01,115.7955,113.3031,104.094,53.1077,49.9563,21.941,93.087,1.6598,116.51154
FMISV2_0000315,STEEL|EU|SUP_ST_01,STEEL,EU,SUP_ST_01,2020-03-01,2020-02-01,109.2858,112.4017,104.4118,51.2515,54.1833,22.314,94.301,1.4632,119.06102
FMISV2_0000316,STEEL|EU|SUP_ST_01,STEEL,EU,SUP_ST_01,2020-04-01,2020-03-01,110.9579,102.4057,106.7055,48.2291,44.104,24.401,93.826,1.7489,126.17581
FMISV2_0000317,STEEL|EU|SUP_ST_01,STEEL,EU,SUP_ST_01,2020-05-01,2020-04-01,109.7981,104.8867,107.0738,47.3081,33.3903,26.112,96.216,1.4376,123.30912
FMISV2_0000318,STEEL|EU|SUP_ST_01,STEEL,EU,SUP_ST_01,2020-06-01,2020-05-01,117.5258,97.4377,104.9158,49.9225,40.85,22.868,92.852,1.5644,121.93784
FMISV2_0000319,STEEL|EU|SUP_ST_01,STEEL,EU,SUP_ST_01,2020-07-01,2020-06-01,103.2119,105.1801,102.4646,47.1907,36.2782,23.161,92.23,1.9291,121.77548
FMISV2_0000320,STEEL|EU|SUP_ST_01,STEEL,EU,SUP_ST_01,2020-08-01,2020-07-01,104.6328,101.2908,102.763,45.8148,35.0467,19.33,92.929,1.6056,119.63813
FMISV2_0000321,STEEL|EU|SUP_ST_01,STEEL,EU,SUP_ST_01,2020-09-01,2020-08-01,104.6045,93.7309,104.6087,45.0372,52.271,27.324,93.258,2.2914,116.19008
FMISV2_0000322,STEEL|EU|SUP_ST_01,STEEL,EU,SUP_ST_01,2020-10-01,2020-09-01,106.7902,105.8281,103.0482,50.1332,42.8674,19.321,93.953,0.9942,115.7841
FMISV2_0000323,STEEL|EU|SUP_ST_01,STEEL,EU,SUP_ST_01,2020-11-01,2020-10-01,103.5774,100.6185,101.4151,48.5166,49.1294,26.944,94.084,1.5623,115.74249
FMISV2_0000324,STEEL|EU|SUP_ST_01,STEEL,EU,SUP_ST_01,2020-12-01,2020-11-01,106.6203,106.4558,104.5515,49.6546,44.2504,22.543,94.198,1.7422,114.65329
FMISV2_0000325,STEEL|EU|SUP_ST_01,STEEL,EU,SUP_ST_01,2021-01-01,2020-12-01,109.3489,114.0991,105.7608,52.8361,53.2156,26.701,93.31,1.1189,116.43032
FMISV2_0000326,STEEL|EU|SUP_ST_01,STEEL,EU,SUP_ST_01,2021-02-01,2021-01-01,115.0235,104.2425,107.5502,51.3815,58.0388,29.21,94.333,2.0833,121.55274
FMISV2_0000327,STEEL|EU|SUP_ST_01,STEEL,EU,SUP_ST_01,2021-03-01,2021-02-01,111.9497,104.6707,104.7787,53.4874,39.5819,25.635,91.761,1.2463,120.11907
FMISV2_0000328,STEEL|EU|SUP_ST_01,STEEL,EU,SUP_ST_01,2021-04-01,2021-03-01,119.6959,108.6164,107.5595,53.3608,46.4441,24.301,93.581,1.7535,122.71766
FMISV2_0000329,STEEL|EU|SUP_ST_01,STEEL,EU,SUP_ST_01,2021-05-01,2021-04-01,112.7161,96.394,105.0792,53.6997,38.7841,20.072,93.162,1.5428,124.79145
FMISV2_0000330,STEEL|EU|SUP_ST_01,STEEL,EU,SUP_ST_01,2021-06-01,2021-05-01,115.5709,99.8472,106.0921,52.1906,35.5554,20.855,92.077,1.8086,124.60314
FMISV2_0000331,STEEL|EU|SUP_ST_01,STEEL,EU,SUP_ST_01,2021-07-01,2021-06-01,110.2152,96.8253,104.199,51.9469,35.4923,22.777,93.583,1.5591,121.77644
FMISV2_0000332,STEEL|EU|SUP_ST_01,STEEL,EU,SUP_ST_01,2021-08-01,2021-07-01,110.1049,94.9334,103.195,49.9846,35.6575,26.697,93.821,2.0402,121.21936
FMISV2_0000333,STEEL|EU|SUP_ST_01,STEEL,EU,SUP_ST_01,2021-09-01,2021-08-01,106.7397,107.617,104.5986,50.4862,41.908,24.616,90.001,2.2939,120.782
FMISV2_0000334,STEEL|EU|SUP_ST_01,STEEL,EU,SUP_ST_01,2021-10-01,2021-09-01,110.6796,103.1365,102.8909,51.3607,42.8419,23.799,93.242,2.0463,125.39628
FMISV2_0000335,STEEL|EU|SUP_ST_01,STEEL,EU,SUP_ST_01,2021-11-01,2021-10-01,115.1356,105.9621,105.1018,49.3118,54.4724,29.167,93.439,1.9465,125.42023
FMISV2_0000336,STEEL|EU|SUP_ST_01,STEEL,EU,SUP_ST_01,2021-12-01,2021-11-01,111.337,105.5673,106.0457,46.4528,55.7673,26.892,93.057,1.5538,123.60471
FMISV2_0000337,STEEL|EU|SUP_ST_01,STEEL,EU,SUP_ST_01,2022-01-01,2021-12-01,112.1994,123.5805,105.9257,46.7115,48.5703,22.481,91.652,1.7665,121.3714
FMISV2_0000338,STEEL|EU|SUP_ST_01,STEEL,EU,SUP_ST_01,2022-02-01,2022-01-01,111.0395,108.0289,107.0934,46.3247,53.8425,22.155,93.745,1.9125,122.65829
FMISV2_0000339,STEEL|EU|SUP_ST_01,STEEL,EU,SUP_ST_01,2022-03-01,2022-02-01,117.252,112.121,106.869,47.844,46.8625,26.359,92.015,1.9077,129.72857
FMISV2_0000340,STEEL|EU|SUP_ST_01,STEEL,EU,SUP_ST_01,2022-04-01,2022-03-01,121.0944,101.5237,105.5305,48.0325,40.8477,25.574,92.473,1.2434,128.05879
FMISV2_0000341,STEEL|EU|SUP_ST_01,STEEL,EU,SUP_ST_01,2022-05-01,2022-04-01,114.3896,107.384,107.0724,46.61,52.7075,23.195,92.932,1.8146,127.71877
FMISV2_0000342,STEEL|EU|SUP_ST_01,STEEL,EU,SUP_ST_01,2022-06-01,2022-05-01,113.7828,101.4587,106.6436,46.9302,38.2018,27.654,90.993,3.4496,127.90563
FMISV2_0000343,STEEL|EU|SUP_ST_01,STEEL,EU,SUP_ST_01,2022-07-01,2022-06-01,114.0836,102.0775,105.7191,51.5686,39.4617,22.766,93.649,1.9615,127.15898
FMISV2_0000344,STEEL|EU|SUP_ST_01,STEEL,EU,SUP_ST_01,2022-08-01,2022-07-01,117.7614,102.1247,103.9615,51.5157,40.2741,24.346,94.136,2.4097,124.38012
FMISV2_0000345,STEEL|EU|SUP_ST_01,STEEL,EU,SUP_ST_01,2022-09-01,2022-08-01,107.0092,95.0342,106.9035,51.8277,40.9866,22.139,94.614,1.6363,123.41156
FMISV2_0000346,STEEL|EU|SUP_ST_01,STEEL,EU,SUP_ST_01,2022-10-01,2022-09-01,112.5549,103.18,104.42,52.9565,42.8768,23.978,94.401,1.4391,122.74578
FMISV2_0000347,STEEL|EU|SUP_ST_01,STEEL,EU,SUP_ST_01,2022-11-01,2022-10-01,112.6264,100.6801,100.5027,52.7293,52.0187,23.187,94.677,2.2033,122.37899
FMISV2_0000348,STEEL|EU|SUP_ST_01,STEEL,EU,SUP_ST_01,2022-12-01,2022-11-01,119.7558,102.1387,106.272,51.9272,57.4425,27.127,91.41,2.6135,123.36509
FMISV2_0000349,STEEL|EU|SUP_ST_01,STEEL,EU,SUP_ST_01,2023-01-01,2022-12-01,116.6644,108.2256,106.6971,49.7243,58.1623,27.041,89.615,2.3992,123.96622
FMISV2_0000350,STEEL|EU|SUP_ST_01,STEEL,EU,SUP_ST_01,2023-02-01,2023-01-01,118.8731,114.9764,107.5946,50.5961,47.0902,25.138,90.234,2.2251,127.51119
FMISV2_0000351,STEEL|EU|SUP_ST_01,STEEL,EU,SUP_ST_01,2023-03-01,2023-02-01,122.1048,112.1693,108.4167,49.2389,34.0285,26.216,95.02,2.1821,126.5268
FMISV2_0000352,STEEL|EU|SUP_ST_01,STEEL,EU,SUP_ST_01,2023-04-01,2023-03-01,121.5099,111.6855,107.3446,51.7497,38.5977,22.56,91.453,1.5219,126.50613
FMISV2_0000353,STEEL|EU|SUP_ST_01,STEEL,EU,SUP_ST_01,2023-05-01,2023-04-01,120.5085,107.1975,109.4013,48.0522,43.8878,22.531,94.034,1.8113,126.69105
FMISV2_0000354,STEEL|EU|SUP_ST_01,STEEL,EU,SUP_ST_01,2023-06-01,2023-05-01,117.5433,107.3286,107.2141,46.8898,33.7447,21.829,91.2,2.464,126.65146
FMISV2_0000355,STEEL|EU|SUP_ST_01,STEEL,EU,SUP_ST_01,2023-07-01,2023-06-01,120.1308,101.7859,104.2529,46.994,36.5958,24.62,91.095,2.2759,128.91862
FMISV2_0000356,STEEL|EU|SUP_ST_01,STEEL,EU,SUP_ST_01,2023-08-01,2023-07-01,116.5932,99.4298,105.8751,45.6769,45.0821,23.687,93.921,2.3028,126.49004
FMISV2_0000357,STEEL|EU|SUP_ST_01,STEEL,EU,SUP_ST_01,2023-09-01,2023-08-01,119.9535,102.9296,107.6103,47.7256,48.7099,24.801,93.302,2.1166,125.54754
FMISV2_0000358,STEEL|EU|SUP_ST_01,STEEL,EU,SUP_ST_01,2023-10-01,2023-09-01,117.4428,107.1494,105.5809,48.2576,48.8767,22.753,93.964,1.9653,124.95882
FMISV2_0000359,STEEL|EU|SUP_ST_01,STEEL,EU,SUP_ST_01,2023-11-01,2023-10-01,116.1112,97.4167,105.5962,47.0184,50.484,22.424,91.217,2.1405,124.48656
FMISV2_0000360,STEEL|EU|SUP_ST_01,STEEL,EU,SUP_ST_01,2023-12-01,2023-11-01,116.4076,105.556,106.0797,49.4617,51.8451,27.441,94.198,2.5471,126.59538
FMISV2_0000361,STEEL|EU|SUP_ST_01,STEEL,EU,SUP_ST_01,2024-01-01,2023-12-01,117.4845,115.6111,105.1495,50.6718,46.8861,22.253,93.693,2.7335,130.26576
FMISV2_0000362,STEEL|EU|SUP_ST_01,STEEL,EU,SUP_ST_01,2024-02-01,2024-01-01,117.8622,118.6903,110.0787,53.9543,49.0509,25.822,93.338,2.4556,133.24439
FMISV2_0000363,STEEL|EU|SUP_ST_01,STEEL,EU,SUP_ST_01,2024-03-01,2024-02-01,127.4457,115.9259,108.9946,51.2903,43.3594,26.27,93.002,2.2835,129.94115
FMISV2_0000364,STEEL|EU|SUP_ST_01,STEEL,EU,SUP_ST_01,2024-04-01,2024-03-01,128.731,115.0208,110.8552,52.6001,40.3482,23.6,91.562,2.9076,132.80505
FMISV2_0000365,STEEL|EU|SUP_ST_01,STEEL,EU,SUP_ST_01,2024-05-01,2024-04-01,124.2926,114.35,108.7242,54.2701,40.2109,20.171,93.273,2.38,133.87809
FMISV2_0000366,STEEL|EU|SUP_ST_01,STEEL,EU,SUP_ST_01,2024-06-01,2024-05-01,119.1319,108.8524,109.7337,53.1257,30.6917,23.154,93.547,2.5495,134.65575
FMISV2_0000367,STEEL|EU|SUP_ST_01,STEEL,EU,SUP_ST_01,2024-07-01,2024-06-01,122.1279,102.1748,104.3806,53.1732,41.7271,22.881,91.949,1.994,132.03226
FMISV2_0000368,STEEL|EU|SUP_ST_01,STEEL,EU,SUP_ST_01,2024-08-01,2024-07-01,121.4915,100.0442,105.1457,49.9254,43.1696,25.014,92.204,2.3018,130.47994
FMISV2_0000369,STEEL|EU|SUP_ST_01,STEEL,EU,SUP_ST_01,2024-09-01,2024-08-01,116.8088,106.9974,108.6424,51.7429,43.7449,19.129,93.474,2.3318,130.56001
FMISV2_0000370,STEEL|EU|SUP_ST_01,STEEL,EU,SUP_ST_01,2024-10-01,2024-09-01,120.5409,107.4528,105.807,50.1718,44.5531,26.971,91.842,3.2437,130.97986
FMISV2_0000371,STEEL|EU|SUP_ST_01,STEEL,EU,SUP_ST_01,2024-11-01,2024-10-01,121.8495,112.1516,107.1684,46.0944,62.486,27.018,93.585,2.4644,130.33687
FMISV2_0000372,STEEL|EU|SUP_ST_01,STEEL,EU,SUP_ST_01,2024-12-01,2024-11-01,119.2886,110.8493,104.6716,47.805,56.3391,25.722,93.193,3.0939,132.01104
FMISV2_0000373,STEEL|EU|SUP_ST_01,STEEL,EU,SUP_ST_01,2025-01-01,2024-12-01,122.7039,115.5027,107.0501,48.0898,50.8256,22.386,93.953,2.3957,133.73964
FMISV2_0000374,STEEL|EU|SUP_ST_01,STEEL,EU,SUP_ST_01,2025-02-01,2025-01-01,126.956,117.1364,109.923,46.2308,40.1366,17.853,91.959,2.3214,135.47202
FMISV2_0000375,STEEL|EU|SUP_ST_01,STEEL,EU,SUP_ST_01,2025-03-01,2025-02-01,125.8724,113.8069,110.8781,46.5923,42.2164,23.357,91.834,2.9506,135.69339
FMISV2_0000376,STEEL|EU|SUP_ST_01,STEEL,EU,SUP_ST_01,2025-04-01,2025-03-01,125.8778,115.5665,109.0459,47.5916,47.7817,26.845,94.749,2.2873,135.18933
FMISV2_0000377,STEEL|EU|SUP_ST_01,STEEL,EU,SUP_ST_01,2025-05-01,2025-04-01,130.4023,108.1206,109.5829,48.8451,34.3671,24.764,92.939,2.3111,135.92126
FMISV2_0000378,STEEL|EU|SUP_ST_01,STEEL,EU,SUP_ST_01,2025-06-01,2025-05-01,131.4832,108.1694,108.9684,47.773,28.9754,25.586,93.144,3.025,136.07401
FMISV2_0000379,STEEL|EU|SUP_ST_01,STEEL,EU,SUP_ST_01,2025-07-01,2025-06-01,120.0944,108.2497,107.3937,49.3896,42.5897,26.308,90.165,2.3125,135.94145
FMISV2_0000380,STEEL|EU|SUP_ST_01,STEEL,EU,SUP_ST_01,2025-08-01,2025-07-01,125.0966,109.1851,106.0783,52.9039,39.7252,26.637,92.958,2.6625,135.50873
FMISV2_0000381,STEEL|EU|SUP_ST_01,STEEL,EU,SUP_ST_01,2025-09-01,2025-08-01,119.1498,102.1444,105.3055,51.1776,42.7608,23.624,93.302,2.5966,133.64153
FMISV2_0000382,STEEL|EU|SUP_ST_01,STEEL,EU,SUP_ST_01,2025-10-01,2025-09-01,121.2697,100.6346,105.1094,51.6835,48.0615,19.956,95.449,2.2391,134.729
FMISV2_0000383,STEEL|EU|SUP_ST_01,STEEL,EU,SUP_ST_01,2025-11-01,2025-10-01,123.2357,110.9781,105.0764,53.3797,56.8966,22.823,93.186,2.0339,135.24316
FMISV2_0000384,STEEL|EU|SUP_ST_01,STEEL,EU,SUP_ST_01,2025-12-01,2025-11-01,126.6494,116.7064,106.7584,52.3006,43.2784,25.932,92.824,2.6702,134.25736
FMISV2_0000385,STEEL|EU|SUP_ST_02,STEEL,EU,SUP_ST_02,2018-01-01,2017-12-01,102.9351,106.2305,106.1125,48.6363,56.1335,20.65,89.064,1.7049,103.57423
FMISV2_0000386,STEEL|EU|SUP_ST_02,STEEL,EU,SUP_ST_02,2018-02-01,2018-01-01,104.463,102.7035,105.5604,50.9948,41.8915,21.333,86.567,0.8758,103.94958
FMISV2_0000387,STEEL|EU|SUP_ST_02,STEEL,EU,SUP_ST_02,2018-03-01,2018-02-01,104.2012,103.5918,106.4081,49.4252,54.977,22.783,91.717,1.1164,104.87779
FMISV2_0000388,STEEL|EU|SUP_ST_02,STEEL,EU,SUP_ST_02,2018-04-01,2018-03-01,105.138,103.5876,101.8143,51.3662,47.1506,19.702,89.952,1.5702,104.92639
FMISV2_0000389,STEEL|EU|SUP_ST_02,STEEL,EU,SUP_ST_02,2018-05-01,2018-04-01,108.9989,107.7421,104.8601,51.5444,44.6762,22.197,89.947,1.4591,105.37015
FMISV2_0000390,STEEL|EU|SUP_ST_02,STEEL,EU,SUP_ST_02,2018-06-01,2018-05-01,103.0247,89.8612,102.4161,51.4006,42.9213,18.496,89.407,1.4375,106.34493
FMISV2_0000391,STEEL|EU|SUP_ST_02,STEEL,EU,SUP_ST_02,2018-07-01,2018-06-01,101.6263,97.8658,101.9858,50.5753,34.2305,25.593,90.817,1.3418,107.04327
FMISV2_0000392,STEEL|EU|SUP_ST_02,STEEL,EU,SUP_ST_02,2018-08-01,2018-07-01,95.1124,98.4985,102.1312,50.5688,36.0903,21.254,89.84,1.7561,105.13037
FMISV2_0000393,STEEL|EU|SUP_ST_02,STEEL,EU,SUP_ST_02,2018-09-01,2018-08-01,100.7065,95.9444,102.4512,48.5661,40.7119,21.432,85.511,0.799,103.23363
FMISV2_0000394,STEEL|EU|SUP_ST_02,STEEL,EU,SUP_ST_02,2018-10-01,2018-09-01,102.8332,96.9808,100.533,48.9839,43.0843,26.591,87.431,0.8481,102.89886
FMISV2_0000395,STEEL|EU|SUP_ST_02,STEEL,EU,SUP_ST_02,2018-11-01,2018-10-01,94.31,101.6977,102.7474,48.472,52.8899,21.379,87.549,0.9099,100.60826
FMISV2_0000396,STEEL|EU|SUP_ST_02,STEEL,EU,SUP_ST_02,2018-12-01,2018-11-01,106.2305,103.9334,107.2344,46.8643,59.6302,22.972,89.933,1.1962,103.60327
FMISV2_0000397,STEEL|EU|SUP_ST_02,STEEL,EU,SUP_ST_02,2019-01-01,2018-12-01,104.4059,108.9392,104.7867,48.2305,39.572,22.261,88.997,1.986,104.61526
FMISV2_0000398,STEEL|EU|SUP_ST_02,STEEL,EU,SUP_ST_02,2019-02-01,2019-01-01,104.8837,103.178,105.639,46.8929,45.2941,21.298,89.289,0.8865,104.07858
FMISV2_0000399,STEEL|EU|SUP_ST_02,STEEL,EU,SUP_ST_02,2019-03-01,2019-02-01,109.3531,108.4711,103.9816,50.1918,48.6169,23.523,88.039,1.2739,104.97835
FMISV2_0000400,STEEL|EU|SUP_ST_02,STEEL,EU,SUP_ST_02,2019-04-01,2019-03-01,109.7496,102.3998,106.9724,49.2565,41.3393,18.669,87.995,1.4771,105.24677
FMISV2_0000401,STEEL|EU|SUP_ST_02,STEEL,EU,SUP_ST_02,2019-05-01,2019-04-01,110.2095,106.756,104.0784,49.2849,39.8617,19.411,88.189,0.9597,106.60453
FMISV2_0000402,STEEL|EU|SUP_ST_02,STEEL,EU,SUP_ST_02,2019-06-01,2019-05-01,108.2254,97.9224,104.4878,52.3753,47.4373,21.536,87.803,1.8819,106.10332
FMISV2_0000403,STEEL|EU|SUP_ST_02,STEEL,EU,SUP_ST_02,2019-07-01,2019-06-01,99.5688,94.3285,101.5457,51.466,38.0408,21.213,87.409,1.84,106.95092
FMISV2_0000404,STEEL|EU|SUP_ST_02,STEEL,EU,SUP_ST_02,2019-08-01,2019-07-01,103.3714,94.6544,102.865,50.7377,39.4323,20.671,87.506,1.442,106.23192
FMISV2_0000405,STEEL|EU|SUP_ST_02,STEEL,EU,SUP_ST_02,2019-09-01,2019-08-01,98.0391,93.4916,101.9805,54.667,57.5192,22.582,88.007,1.0903,105.39543
FMISV2_0000406,STEEL|EU|SUP_ST_02,STEEL,EU,SUP_ST_02,2019-10-01,2019-09-01,102.989,103.6798,104.042,53.6604,61.5225,24.098,88.883,1.8129,106.98767
FMISV2_0000407,STEEL|EU|SUP_ST_02,STEEL,EU,SUP_ST_02,2019-11-01,2019-10-01,102.0679,106.9712,102.0226,50.0924,51.0232,25.854,89.008,1.1375,106.97214
FMISV2_0000408,STEEL|EU|SUP_ST_02,STEEL,EU,SUP_ST_02,2019-12-01,2019-11-01,102.9959,112.5474,100.9032,51.9865,47.8538,22.895,89.539,1.4146,108.27079
FMISV2_0000409,STEEL|EU|SUP_ST_02,STEEL,EU,SUP_ST_02,2020-01-01,2019-12-01,110.1435,110.9353,107.4505,53.376,48.3364,24.455,89.93,1.4188,109.42405
FMISV2_0000410,STEEL|EU|SUP_ST_02,STEEL,EU,SUP_ST_02,2020-02-01,2020-01-01,115.7955,113.3031,102.5648,53.1077,49.9563,23.22,89.474,1.0681,110.8111
FMISV2_0000411,STEEL|EU|SUP_ST_02,STEEL,EU,SUP_ST_02,2020-03-01,2020-02-01,109.2858,112.4017,107.5157,51.2515,54.1833,22.258,90.489,1.4062,111.95931
FMISV2_0000412,STEEL|EU|SUP_ST_02,STEEL,EU,SUP_ST_02,2020-04-01,2020-03-01,110.9579,102.4057,106.3176,48.2291,44.104,23.384,88.081,1.4298,119.8701
FMISV2_0000413,STEEL|EU|SUP_ST_02,STEEL,EU,SUP_ST_02,2020-05-01,2020-04-01,109.7981,104.8867,106.9837,47.3081,33.3903,18.166,86.903,1.5907,115.90513
FMISV2_0000414,STEEL|EU|SUP_ST_02,STEEL,EU,SUP_ST_02,2020-06-01,2020-05-01,117.5258,97.4377,104.5359,49.9225,40.85,23.86,87.702,2.1354,115.18312
FMISV2_0000415,STEEL|EU|SUP_ST_02,STEEL,EU,SUP_ST_02,2020-07-01,2020-06-01,103.2119,105.1801,102.6507,47.1907,36.2782,17.435,86.152,1.6661,114.40947
FMISV2_0000416,STEEL|EU|SUP_ST_02,STEEL,EU,SUP_ST_02,2020-08-01,2020-07-01,104.6328,101.2908,103.1977,45.8148,35.0467,16.487,87.805,1.452,113.28627
FMISV2_0000417,STEEL|EU|SUP_ST_02,STEEL,EU,SUP_ST_02,2020-09-01,2020-08-01,104.6045,93.7309,101.8898,45.0372,52.271,21.909,89.535,1.4031,108.98646
FMISV2_0000418,STEEL|EU|SUP_ST_02,STEEL,EU,SUP_ST_02,2020-10-01,2020-09-01,106.7902,105.8281,102.0224,50.1332,42.8674,23.838,89.377,1.2786,109.07359
FMISV2_0000419,STEEL|EU|SUP_ST_02,STEEL,EU,SUP_ST_02,2020-11-01,2020-10-01,103.5774,100.6185,103.5731,48.5166,49.1294,27.767,89.242,1.2774,107.3059
FMISV2_0000420,STEEL|EU|SUP_ST_02,STEEL,EU,SUP_ST_02,2020-12-01,2020-11-01,106.6203,106.4558,104.3884,49.6546,44.2504,25.635,88.223,2.1054,109.66466
FMISV2_0000421,STEEL|EU|SUP_ST_02,STEEL,EU,SUP_ST_02,2021-01-01,2020-12-01,109.3489,114.0991,106.2312,52.8361,53.2156,17.44,89.078,1.8558,112.25741
FMISV2_0000422,STEEL|EU|SUP_ST_02,STEEL,EU,SUP_ST_02,2021-02-01,2021-01-01,115.0235,104.2425,108.6211,51.3815,58.0388,23.375,87.797,1.8214,112.5213
FMISV2_0000423,STEEL|EU|SUP_ST_02,STEEL,EU,SUP_ST_02,2021-03-01,2021-02-01,111.9497,104.6707,103.4924,53.4874,39.5819,25.432,86.419,1.2747,113.50977
FMISV2_0000424,STEEL|EU|SUP_ST_02,STEEL,EU,SUP_ST_02,2021-04-01,2021-03-01,119.6959,108.6164,109.929,53.3608,46.4441,23.16,88.806,1.5685,115.21302
FMISV2_0000425,STEEL|EU|SUP_ST_02,STEEL,EU,SUP_ST_02,2021-05-01,2021-04-01,112.7161,96.394,106.3682,53.6997,38.7841,24.621,88.809,1.7692,114.31369
FMISV2_0000426,STEEL|EU|SUP_ST_02,STEEL,EU,SUP_ST_02,2021-06-01,2021-05-01,115.5709,99.8472,104.1363,52.1906,35.5554,24.401,87.362,1.6171,113.87142
FMISV2_0000427,STEEL|EU|SUP_ST_02,STEEL,EU,SUP_ST_02,2021-07-01,2021-06-01,110.2152,96.8253,104.2331,51.9469,35.4923,20.018,89.383,1.8163,113.00803
FMISV2_0000428,STEEL|EU|SUP_ST_02,STEEL,EU,SUP_ST_02,2021-08-01,2021-07-01,110.1049,94.9334,103.7095,49.9846,35.6575,23.427,87.379,1.7847,111.97699
FMISV2_0000429,STEEL|EU|SUP_ST_02,STEEL,EU,SUP_ST_02,2021-09-01,2021-08-01,106.7397,107.617,104.6821,50.4862,41.908,24.244,89.322,2.1399,111.90752
FMISV2_0000430,STEEL|EU|SUP_ST_02,STEEL,EU,SUP_ST_02,2021-10-01,2021-09-01,110.6796,103.1365,102.1796,51.3607,42.8419,25.516,88.053,2.2364,118.77507
FMISV2_0000431,STEEL|EU|SUP_ST_02,STEEL,EU,SUP_ST_02,2021-11-01,2021-10-01,115.1356,105.9621,103.9006,49.3118,54.4724,25.705,88.626,1.403,114.48034
FMISV2_0000432,STEEL|EU|SUP_ST_02,STEEL,EU,SUP_ST_02,2021-12-01,2021-11-01,111.337,105.5673,106.454,46.4528,55.7673,24.955,88.318,0.9026,114.01858
FMISV2_0000433,STEEL|EU|SUP_ST_02,STEEL,EU,SUP_ST_02,2022-01-01,2021-12-01,112.1994,123.5805,108.7176,46.7115,48.5703,20.256,89.183,1.6253,114.49295
FMISV2_0000434,STEEL|EU|SUP_ST_02,STEEL,EU,SUP_ST_02,2022-02-01,2022-01-01,111.0395,108.0289,107.6096,46.3247,53.8425,24.759,90.463,1.9361,113.56013
FMISV2_0000435,STEEL|EU|SUP_ST_02,STEEL,EU,SUP_ST_02,2022-03-01,2022-02-01,117.252,112.121,107.6393,47.844,46.8625,24.417,87.346,2.135,123.0934
FMISV2_0000436,STEEL|EU|SUP_ST_02,STEEL,EU,SUP_ST_02,2022-04-01,2022-03-01,121.0944,101.5237,111.7823,48.0325,40.8477,22.812,86.938,1.8656,122.69279
FMISV2_0000437,STEEL|EU|SUP_ST_02,STEEL,EU,SUP_ST_02,2022-05-01,2022-04-01,114.3896,107.384,105.5763,46.61,52.7075,24.413,88.72,2.2261,121.75999
FMISV2_0000438,STEEL|EU|SUP_ST_02,STEEL,EU,SUP_ST_02,2022-06-01,2022-05-01,113.7828,101.4587,107.476,46.9302,38.2018,18.799,89.32,1.8759,117.51737
FMISV2_0000439,STEEL|EU|SUP_ST_02,STEEL,EU,SUP_ST_02,2022-07-01,2022-06-01,114.0836,102.0775,103.426,51.5686,39.4617,22.683,88.573,1.7891,119.14775
FMISV2_0000440,STEEL|EU|SUP_ST_02,STEEL,EU,SUP_ST_02,2022-08-01,2022-07-01,117.7614,102.1247,102.462,51.5157,40.2741,22.722,89.491,1.8337,117.29995
FMISV2_0000441,STEEL|EU|SUP_ST_02,STEEL,EU,SUP_ST_02,2022-09-01,2022-08-01,107.0092,95.0342,102.2296,51.8277,40.9866,20.774,88.595,1.9583,114.11451
FMISV2_0000442,STEEL|EU|SUP_ST_02,STEEL,EU,SUP_ST_02,2022-10-01,2022-09-01,112.5549,103.18,103.0672,52.9565,42.8768,21.633,89.626,1.8086,116.48052
FMISV2_0000443,STEEL|EU|SUP_ST_02,STEEL,EU,SUP_ST_02,2022-11-01,2022-10-01,112.6264,100.6801,104.9422,52.7293,52.0187,28.419,86.437,1.8307,118.3814
FMISV2_0000444,STEEL|EU|SUP_ST_02,STEEL,EU,SUP_ST_02,2022-12-01,2022-11-01,119.7558,102.1387,108.1541,51.9272,57.4425,20.558,86.795,2.5559,118.46505
FMISV2_0000445,STEEL|EU|SUP_ST_02,STEEL,EU,SUP_ST_02,2023-01-01,2022-12-01,116.6644,108.2256,105.4716,49.7243,58.1623,20.73,87.808,1.6772,119.10085
FMISV2_0000446,STEEL|EU|SUP_ST_02,STEEL,EU,SUP_ST_02,2023-02-01,2023-01-01,118.8731,114.9764,109.5623,50.5961,47.0902,22.073,89.353,2.222,120.09206
FMISV2_0000447,STEEL|EU|SUP_ST_02,STEEL,EU,SUP_ST_02,2023-03-01,2023-02-01,122.1048,112.1693,108.8786,49.2389,34.0285,19.682,88.49,1.6795,119.46481
FMISV2_0000448,STEEL|EU|SUP_ST_02,STEEL,EU,SUP_ST_02,2023-04-01,2023-03-01,121.5099,111.6855,107.1086,51.7497,38.5977,21.797,89.875,2.2772,120.0527
FMISV2_0000449,STEEL|EU|SUP_ST_02,STEEL,EU,SUP_ST_02,2023-05-01,2023-04-01,120.5085,107.1975,107.7743,48.0522,43.8878,20.602,89.101,2.2502,119.92206
FMISV2_0000450,STEEL|EU|SUP_ST_02,STEEL,EU,SUP_ST_02,2023-06-01,2023-05-01,117.5433,107.3286,108.2386,46.8898,33.7447,21.339,88.595,2.2336,121.53078
FMISV2_0000451,STEEL|EU|SUP_ST_02,STEEL,EU,SUP_ST_02,2023-07-01,2023-06-01,120.1308,101.7859,106.7758,46.994,36.5958,21.23,87.895,1.9424,119.70923
FMISV2_0000452,STEEL|EU|SUP_ST_02,STEEL,EU,SUP_ST_02,2023-08-01,2023-07-01,116.5932,99.4298,105.2549,45.6769,45.0821,22.989,88.648,1.9573,118.92385
FMISV2_0000453,STEEL|EU|SUP_ST_02,STEEL,EU,SUP_ST_02,2023-09-01,2023-08-01,119.9535,102.9296,104.0385,47.7256,48.7099,19.216,89.074,2.3508,121.3151
FMISV2_0000454,STEEL|EU|SUP_ST_02,STEEL,EU,SUP_ST_02,2023-10-01,2023-09-01,117.4428,107.1494,106.3649,48.2576,48.8767,21.738,87.71,2.8653,120.57386
FMISV2_0000455,STEEL|EU|SUP_ST_02,STEEL,EU,SUP_ST_02,2023-11-01,2023-10-01,116.1112,97.4167,104.6073,47.0184,50.484,20.935,87.205,2.571,119.47803
FMISV2_0000456,STEEL|EU|SUP_ST_02,STEEL,EU,SUP_ST_02,2023-12-01,2023-11-01,116.4076,105.556,109.3997,49.4617,51.8451,21.206,90.709,1.7698,117.3248
FMISV2_0000457,STEEL|EU|SUP_ST_02,STEEL,EU,SUP_ST_02,2024-01-01,2023-12-01,117.4845,115.6111,107.1773,50.6718,46.8861,26.633,87.678,2.5331,118.72879
FMISV2_0000458,STEEL|EU|SUP_ST_02,STEEL,EU,SUP_ST_02,2024-02-01,2024-01-01,117.8622,118.6903,109.1431,53.9543,49.0509,19.179,89.823,2.6286,121.89741
FMISV2_0000459,STEEL|EU|SUP_ST_02,STEEL,EU,SUP_ST_02,2024-03-01,2024-02-01,127.4457,115.9259,108.4864,51.2903,43.3594,24.665,90.06,2.5309,121.92675
FMISV2_0000460,STEEL|EU|SUP_ST_02,STEEL,EU,SUP_ST_02,2024-04-01,2024-03-01,128.731,115.0208,109.3211,52.6001,40.3482,17.796,88.04,2.4643,122.61938
FMISV2_0000461,STEEL|EU|SUP_ST_02,STEEL,EU,SUP_ST_02,2024-05-01,2024-04-01,124.2926,114.35,108.7133,54.2701,40.2109,23.672,87.627,3.1107,124.13461
FMISV2_0000462,STEEL|EU|SUP_ST_02,STEEL,EU,SUP_ST_02,2024-06-01,2024-05-01,119.1319,108.8524,105.2704,53.1257,30.6917,21.228,90.429,1.9272,123.25392
FMISV2_0000463,STEEL|EU|SUP_ST_02,STEEL,EU,SUP_ST_02,2024-07-01,2024-06-01,122.1279,102.1748,107.4244,53.1732,41.7271,22.971,87.986,1.6557,124.21872
FMISV2_0000464,STEEL|EU|SUP_ST_02,STEEL,EU,SUP_ST_02,2024-08-01,2024-07-01,121.4915,100.0442,105.0584,49.9254,43.1696,22.198,91.459,2.8505,123.16144
FMISV2_0000465,STEEL|EU|SUP_ST_02,STEEL,EU,SUP_ST_02,2024-09-01,2024-08-01,116.8088,106.9974,104.3233,51.7429,43.7449,16.67,88.315,2.6886,121.86085
FMISV2_0000466,STEEL|EU|SUP_ST_02,STEEL,EU,SUP_ST_02,2024-10-01,2024-09-01,120.5409,107.4528,105.2958,50.1718,44.5531,22.656,86.759,1.9706,123.77673
FMISV2_0000467,STEEL|EU|SUP_ST_02,STEEL,EU,SUP_ST_02,2024-11-01,2024-10-01,121.8495,112.1516,106.3333,46.0944,62.486,20.487,87.311,3.1725,125.6779
FMISV2_0000468,STEEL|EU|SUP_ST_02,STEEL,EU,SUP_ST_02,2024-12-01,2024-11-01,119.2886,110.8493,104.0563,47.805,56.3391,21.55,87.824,1.7626,123.55295
FMISV2_0000469,STEEL|EU|SUP_ST_02,STEEL,EU,SUP_ST_02,2025-01-01,2024-12-01,122.7039,115.5027,107.946,48.0898,50.8256,25.26,91.656,2.6601,123.43974
FMISV2_0000470,STEEL|EU|SUP_ST_02,STEEL,EU,SUP_ST_02,2025-02-01,2025-01-01,126.956,117.1364,109.7758,46.2308,40.1366,17.794,90.068,2.6204,124.95893
FMISV2_0000471,STEEL|EU|SUP_ST_02,STEEL,EU,SUP_ST_02,2025-03-01,2025-02-01,125.8724,113.8069,108.9481,46.5923,42.2164,21.67,89.809,2.6291,126.22684
FMISV2_0000472,STEEL|EU|SUP_ST_02,STEEL,EU,SUP_ST_02,2025-04-01,2025-03-01,125.8778,115.5665,108.1365,47.5916,47.7817,22.497,88.386,2.3967,125.48689
FMISV2_0000473,STEEL|EU|SUP_ST_02,STEEL,EU,SUP_ST_02,2025-05-01,2025-04-01,130.4023,108.1206,109.0253,48.8451,34.3671,21.86,88.525,2.6952,126.11466
FMISV2_0000474,STEEL|EU|SUP_ST_02,STEEL,EU,SUP_ST_02,2025-06-01,2025-05-01,131.4832,108.1694,108.8847,47.773,28.9754,25.454,89.713,2.3959,126.61124
FMISV2_0000475,STEEL|EU|SUP_ST_02,STEEL,EU,SUP_ST_02,2025-07-01,2025-06-01,120.0944,108.2497,103.8052,49.3896,42.5897,21.184,87.547,3.4015,125.57371
FMISV2_0000476,STEEL|EU|SUP_ST_02,STEEL,EU,SUP_ST_02,2025-08-01,2025-07-01,125.0966,109.1851,105.1251,52.9039,39.7252,26.61,88.919,2.7976,125.85875
FMISV2_0000477,STEEL|EU|SUP_ST_02,STEEL,EU,SUP_ST_02,2025-09-01,2025-08-01,119.1498,102.1444,108.1191,51.1776,42.7608,22.35,88.267,2.8101,125.66853
FMISV2_0000478,STEEL|EU|SUP_ST_02,STEEL,EU,SUP_ST_02,2025-10-01,2025-09-01,121.2697,100.6346,106.0445,51.6835,48.0615,25.991,90.553,2.8405,124.68174
FMISV2_0000479,STEEL|EU|SUP_ST_02,STEEL,EU,SUP_ST_02,2025-11-01,2025-10-01,123.2357,110.9781,106.3968,53.3797,56.8966,21.705,91.371,2.4188,124.83087
FMISV2_0000480,STEEL|EU|SUP_ST_02,STEEL,EU,SUP_ST_02,2025-12-01,2025-11-01,126.6494,116.7064,106.8184,52.3006,43.2784,24.054,89.258,2.6251,127.31518
FMISV2_0000481,STEEL|EU|SUP_ST_03,STEEL,EU,SUP_ST_03,2018-01-01,2017-12-01,102.9351,106.2305,105.2592,48.6363,56.1335,28.412,96.352,1.1003,101.43419
FMISV2_0000482,STEEL|EU|SUP_ST_03,STEEL,EU,SUP_ST_03,2018-02-01,2018-01-01,104.463,102.7035,106.3582,50.9948,41.8915,32.151,96.64,1.5638,103.04151
FMISV2_0000483,STEEL|EU|SUP_ST_03,STEEL,EU,SUP_ST_03,2018-03-01,2018-02-01,104.2012,103.5918,104.414,49.4252,54.977,36.205,94.439,1.5304,103.08473
FMISV2_0000484,STEEL|EU|SUP_ST_03,STEEL,EU,SUP_ST_03,2018-04-01,2018-03-01,105.138,103.5876,106.9821,51.3662,47.1506,29.877,94.631,0.9727,104.70476
FMISV2_0000485,STEEL|EU|SUP_ST_03,STEEL,EU,SUP_ST_03,2018-05-01,2018-04-01,108.9989,107.7421,105.4655,51.5444,44.6762,33.229,92.864,1.5891,105.72869
FMISV2_0000486,STEEL|EU|SUP_ST_03,STEEL,EU,SUP_ST_03,2018-06-01,2018-05-01,103.0247,89.8612,100.9173,51.4006,42.9213,33.397,97.14,1.7096,104.89705
FMISV2_0000487,STEEL|EU|SUP_ST_03,STEEL,EU,SUP_ST_03,2018-07-01,2018-06-01,101.6263,97.8658,100.6655,50.5753,34.2305,31.148,96.339,1.2287,104.16531
FMISV2_0000488,STEEL|EU|SUP_ST_03,STEEL,EU,SUP_ST_03,2018-08-01,2018-07-01,95.1124,98.4985,102.4102,50.5688,36.0903,28.449,92.346,1.7315,104.55706
FMISV2_0000489,STEEL|EU|SUP_ST_03,STEEL,EU,SUP_ST_03,2018-09-01,2018-08-01,100.7065,95.9444,99.4953,48.5661,40.7119,30.088,93.988,1.0879,103.25325
FMISV2_0000490,STEEL|EU|SUP_ST_03,STEEL,EU,SUP_ST_03,2018-10-01,2018-09-01,102.8332,96.9808,100.8451,48.9839,43.0843,30.011,94.558,1.1508,104.54729
FMISV2_0000491,STEEL|EU|SUP_ST_03,STEEL,EU,SUP_ST_03,2018-11-01,2018-10-01,94.31,101.6977,102.3166,48.472,52.8899,29.572,94.704,1.5193,103.39009
FMISV2_0000492,STEEL|EU|SUP_ST_03,STEEL,EU,SUP_ST_03,2018-12-01,2018-11-01,106.2305,103.9334,104.7512,46.8643,59.6302,38.254,98.967,1.2088,102.22641
FMISV2_0000493,STEEL|EU|SUP_ST_03,STEEL,EU,SUP_ST_03,2019-01-01,2018-12-01,104.4059,108.9392,107.5321,48.2305,39.572,30.435,95.63,1.3671,100.60316
FMISV2_0000494,STEEL|EU|SUP_ST_03,STEEL,EU,SUP_ST_03,2019-02-01,2019-01-01,104.8837,103.178,107.0739,46.8929,45.2941,31.953,95.057,1.6867,103.26435
FMISV2_0000495,STEEL|EU|SUP_ST_03,STEEL,EU,SUP_ST_03,2019-03-01,2019-02-01,109.3531,108.4711,110.6051,50.1918,48.6169,34.14,96.328,1.5634,106.68188
FMISV2_0000496,STEEL|EU|SUP_ST_03,STEEL,EU,SUP_ST_03,2019-04-01,2019-03-01,109.7496,102.3998,110.7074,49.2565,41.3393,35.053,94.481,1.2429,107.12014
FMISV2_0000497,STEEL|EU|SUP_ST_03,STEEL,EU,SUP_ST_03,2019-05-01,2019-04-01,110.2095,106.756,105.4579,49.2849,39.8617,33.172,95.767,1.0802,107.40968
FMISV2_0000498,STEEL|EU|SUP_ST_03,STEEL,EU,SUP_ST_03,2019-06-01,2019-05-01,108.2254,97.9224,100.1003,52.3753,47.4373,31.77,96.894,1.3712,108.12262
FMISV2_0000499,STEEL|EU|SUP_ST_03,STEEL,EU,SUP_ST_03,2019-07-01,2019-06-01,99.5688,94.3285,104.1339,51.466,38.0408,33.573,98.713,1.6325,109.3271
FMISV2_0000500,STEEL|EU|SUP_ST_03,STEEL,EU,SUP_ST_03,2019-08-01,2019-07-01,103.3714,94.6544,102.8082,50.7377,39.4323,28.392,95.974,1.1795,108.31263
FMISV2_0000501,STEEL|EU|SUP_ST_03,STEEL,EU,SUP_ST_03,2019-09-01,2019-08-01,98.0391,93.4916,103.6953,54.667,57.5192,28.801,93.37,1.747,105.61823
FMISV2_0000502,STEEL|EU|SUP_ST_03,STEEL,EU,SUP_ST_03,2019-10-01,2019-09-01,102.989,103.6798,102.2299,53.6604,61.5225,31.064,96.279,1.4398,107.6066
FMISV2_0000503,STEEL|EU|SUP_ST_03,STEEL,EU,SUP_ST_03,2019-11-01,2019-10-01,102.0679,106.9712,102.7572,50.0924,51.0232,27.21,94.042,1.2801,107.04053
FMISV2_0000504,STEEL|EU|SUP_ST_03,STEEL,EU,SUP_ST_03,2019-12-01,2019-11-01,102.9959,112.5474,103.6057,51.9865,47.8538,33.829,97.804,1.6312,106.61694
FMISV2_0000505,STEEL|EU|SUP_ST_03,STEEL,EU,SUP_ST_03,2020-01-01,2019-12-01,110.1435,110.9353,107.0743,53.376,48.3364,30.338,93.887,2.2531,107.44941
FMISV2_0000506,STEEL|EU|SUP_ST_03,STEEL,EU,SUP_ST_03,2020-02-01,2020-01-01,115.7955,113.3031,107.7093,53.1077,49.9563,30.249,96.667,2.327,111.08097
FMISV2_0000507,STEEL|EU|SUP_ST_03,STEEL,EU,SUP_ST_03,2020-03-01,2020-02-01,109.2858,112.4017,108.4684,51.2515,54.1833,31.236,96.019,1.5949,112.77873
FMISV2_0000508,STEEL|EU|SUP_ST_03,STEEL,EU,SUP_ST_03,2020-04-01,2020-03-01,110.9579,102.4057,102.8523,48.2291,44.104,32.228,94.423,1.8392,118.93876
FMISV2_0000509,STEEL|EU|SUP_ST_03,STEEL,EU,SUP_ST_03,2020-05-01,2020-04-01,109.7981,104.8867,107.5008,47.3081,33.3903,28.219,95.225,1.9942,117.44375
FMISV2_0000510,STEEL|EU|SUP_ST_03,STEEL,EU,SUP_ST_03,2020-06-01,2020-05-01,117.5258,97.4377,103.7455,49.9225,40.85,27.496,97.396,0.9901,115.19285
FMISV2_0000511,STEEL|EU|SUP_ST_03,STEEL,EU,SUP_ST_03,2020-07-01,2020-06-01,103.2119,105.1801,100.566,47.1907,36.2782,28.544,96.182,1.6247,113.62205
FMISV2_0000512,STEEL|EU|SUP_ST_03,STEEL,EU,SUP_ST_03,2020-08-01,2020-07-01,104.6328,101.2908,97.839,45.8148,35.0467,29.959,94.038,1.84,111.40285
FMISV2_0000513,STEEL|EU|SUP_ST_03,STEEL,EU,SUP_ST_03,2020-09-01,2020-08-01,104.6045,93.7309,100.5745,45.0372,52.271,31.87,95.214,1.8357,108.77408
FMISV2_0000514,STEEL|EU|SUP_ST_03,STEEL,EU,SUP_ST_03,2020-10-01,2020-09-01,106.7902,105.8281,103.4125,50.1332,42.8674,27.117,96.977,1.7304,109.60065
FMISV2_0000515,STEEL|EU|SUP_ST_03,STEEL,EU,SUP_ST_03,2020-11-01,2020-10-01,103.5774,100.6185,102.5884,48.5166,49.1294,32.746,93.62,1.9452,110.00452
FMISV2_0000516,STEEL|EU|SUP_ST_03,STEEL,EU,SUP_ST_03,2020-12-01,2020-11-01,106.6203,106.4558,105.5238,49.6546,44.2504,32.954,94.105,1.8797,107.81287
FMISV2_0000517,STEEL|EU|SUP_ST_03,STEEL,EU,SUP_ST_03,2021-01-01,2020-12-01,109.3489,114.0991,105.0043,52.8361,53.2156,36.374,96.761,2.1146,109.96078
FMISV2_0000518,STEEL|EU|SUP_ST_03,STEEL,EU,SUP_ST_03,2021-02-01,2021-01-01,115.0235,104.2425,105.4994,51.3815,58.0388,36.223,97.561,1.4072,110.11013
FMISV2_0000519,STEEL|EU|SUP_ST_03,STEEL,EU,SUP_ST_03,2021-03-01,2021-02-01,111.9497,104.6707,109.0559,53.4874,39.5819,31.966,94.654,1.9489,112.31994
FMISV2_0000520,STEEL|EU|SUP_ST_03,STEEL,EU,SUP_ST_03,2021-04-01,2021-03-01,119.6959,108.6164,107.5604,53.3608,46.4441,33.732,94.747,1.3916,113.62999
FMISV2_0000521,STEEL|EU|SUP_ST_03,STEEL,EU,SUP_ST_03,2021-05-01,2021-04-01,112.7161,96.394,107.0731,53.6997,38.7841,32.054,95.04,1.9597,112.53175
FMISV2_0000522,STEEL|EU|SUP_ST_03,STEEL,EU,SUP_ST_03,2021-06-01,2021-05-01,115.5709,99.8472,106.9259,52.1906,35.5554,30.675,95.489,1.5196,112.33431
FMISV2_0000523,STEEL|EU|SUP_ST_03,STEEL,EU,SUP_ST_03,2021-07-01,2021-06-01,110.2152,96.8253,100.991,51.9469,35.4923,33.18,95.427,1.4174,112.49775
FMISV2_0000524,STEEL|EU|SUP_ST_03,STEEL,EU,SUP_ST_03,2021-08-01,2021-07-01,110.1049,94.9334,104.8462,49.9846,35.6575,31.49,95.842,1.8386,111.09133
FMISV2_0000525,STEEL|EU|SUP_ST_03,STEEL,EU,SUP_ST_03,2021-09-01,2021-08-01,106.7397,107.617,103.5523,50.4862,41.908,32.142,94.826,2.0302,109.65447
FMISV2_0000526,STEEL|EU|SUP_ST_03,STEEL,EU,SUP_ST_03,2021-10-01,2021-09-01,110.6796,103.1365,105.4794,51.3607,42.8419,30.032,94.509,1.628,117.68448
FMISV2_0000527,STEEL|EU|SUP_ST_03,STEEL,EU,SUP_ST_03,2021-11-01,2021-10-01,115.1356,105.9621,103.8569,49.3118,54.4724,34.961,94.583,2.191,115.44902
FMISV2_0000528,STEEL|EU|SUP_ST_03,STEEL,EU,SUP_ST_03,2021-12-01,2021-11-01,111.337,105.5673,104.7026,46.4528,55.7673,35.215,94.542,1.7568,114.92722
FMISV2_0000529,STEEL|EU|SUP_ST_03,STEEL,EU,SUP_ST_03,2022-01-01,2021-12-01,112.1994,123.5805,109.3167,46.7115,48.5703,34.456,95.585,2.0055,115.05779
FMISV2_0000530,STEEL|EU|SUP_ST_03,STEEL,EU,SUP_ST_03,2022-02-01,2022-01-01,111.0395,108.0289,106.7527,46.3247,53.8425,31.704,96.175,1.8988,116.13169
FMISV2_0000531,STEEL|EU|SUP_ST_03,STEEL,EU,SUP_ST_03,2022-03-01,2022-02-01,117.252,112.121,107.5861,47.844,46.8625,32.224,96.44,1.5978,123.40886
FMISV2_0000532,STEEL|EU|SUP_ST_03,STEEL,EU,SUP_ST_03,2022-04-01,2022-03-01,121.0944,101.5237,108.1429,48.0325,40.8477,31.608,94.873,2.3584,124.28658
FMISV2_0000533,STEEL|EU|SUP_ST_03,STEEL,EU,SUP_ST_03,2022-05-01,2022-04-01,114.3896,107.384,107.0986,46.61,52.7075,32.427,97.658,1.8939,122.6379
FMISV2_0000534,STEEL|EU|SUP_ST_03,STEEL,EU,SUP_ST_03,2022-06-01,2022-05-01,113.7828,101.4587,104.2343,46.9302,38.2018,32.049,93.595,1.9306,121.36323
FMISV2_0000535,STEEL|EU|SUP_ST_03,STEEL,EU,SUP_ST_03,2022-07-01,2022-06-01,114.0836,102.0775,103.6346,51.5686,39.4617,32.371,95.903,1.9257,118.83849
FMISV2_0000536,STEEL|EU|SUP_ST_03,STEEL,EU,SUP_ST_03,2022-08-01,2022-07-01,117.7614,102.1247,105.9128,51.5157,40.2741,30.363,96.502,1.8323,118.76788
FMISV2_0000537,STEEL|EU|SUP_ST_03,STEEL,EU,SUP_ST_03,2022-09-01,2022-08-01,107.0092,95.0342,101.7027,51.8277,40.9866,29.901,95.345,2.0795,114.91891
FMISV2_0000538,STEEL|EU|SUP_ST_03,STEEL,EU,SUP_ST_03,2022-10-01,2022-09-01,112.5549,103.18,101.2309,52.9565,42.8768,32.059,94.269,2.0447,114.80684
FMISV2_0000539,STEEL|EU|SUP_ST_03,STEEL,EU,SUP_ST_03,2022-11-01,2022-10-01,112.6264,100.6801,101.8911,52.7293,52.0187,34.395,95.123,1.8616,116.24483
FMISV2_0000540,STEEL|EU|SUP_ST_03,STEEL,EU,SUP_ST_03,2022-12-01,2022-11-01,119.7558,102.1387,105.9098,51.9272,57.4425,32.1,92.496,2.4384,118.66346
FMISV2_0000541,STEEL|EU|SUP_ST_03,STEEL,EU,SUP_ST_03,2023-01-01,2022-12-01,116.6644,108.2256,109.0613,49.7243,58.1623,34.181,95.181,1.9387,119.99762
FMISV2_0000542,STEEL|EU|SUP_ST_03,STEEL,EU,SUP_ST_03,2023-02-01,2023-01-01,118.8731,114.9764,110.1285,50.5961,47.0902,32.837,95.217,2.1201,118.72909
FMISV2_0000543,STEEL|EU|SUP_ST_03,STEEL,EU,SUP_ST_03,2023-03-01,2023-02-01,122.1048,112.1693,112.1464,49.2389,34.0285,33.25,95.328,2.072,119.08427
FMISV2_0000544,STEEL|EU|SUP_ST_03,STEEL,EU,SUP_ST_03,2023-04-01,2023-03-01,121.5099,111.6855,108.2994,51.7497,38.5977,30.64,93.474,2.0056,121.27681
FMISV2_0000545,STEEL|EU|SUP_ST_03,STEEL,EU,SUP_ST_03,2023-05-01,2023-04-01,120.5085,107.1975,107.2841,48.0522,43.8878,26.684,97.478,1.8488,120.63438
FMISV2_0000546,STEEL|EU|SUP_ST_03,STEEL,EU,SUP_ST_03,2023-06-01,2023-05-01,117.5433,107.3286,106.0659,46.8898,33.7447,27.853,97.483,2.8817,121.22289
FMISV2_0000547,STEEL|EU|SUP_ST_03,STEEL,EU,SUP_ST_03,2023-07-01,2023-06-01,120.1308,101.7859,100.7232,46.994,36.5958,32.141,98.315,2.6171,120.78842
FMISV2_0000548,STEEL|EU|SUP_ST_03,STEEL,EU,SUP_ST_03,2023-08-01,2023-07-01,116.5932,99.4298,103.1136,45.6769,45.0821,32.985,95.854,1.9576,118.58922
FMISV2_0000549,STEEL|EU|SUP_ST_03,STEEL,EU,SUP_ST_03,2023-09-01,2023-08-01,119.9535,102.9296,105.5197,47.7256,48.7099,29.689,96.972,2.1199,118.11461
FMISV2_0000550,STEEL|EU|SUP_ST_03,STEEL,EU,SUP_ST_03,2023-10-01,2023-09-01,117.4428,107.1494,105.246,48.2576,48.8767,31.08,97.011,1.7046,117.87804
FMISV2_0000551,STEEL|EU|SUP_ST_03,STEEL,EU,SUP_ST_03,2023-11-01,2023-10-01,116.1112,97.4167,105.6521,47.0184,50.484,35.636,95.835,2.1785,113.58701
FMISV2_0000552,STEEL|EU|SUP_ST_03,STEEL,EU,SUP_ST_03,2023-12-01,2023-11-01,116.4076,105.556,105.0705,49.4617,51.8451,32.706,94.941,2.5624,116.40779
FMISV2_0000553,STEEL|EU|SUP_ST_03,STEEL,EU,SUP_ST_03,2024-01-01,2023-12-01,117.4845,115.6111,108.2371,50.6718,46.8861,25.85,97.205,1.8804,118.84268
FMISV2_0000554,STEEL|EU|SUP_ST_03,STEEL,EU,SUP_ST_03,2024-02-01,2024-01-01,117.8622,118.6903,111.703,53.9543,49.0509,29.247,94.744,2.6668,119.9809
FMISV2_0000555,STEEL|EU|SUP_ST_03,STEEL,EU,SUP_ST_03,2024-03-01,2024-02-01,127.4457,115.9259,107.6718,51.2903,43.3594,28.232,95.125,2.5529,120.09191
FMISV2_0000556,STEEL|EU|SUP_ST_03,STEEL,EU,SUP_ST_03,2024-04-01,2024-03-01,128.731,115.0208,106.6026,52.6001,40.3482,31.759,94.856,1.9523,122.64066
FMISV2_0000557,STEEL|EU|SUP_ST_03,STEEL,EU,SUP_ST_03,2024-05-01,2024-04-01,124.2926,114.35,107.1897,54.2701,40.2109,35.612,94.64,2.3285,124.14869
FMISV2_0000558,STEEL|EU|SUP_ST_03,STEEL,EU,SUP_ST_03,2024-06-01,2024-05-01,119.1319,108.8524,107.1686,53.1257,30.6917,33.286,96.732,2.4109,124.10052
FMISV2_0000559,STEEL|EU|SUP_ST_03,STEEL,EU,SUP_ST_03,2024-07-01,2024-06-01,122.1279,102.1748,103.9274,53.1732,41.7271,29.299,97.193,2.3399,122.88377
FMISV2_0000560,STEEL|EU|SUP_ST_03,STEEL,EU,SUP_ST_03,2024-08-01,2024-07-01,121.4915,100.0442,103.5926,49.9254,43.1696,34.525,97.399,2.0562,123.2919
FMISV2_0000561,STEEL|EU|SUP_ST_03,STEEL,EU,SUP_ST_03,2024-09-01,2024-08-01,116.8088,106.9974,103.0925,51.7429,43.7449,33.213,94.886,2.3499,120.13876
FMISV2_0000562,STEEL|EU|SUP_ST_03,STEEL,EU,SUP_ST_03,2024-10-01,2024-09-01,120.5409,107.4528,105.0892,50.1718,44.5531,30.263,95.858,3.12,120.54423
FMISV2_0000563,STEEL|EU|SUP_ST_03,STEEL,EU,SUP_ST_03,2024-11-01,2024-10-01,121.8495,112.1516,105.6326,46.0944,62.486,32.158,97.119,2.3093,121.33675
FMISV2_0000564,STEEL|EU|SUP_ST_03,STEEL,EU,SUP_ST_03,2024-12-01,2024-11-01,119.2886,110.8493,107.0676,47.805,56.3391,33.165,96.056,2.5295,122.15962
FMISV2_0000565,STEEL|EU|SUP_ST_03,STEEL,EU,SUP_ST_03,2025-01-01,2024-12-01,122.7039,115.5027,107.2003,48.0898,50.8256,32.878,96.336,1.8436,122.7224
FMISV2_0000566,STEEL|EU|SUP_ST_03,STEEL,EU,SUP_ST_03,2025-02-01,2025-01-01,126.956,117.1364,109.5857,46.2308,40.1366,31.62,96.726,2.6973,121.26655
FMISV2_0000567,STEEL|EU|SUP_ST_03,STEEL,EU,SUP_ST_03,2025-03-01,2025-02-01,125.8724,113.8069,110.6772,46.5923,42.2164,26.71,98.11,2.8988,123.90678
FMISV2_0000568,STEEL|EU|SUP_ST_03,STEEL,EU,SUP_ST_03,2025-04-01,2025-03-01,125.8778,115.5665,108.2018,47.5916,47.7817,32.136,95.52,2.898,125.64273
FMISV2_0000569,STEEL|EU|SUP_ST_03,STEEL,EU,SUP_ST_03,2025-05-01,2025-04-01,130.4023,108.1206,110.3558,48.8451,34.3671,29.27,96.203,2.2063,125.04385
FMISV2_0000570,STEEL|EU|SUP_ST_03,STEEL,EU,SUP_ST_03,2025-06-01,2025-05-01,131.4832,108.1694,108.1706,47.773,28.9754,35.045,95.9,2.7266,129.43236
FMISV2_0000571,STEEL|EU|SUP_ST_03,STEEL,EU,SUP_ST_03,2025-07-01,2025-06-01,120.0944,108.2497,108.4684,49.3896,42.5897,28.365,96.525,2.5996,128.60555
FMISV2_0000572,STEEL|EU|SUP_ST_03,STEEL,EU,SUP_ST_03,2025-08-01,2025-07-01,125.0966,109.1851,104.5626,52.9039,39.7252,28.22,95.034,2.5511,127.87618
FMISV2_0000573,STEEL|EU|SUP_ST_03,STEEL,EU,SUP_ST_03,2025-09-01,2025-08-01,119.1498,102.1444,104.3394,51.1776,42.7608,30.895,93.458,2.7554,129.0907
FMISV2_0000574,STEEL|EU|SUP_ST_03,STEEL,EU,SUP_ST_03,2025-10-01,2025-09-01,121.2697,100.6346,108.8832,51.6835,48.0615,29.194,96.784,1.7822,126.98195
FMISV2_0000575,STEEL|EU|SUP_ST_03,STEEL,EU,SUP_ST_03,2025-11-01,2025-10-01,123.2357,110.9781,108.4878,53.3797,56.8966,34.09,96.927,2.4756,124.92318
FMISV2_0000576,STEEL|EU|SUP_ST_03,STEEL,EU,SUP_ST_03,2025-12-01,2025-11-01,126.6494,116.7064,109.3337,52.3006,43.2784,33.401,94.947,3.2146,126.77829
FMISV2_0000577,STEEL|APAC|SUP_ST_01,STEEL,APAC,SUP_ST_01,2018-01-01,2017-12-01,102.9351,106.2305,99.4558,48.6363,56.1335,23.923,92.961,1.3248,102.41103
FMISV2_0000578,STEEL|APAC|SUP_ST_01,STEEL,APAC,SUP_ST_01,2018-02-01,2018-01-01,104.463,102.7035,100.7774,50.9948,41.8915,23.093,92.013,1.5344,103.29209
FMISV2_0000579,STEEL|APAC|SUP_ST_01,STEEL,APAC,SUP_ST_01,2018-03-01,2018-02-01,104.2012,103.5918,98.8335,49.4252,54.977,29.854,93.701,1.4948,104.04375
FMISV2_0000580,STEEL|APAC|SUP_ST_01,STEEL,APAC,SUP_ST_01,2018-04-01,2018-03-01,105.138,103.5876,99.4706,51.3662,47.1506,27.387,92.861,1.0158,104.26267
FMISV2_0000581,STEEL|APAC|SUP_ST_01,STEEL,APAC,SUP_ST_01,2018-05-01,2018-04-01,108.9989,107.7421,97.9724,51.5444,44.6762,22.85,90.699,0.6819,107.84821
FMISV2_0000582,STEEL|APAC|SUP_ST_01,STEEL,APAC,SUP_ST_01,2018-06-01,2018-05-01,103.0247,89.8612,96.7554,51.4006,42.9213,31.275,92.136,1.1957,106.31897
FMISV2_0000583,STEEL|APAC|SUP_ST_01,STEEL,APAC,SUP_ST_01,2018-07-01,2018-06-01,101.6263,97.8658,96.7906,50.5753,34.2305,28.137,91.558,1.1582,104.48591
FMISV2_0000584,STEEL|APAC|SUP_ST_01,STEEL,APAC,SUP_ST_01,2018-08-01,2018-07-01,95.1124,98.4985,95.2775,50.5688,36.0903,24.234,90.943,1.4502,102.75414
FMISV2_0000585,STEEL|APAC|SUP_ST_01,STEEL,APAC,SUP_ST_01,2018-09-01,2018-08-01,100.7065,95.9444,97.8783,48.5661,40.7119,26.786,93.093,1.3764,103.8343
FMISV2_0000586,STEEL|APAC|SUP_ST_01,STEEL,APAC,SUP_ST_01,2018-10-01,2018-09-01,102.8332,96.9808,93.5083,48.9839,43.0843,27.368,95.076,0.6636,103.06677
FMISV2_0000587,STEEL|APAC|SUP_ST_01,STEEL,APAC,SUP_ST_01,2018-11-01,2018-10-01,94.31,101.6977,97.3018,48.472,52.8899,28.185,92.409,1.3527,102.77303
FMISV2_0000588,STEEL|APAC|SUP_ST_01,STEEL,APAC,SUP_ST_01,2018-12-01,2018-11-01,106.2305,103.9334,101.4379,46.8643,59.6302,24.907,91.461,0.9154,103.12592
FMISV2_0000589,STEEL|APAC|SUP_ST_01,STEEL,APAC,SUP_ST_01,2019-01-01,2018-12-01,104.4059,108.9392,99.2189,48.2305,39.572,24.49,94.491,1.0412,105.55833
FMISV2_0000590,STEEL|APAC|SUP_ST_01,STEEL,APAC,SUP_ST_01,2019-02-01,2019-01-01,104.8837,103.178,101.5411,46.8929,45.2941,27.041,91.734,1.6218,106.73653
FMISV2_0000591,STEEL|APAC|SUP_ST_01,STEEL,APAC,SUP_ST_01,2019-03-01,2019-02-01,109.3531,108.4711,102.5206,50.1918,48.6169,24.523,92.267,1.1953,108.62182
FMISV2_0000592,STEEL|APAC|SUP_ST_01,STEEL,APAC,SUP_ST_01,2019-04-01,2019-03-01,109.7496,102.3998,97.851,49.2565,41.3393,24.547,94.44,1.3815,110.41537
FMISV2_0000593,STEEL|APAC|SUP_ST_01,STEEL,APAC,SUP_ST_01,2019-05-01,2019-04-01,110.2095,106.756,100.9939,49.2849,39.8617,27.237,92.635,1.3973,109.90366
FMISV2_0000594,STEEL|APAC|SUP_ST_01,STEEL,APAC,SUP_ST_01,2019-06-01,2019-05-01,108.2254,97.9224,96.5334,52.3753,47.4373,26.59,92.977,1.4846,110.17498
FMISV2_0000595,STEEL|APAC|SUP_ST_01,STEEL,APAC,SUP_ST_01,2019-07-01,2019-06-01,99.5688,94.3285,95.9763,51.466,38.0408,29.681,92.54,1.9391,109.32195
FMISV2_0000596,STEEL|APAC|SUP_ST_01,STEEL,APAC,SUP_ST_01,2019-08-01,2019-07-01,103.3714,94.6544,98.5639,50.7377,39.4323,25.514,93.494,1.4083,108.5669
FMISV2_0000597,STEEL|APAC|SUP_ST_01,STEEL,APAC,SUP_ST_01,2019-09-01,2019-08-01,98.0391,93.4916,98.5005,54.667,57.5192,29.28,92.682,1.5022,107.43337
FMISV2_0000598,STEEL|APAC|SUP_ST_01,STEEL,APAC,SUP_ST_01,2019-10-01,2019-09-01,102.989,103.6798,96.2434,53.6604,61.5225,27.332,94.014,1.4402,108.27093
FMISV2_0000599,STEEL|APAC|SUP_ST_01,STEEL,APAC,SUP_ST_01,2019-11-01,2019-10-01,102.0679,106.9712,96.9869,50.0924,51.0232,28.069,92.242,1.4471,107.56931
FMISV2_0000600,STEEL|APAC|SUP_ST_01,STEEL,APAC,SUP_ST_01,2019-12-01,2019-11-01,102.9959,112.5474,98.9946,51.9865,47.8538,25.169,93.226,1.0955,107.0913
FMISV2_0000601,STEEL|APAC|SUP_ST_01,STEEL,APAC,SUP_ST_01,2020-01-01,2019-12-01,110.1435,110.9353,102.1514,53.376,48.3364,32.367,92.134,2.0386,108.37491
FMISV2_0000602,STEEL|APAC|SUP_ST_01,STEEL,APAC,SUP_ST_01,2020-02-01,2020-01-01,115.7955,113.3031,101.1219,53.1077,49.9563,24.803,92.455,2.2712,111.86267
FMISV2_0000603,STEEL|APAC|SUP_ST_01,STEEL,APAC,SUP_ST_01,2020-03-01,2020-02-01,109.2858,112.4017,100.951,51.2515,54.1833,24.017,91.226,1.4627,113.16608
FMISV2_0000604,STEEL|APAC|SUP_ST_01,STEEL,APAC,SUP_ST_01,2020-04-01,2020-03-01,110.9579,102.4057,102.3193,48.2291,44.104,25.129,93.229,2.2769,119.03798
FMISV2_0000605,STEEL|APAC|SUP_ST_01,STEEL,APAC,SUP_ST_01,2020-05-01,2020-04-01,109.7981,104.8867,96.4172,47.3081,33.3903,31.498,93.276,1.8949,115.86067
FMISV2_0000606,STEEL|APAC|SUP_ST_01,STEEL,APAC,SUP_ST_01,2020-06-01,2020-05-01,117.5258,97.4377,98.8779,49.9225,40.85,24.252,92.808,1.6112,114.96507
FMISV2_0000607,STEEL|APAC|SUP_ST_01,STEEL,APAC,SUP_ST_01,2020-07-01,2020-06-01,103.2119,105.1801,95.8176,47.1907,36.2782,22.866,95.068,1.4331,111.46646
FMISV2_0000608,STEEL|APAC|SUP_ST_01,STEEL,APAC,SUP_ST_01,2020-08-01,2020-07-01,104.6328,101.2908,95.7384,45.8148,35.0467,27.627,93.668,1.3998,109.48521
FMISV2_0000609,STEEL|APAC|SUP_ST_01,STEEL,APAC,SUP_ST_01,2020-09-01,2020-08-01,104.6045,93.7309,94.3053,45.0372,52.271,27.883,89.952,1.5001,108.27433
FMISV2_0000610,STEEL|APAC|SUP_ST_01,STEEL,APAC,SUP_ST_01,2020-10-01,2020-09-01,106.7902,105.8281,99.0144,50.1332,42.8674,24.426,93.548,1.9376,106.62391
FMISV2_0000611,STEEL|APAC|SUP_ST_01,STEEL,APAC,SUP_ST_01,2020-11-01,2020-10-01,103.5774,100.6185,99.3436,48.5166,49.1294,25.801,94.116,1.5851,109.18751
FMISV2_0000612,STEEL|APAC|SUP_ST_01,STEEL,APAC,SUP_ST_01,2020-12-01,2020-11-01,106.6203,106.4558,99.7759,49.6546,44.2504,23.504,94.243,1.2963,110.04324
FMISV2_0000613,STEEL|APAC|SUP_ST_01,STEEL,APAC,SUP_ST_01,2021-01-01,2020-12-01,109.3489,114.0991,102.8976,52.8361,53.2156,28.622,92.819,1.437,110.42271
FMISV2_0000614,STEEL|APAC|SUP_ST_01,STEEL,APAC,SUP_ST_01,2021-02-01,2021-01-01,115.0235,104.2425,102.822,51.3815,58.0388,28.091,93.194,1.6893,111.47254
FMISV2_0000615,STEEL|APAC|SUP_ST_01,STEEL,APAC,SUP_ST_01,2021-03-01,2021-02-01,111.9497,104.6707,101.7205,53.4874,39.5819,24.246,92.428,1.837,114.25795
FMISV2_0000616,STEEL|APAC|SUP_ST_01,STEEL,APAC,SUP_ST_01,2021-04-01,2021-03-01,119.6959,108.6164,102.8644,53.3608,46.4441,23.953,91.798,2.0027,114.49197
FMISV2_0000617,STEEL|APAC|SUP_ST_01,STEEL,APAC,SUP_ST_01,2021-05-01,2021-04-01,112.7161,96.394,99.8485,53.6997,38.7841,25.363,92.207,1.7376,116.2739
FMISV2_0000618,STEEL|APAC|SUP_ST_01,STEEL,APAC,SUP_ST_01,2021-06-01,2021-05-01,115.5709,99.8472,99.8994,52.1906,35.5554,23.311,92.734,1.6792,116.01259
FMISV2_0000619,STEEL|APAC|SUP_ST_01,STEEL,APAC,SUP_ST_01,2021-07-01,2021-06-01,110.2152,96.8253,98.7066,51.9469,35.4923,25.545,94.266,2.1727,115.95252
FMISV2_0000620,STEEL|APAC|SUP_ST_01,STEEL,APAC,SUP_ST_01,2021-08-01,2021-07-01,110.1049,94.9334,100.8737,49.9846,35.6575,26.286,95.988,2.1649,113.65958
FMISV2_0000621,STEEL|APAC|SUP_ST_01,STEEL,APAC,SUP_ST_01,2021-09-01,2021-08-01,106.7397,107.617,99.7308,50.4862,41.908,25.17,95.534,1.6802,112.66688
FMISV2_0000622,STEEL|APAC|SUP_ST_01,STEEL,APAC,SUP_ST_01,2021-10-01,2021-09-01,110.6796,103.1365,99.3603,51.3607,42.8419,27.938,90.441,1.9305,118.53945
FMISV2_0000623,STEEL|APAC|SUP_ST_01,STEEL,APAC,SUP_ST_01,2021-11-01,2021-10-01,115.1356,105.9621,99.0199,49.3118,54.4724,27.506,93.369,1.8014,116.86548
FMISV2_0000624,STEEL|APAC|SUP_ST_01,STEEL,APAC,SUP_ST_01,2021-12-01,2021-11-01,111.337,105.5673,102.1505,46.4528,55.7673,28.449,93.647,1.6342,115.67443
FMISV2_0000625,STEEL|APAC|SUP_ST_01,STEEL,APAC,SUP_ST_01,2022-01-01,2021-12-01,112.1994,123.5805,106.0195,46.7115,48.5703,25.833,93.62,1.9706,115.77136
FMISV2_0000626,STEEL|APAC|SUP_ST_01,STEEL,APAC,SUP_ST_01,2022-02-01,2022-01-01,111.0395,108.0289,104.6608,46.3247,53.8425,23.573,93.347,2.3203,117.98744
FMISV2_0000627,STEEL|APAC|SUP_ST_01,STEEL,APAC,SUP_ST_01,2022-03-01,2022-02-01,117.252,112.121,104.3599,47.844,46.8625,25.916,94.445,1.6066,124.47671
FMISV2_0000628,STEEL|APAC|SUP_ST_01,STEEL,APAC,SUP_ST_01,2022-04-01,2022-03-01,121.0944,101.5237,99.1533,48.0325,40.8477,29.577,92.044,1.6372,122.91452
FMISV2_0000629,STEEL|APAC|SUP_ST_01,STEEL,APAC,SUP_ST_01,2022-05-01,2022-04-01,114.3896,107.384,100.2941,46.61,52.7075,25.34,92.24,2.1463,121.94421
FMISV2_0000630,STEEL|APAC|SUP_ST_01,STEEL,APAC,SUP_ST_01,2022-06-01,2022-05-01,113.7828,101.4587,98.4697,46.9302,38.2018,28.128,93.635,1.8901,120.67676
FMISV2_0000631,STEEL|APAC|SUP_ST_01,STEEL,APAC,SUP_ST_01,2022-07-01,2022-06-01,114.0836,102.0775,97.0612,51.5686,39.4617,25.772,93.024,2.4472,119.54569
FMISV2_0000632,STEEL|APAC|SUP_ST_01,STEEL,APAC,SUP_ST_01,2022-08-01,2022-07-01,117.7614,102.1247,97.838,51.5157,40.2741,24.007,93.342,1.9973,118.31814
FMISV2_0000633,STEEL|APAC|SUP_ST_01,STEEL,APAC,SUP_ST_01,2022-09-01,2022-08-01,107.0092,95.0342,101.2339,51.8277,40.9866,27.626,94.106,2.319,116.80699
FMISV2_0000634,STEEL|APAC|SUP_ST_01,STEEL,APAC,SUP_ST_01,2022-10-01,2022-09-01,112.5549,103.18,98.2798,52.9565,42.8768,27.433,91.899,2.344,116.78242
FMISV2_0000635,STEEL|APAC|SUP_ST_01,STEEL,APAC,SUP_ST_01,2022-11-01,2022-10-01,112.6264,100.6801,101.0876,52.7293,52.0187,26.555,93.489,2.2322,116.75527
FMISV2_0000636,STEEL|APAC|SUP_ST_01,STEEL,APAC,SUP_ST_01,2022-12-01,2022-11-01,119.7558,102.1387,102.0718,51.9272,57.4425,23.79,93.546,1.947,116.00955
FMISV2_0000637,STEEL|APAC|SUP_ST_01,STEEL,APAC,SUP_ST_01,2023-01-01,2022-12-01,116.6644,108.2256,102.7655,49.7243,58.1623,29.383,92.853,2.2606,117.58626
FMISV2_0000638,STEEL|APAC|SUP_ST_01,STEEL,APAC,SUP_ST_01,2023-02-01,2023-01-01,118.8731,114.9764,102.8011,50.5961,47.0902,25.868,93.519,2.3201,118.27108
FMISV2_0000639,STEEL|APAC|SUP_ST_01,STEEL,APAC,SUP_ST_01,2023-03-01,2023-02-01,122.1048,112.1693,101.974,49.2389,34.0285,22.855,94.307,1.908,120.25879
FMISV2_0000640,STEEL|APAC|SUP_ST_01,STEEL,APAC,SUP_ST_01,2023-04-01,2023-03-01,121.5099,111.6855,104.3717,51.7497,38.5977,26.719,91.972,1.7478,121.06364
FMISV2_0000641,STEEL|APAC|SUP_ST_01,STEEL,APAC,SUP_ST_01,2023-05-01,2023-04-01,120.5085,107.1975,102.5815,48.0522,43.8878,25.819,92.204,2.0113,122.33208
FMISV2_0000642,STEEL|APAC|SUP_ST_01,STEEL,APAC,SUP_ST_01,2023-06-01,2023-05-01,117.5433,107.3286,100.2708,46.8898,33.7447,21.557,93.546,2.0165,121.46087
FMISV2_0000643,STEEL|APAC|SUP_ST_01,STEEL,APAC,SUP_ST_01,2023-07-01,2023-06-01,120.1308,101.7859,99.4204,46.994,36.5958,25.813,92.544,1.8965,119.47256
FMISV2_0000644,STEEL|APAC|SUP_ST_01,STEEL,APAC,SUP_ST_01,2023-08-01,2023-07-01,116.5932,99.4298,102.0721,45.6769,45.0821,28.481,94.514,1.952,118.3975
FMISV2_0000645,STEEL|APAC|SUP_ST_01,STEEL,APAC,SUP_ST_01,2023-09-01,2023-08-01,119.9535,102.9296,99.9581,47.7256,48.7099,26.038,94.207,2.4734,119.22279
FMISV2_0000646,STEEL|APAC|SUP_ST_01,STEEL,APAC,SUP_ST_01,2023-10-01,2023-09-01,117.4428,107.1494,101.3642,48.2576,48.8767,26.257,95.13,2.8372,119.03343
FMISV2_0000647,STEEL|APAC|SUP_ST_01,STEEL,APAC,SUP_ST_01,2023-11-01,2023-10-01,116.1112,97.4167,99.9633,47.0184,50.484,22.705,92.881,2.7916,118.47336
FMISV2_0000648,STEEL|APAC|SUP_ST_01,STEEL,APAC,SUP_ST_01,2023-12-01,2023-11-01,116.4076,105.556,103.1742,49.4617,51.8451,24.055,93.65,2.3112,119.17985
FMISV2_0000649,STEEL|APAC|SUP_ST_01,STEEL,APAC,SUP_ST_01,2024-01-01,2023-12-01,117.4845,115.6111,106.2376,50.6718,46.8861,29.33,94.018,1.8671,119.28005
FMISV2_0000650,STEEL|APAC|SUP_ST_01,STEEL,APAC,SUP_ST_01,2024-02-01,2024-01-01,117.8622,118.6903,105.2097,53.9543,49.0509,23.488,94.324,2.2725,123.02886
FMISV2_0000651,STEEL|APAC|SUP_ST_01,STEEL,APAC,SUP_ST_01,2024-03-01,2024-02-01,127.4457,115.9259,107.6951,51.2903,43.3594,25.883,94.93,1.9203,123.82433
FMISV2_0000652,STEEL|APAC|SUP_ST_01,STEEL,APAC,SUP_ST_01,2024-04-01,2024-03-01,128.731,115.0208,105.052,52.6001,40.3482,24.063,94.078,2.2519,125.3071
FMISV2_0000653,STEEL|APAC|SUP_ST_01,STEEL,APAC,SUP_ST_01,2024-05-01,2024-04-01,124.2926,114.35,100.0414,54.2701,40.2109,20.052,94.021,2.1033,126.38092
FMISV2_0000654,STEEL|APAC|SUP_ST_01,STEEL,APAC,SUP_ST_01,2024-06-01,2024-05-01,119.1319,108.8524,102.6543,53.1257,30.6917,20.577,93.206,2.407,124.68051
FMISV2_0000655,STEEL|APAC|SUP_ST_01,STEEL,APAC,SUP_ST_01,2024-07-01,2024-06-01,122.1279,102.1748,102.4707,53.1732,41.7271,25.415,94.128,2.5922,124.72838
FMISV2_0000656,STEEL|APAC|SUP_ST_01,STEEL,APAC,SUP_ST_01,2024-08-01,2024-07-01,121.4915,100.0442,100.6502,49.9254,43.1696,25.859,93.909,2.403,122.18636
FMISV2_0000657,STEEL|APAC|SUP_ST_01,STEEL,APAC,SUP_ST_01,2024-09-01,2024-08-01,116.8088,106.9974,100.2134,51.7429,43.7449,23.301,94.053,2.8438,120.97393
FMISV2_0000658,STEEL|APAC|SUP_ST_01,STEEL,APAC,SUP_ST_01,2024-10-01,2024-09-01,120.5409,107.4528,101.4149,50.1718,44.5531,28.047,89.955,2.579,120.59448
FMISV2_0000659,STEEL|APAC|SUP_ST_01,STEEL,APAC,SUP_ST_01,2024-11-01,2024-10-01,121.8495,112.1516,103.8644,46.0944,62.486,25.17,94.605,2.8402,121.17122
FMISV2_0000660,STEEL|APAC|SUP_ST_01,STEEL,APAC,SUP_ST_01,2024-12-01,2024-11-01,119.2886,110.8493,100.0879,47.805,56.3391,29.911,92.271,2.3155,122.39741
FMISV2_0000661,STEEL|APAC|SUP_ST_01,STEEL,APAC,SUP_ST_01,2025-01-01,2024-12-01,122.7039,115.5027,105.1059,48.0898,50.8256,25.594,94.603,2.5988,121.84891
FMISV2_0000662,STEEL|APAC|SUP_ST_01,STEEL,APAC,SUP_ST_01,2025-02-01,2025-01-01,126.956,117.1364,104.877,46.2308,40.1366,26.348,93.223,2.6585,122.64659
FMISV2_0000663,STEEL|APAC|SUP_ST_01,STEEL,APAC,SUP_ST_01,2025-03-01,2025-02-01,125.8724,113.8069,104.2955,46.5923,42.2164,27.679,93.991,2.3836,121.6617
FMISV2_0000664,STEEL|APAC|SUP_ST_01,STEEL,APAC,SUP_ST_01,2025-04-01,2025-03-01,125.8778,115.5665,104.6989,47.5916,47.7817,24.488,94.721,2.7627,124.57722
FMISV2_0000665,STEEL|APAC|SUP_ST_01,STEEL,APAC,SUP_ST_01,2025-05-01,2025-04-01,130.4023,108.1206,100.8093,48.8451,34.3671,25.528,91.356,2.5412,129.13421
FMISV2_0000666,STEEL|APAC|SUP_ST_01,STEEL,APAC,SUP_ST_01,2025-06-01,2025-05-01,131.4832,108.1694,99.7966,47.773,28.9754,21.028,94.66,2.476,128.59847
FMISV2_0000667,STEEL|APAC|SUP_ST_01,STEEL,APAC,SUP_ST_01,2025-07-01,2025-06-01,120.0944,108.2497,103.9028,49.3896,42.5897,23.644,93.556,2.1649,127.09484
FMISV2_0000668,STEEL|APAC|SUP_ST_01,STEEL,APAC,SUP_ST_01,2025-08-01,2025-07-01,125.0966,109.1851,100.4183,52.9039,39.7252,24.45,93.707,1.9922,128.39865
FMISV2_0000669,STEEL|APAC|SUP_ST_01,STEEL,APAC,SUP_ST_01,2025-09-01,2025-08-01,119.1498,102.1444,101.9623,51.1776,42.7608,24.183,92.537,2.7339,126.57862
FMISV2_0000670,STEEL|APAC|SUP_ST_01,STEEL,APAC,SUP_ST_01,2025-10-01,2025-09-01,121.2697,100.6346,103.4304,51.6835,48.0615,29.465,93.729,2.4968,126.84686
FMISV2_0000671,STEEL|APAC|SUP_ST_01,STEEL,APAC,SUP_ST_01,2025-11-01,2025-10-01,123.2357,110.9781,105.1572,53.3797,56.8966,26.867,92.652,2.8076,128.49285
FMISV2_0000672,STEEL|APAC|SUP_ST_01,STEEL,APAC,SUP_ST_01,2025-12-01,2025-11-01,126.6494,116.7064,102.5835,52.3006,43.2784,26.579,90.731,2.562,130.01858
FMISV2_0000673,STEEL|APAC|SUP_ST_02,STEEL,APAC,SUP_ST_02,2018-01-01,2017-12-01,102.9351,106.2305,100.3863,48.6363,56.1335,26.199,87.243,1.1162,97.26449
FMISV2_0000674,STEEL|APAC|SUP_ST_02,STEEL,APAC,SUP_ST_02,2018-02-01,2018-01-01,104.463,102.7035,104.1211,50.9948,41.8915,29.529,89.83,1.1057,99.19673
FMISV2_0000675,STEEL|APAC|SUP_ST_02,STEEL,APAC,SUP_ST_02,2018-03-01,2018-02-01,104.2012,103.5918,102.5517,49.4252,54.977,22.44,88.726,1.4812,99.63272
FMISV2_0000676,STEEL|APAC|SUP_ST_02,STEEL,APAC,SUP_ST_02,2018-04-01,2018-03-01,105.138,103.5876,98.4653,51.3662,47.1506,25.311,86.458,0.8507,98.76732
FMISV2_0000677,STEEL|APAC|SUP_ST_02,STEEL,APAC,SUP_ST_02,2018-05-01,2018-04-01,108.9989,107.7421,97.0258,51.5444,44.6762,25.19,90.64,1.2038,99.80666
FMISV2_0000678,STEEL|APAC|SUP_ST_02,STEEL,APAC,SUP_ST_02,2018-06-01,2018-05-01,103.0247,89.8612,93.0825,51.4006,42.9213,23.839,87.577,1.1767,97.56431
FMISV2_0000679,STEEL|APAC|SUP_ST_02,STEEL,APAC,SUP_ST_02,2018-07-01,2018-06-01,101.6263,97.8658,97.3939,50.5753,34.2305,24.236,90.254,1.4913,95.89326
FMISV2_0000680,STEEL|APAC|SUP_ST_02,STEEL,APAC,SUP_ST_02,2018-08-01,2018-07-01,95.1124,98.4985,96.9425,50.5688,36.0903,26.528,88.464,1.778,95.61768
FMISV2_0000681,STEEL|APAC|SUP_ST_02,STEEL,APAC,SUP_ST_02,2018-09-01,2018-08-01,100.7065,95.9444,97.8648,48.5661,40.7119,26.177,88.784,1.1907,94.59207
FMISV2_0000682,STEEL|APAC|SUP_ST_02,STEEL,APAC,SUP_ST_02,2018-10-01,2018-09-01,102.8332,96.9808,98.9736,48.9839,43.0843,23.915,86.938,1.011,95.41342
FMISV2_0000683,STEEL|APAC|SUP_ST_02,STEEL,APAC,SUP_ST_02,2018-11-01,2018-10-01,94.31,101.6977,95.6322,48.472,52.8899,27.463,89.799,1.3582,93.35376
FMISV2_0000684,STEEL|APAC|SUP_ST_02,STEEL,APAC,SUP_ST_02,2018-12-01,2018-11-01,106.2305,103.9334,100.9424,46.8643,59.6302,25.729,88.642,0.9622,94.87077
FMISV2_0000685,STEEL|APAC|SUP_ST_02,STEEL,APAC,SUP_ST_02,2019-01-01,2018-12-01,104.4059,108.9392,100.247,48.2305,39.572,28.745,86.837,0.9486,97.84007
FMISV2_0000686,STEEL|APAC|SUP_ST_02,STEEL,APAC,SUP_ST_02,2019-02-01,2019-01-01,104.8837,103.178,101.4897,46.8929,45.2941,24.653,87.746,1.0135,97.58636
FMISV2_0000687,STEEL|APAC|SUP_ST_02,STEEL,APAC,SUP_ST_02,2019-03-01,2019-02-01,109.3531,108.4711,104.9584,50.1918,48.6169,25.319,87.737,1.3983,99.58695
FMISV2_0000688,STEEL|APAC|SUP_ST_02,STEEL,APAC,SUP_ST_02,2019-04-01,2019-03-01,109.7496,102.3998,97.1729,49.2565,41.3393,24.984,86.522,1.408,101.14879
FMISV2_0000689,STEEL|APAC|SUP_ST_02,STEEL,APAC,SUP_ST_02,2019-05-01,2019-04-01,110.2095,106.756,100.2803,49.2849,39.8617,24.479,88.273,1.5411,100.62179
FMISV2_0000690,STEEL|APAC|SUP_ST_02,STEEL,APAC,SUP_ST_02,2019-06-01,2019-05-01,108.2254,97.9224,100.1792,52.3753,47.4373,21.839,88.69,1.0945,101.8983
FMISV2_0000691,STEEL|APAC|SUP_ST_02,STEEL,APAC,SUP_ST_02,2019-07-01,2019-06-01,99.5688,94.3285,96.5504,51.466,38.0408,20.885,88.633,1.8999,102.19382
FMISV2_0000692,STEEL|APAC|SUP_ST_02,STEEL,APAC,SUP_ST_02,2019-08-01,2019-07-01,103.3714,94.6544,95.5063,50.7377,39.4323,23.753,87.849,1.9922,102.31093
FMISV2_0000693,STEEL|APAC|SUP_ST_02,STEEL,APAC,SUP_ST_02,2019-09-01,2019-08-01,98.0391,93.4916,95.8587,54.667,57.5192,26.301,87.733,1.9523,99.77979
FMISV2_0000694,STEEL|APAC|SUP_ST_02,STEEL,APAC,SUP_ST_02,2019-10-01,2019-09-01,102.989,103.6798,97.1189,53.6604,61.5225,26.466,87.785,1.4067,98.2263
FMISV2_0000695,STEEL|APAC|SUP_ST_02,STEEL,APAC,SUP_ST_02,2019-11-01,2019-10-01,102.0679,106.9712,98.5456,50.0924,51.0232,24.282,88.132,1.2111,99.35123
FMISV2_0000696,STEEL|APAC|SUP_ST_02,STEEL,APAC,SUP_ST_02,2019-12-01,2019-11-01,102.9959,112.5474,100.531,51.9865,47.8538,28.894,89.234,1.3455,99.01375
FMISV2_0000697,STEEL|APAC|SUP_ST_02,STEEL,APAC,SUP_ST_02,2020-01-01,2019-12-01,110.1435,110.9353,102.1597,53.376,48.3364,20.688,87.929,1.1979,99.80784
FMISV2_0000698,STEEL|APAC|SUP_ST_02,STEEL,APAC,SUP_ST_02,2020-02-01,2020-01-01,115.7955,113.3031,102.9422,53.1077,49.9563,29.227,88.587,1.1522,102.80873
FMISV2_0000699,STEEL|APAC|SUP_ST_02,STEEL,APAC,SUP_ST_02,2020-03-01,2020-02-01,109.2858,112.4017,101.8637,51.2515,54.1833,27.706,87.293,1.9459,103.53427
FMISV2_0000700,STEEL|APAC|SUP_ST_02,STEEL,APAC,SUP_ST_02,2020-04-01,2020-03-01,110.9579,102.4057,100.0318,48.2291,44.104,24.948,88.566,1.5984,110.11373
FMISV2_0000701,STEEL|APAC|SUP_ST_02,STEEL,APAC,SUP_ST_02,2020-05-01,2020-04-01,109.7981,104.8867,98.5287,47.3081,33.3903,27.397,89.289,2.7267,109.3703
FMISV2_0000702,STEEL|APAC|SUP_ST_02,STEEL,APAC,SUP_ST_02,2020-06-01,2020-05-01,117.5258,97.4377,97.7565,49.9225,40.85,23.85,87.077,1.5197,107.56497
FMISV2_0000703,STEEL|APAC|SUP_ST_02,STEEL,APAC,SUP_ST_02,2020-07-01,2020-06-01,103.2119,105.1801,96.4404,47.1907,36.2782,21.349,88.032,1.7465,105.7225
FMISV2_0000704,STEEL|APAC|SUP_ST_02,STEEL,APAC,SUP_ST_02,2020-08-01,2020-07-01,104.6328,101.2908,98.5098,45.8148,35.0467,21.142,87.834,1.424,104.57956
FMISV2_0000705,STEEL|APAC|SUP_ST_02,STEEL,APAC,SUP_ST_02,2020-09-01,2020-08-01,104.6045,93.7309,97.1124,45.0372,52.271,25.386,87.172,1.8219,104.57513
FMISV2_0000706,STEEL|APAC|SUP_ST_02,STEEL,APAC,SUP_ST_02,2020-10-01,2020-09-01,106.7902,105.8281,96.7899,50.1332,42.8674,26.189,88.781,1.6473,105.10102
FMISV2_0000707,STEEL|APAC|SUP_ST_02,STEEL,APAC,SUP_ST_02,2020-11-01,2020-10-01,103.5774,100.6185,99.3425,48.5166,49.1294,20.859,87.788,1.5307,103.69156
FMISV2_0000708,STEEL|APAC|SUP_ST_02,STEEL,APAC,SUP_ST_02,2020-12-01,2020-11-01,106.6203,106.4558,100.4496,49.6546,44.2504,23.153,87.496,1.5372,102.95523
FMISV2_0000709,STEEL|APAC|SUP_ST_02,STEEL,APAC,SUP_ST_02,2021-01-01,2020-12-01,109.3489,114.0991,101.16,52.8361,53.2156,30.976,87.094,1.8512,105.35336
FMISV2_0000710,STEEL|APAC|SUP_ST_02,STEEL,APAC,SUP_ST_02,2021-02-01,2021-01-01,115.0235,104.2425,101.6722,51.3815,58.0388,26.882,86.905,2.0315,106.05796
FMISV2_0000711,STEEL|APAC|SUP_ST_02,STEEL,APAC,SUP_ST_02,2021-03-01,2021-02-01,111.9497,104.6707,102.2528,53.4874,39.5819,24.864,89.132,1.1415,106.54488
FMISV2_0000712,STEEL|APAC|SUP_ST_02,STEEL,APAC,SUP_ST_02,2021-04-01,2021-03-01,119.6959,108.6164,99.6212,53.3608,46.4441,21.799,87.865,2.0092,108.3512
FMISV2_0000713,STEEL|APAC|SUP_ST_02,STEEL,APAC,SUP_ST_02,2021-05-01,2021-04-01,112.7161,96.394,99.4303,53.6997,38.7841,22.605,88.253,1.5539,109.70766
FMISV2_0000714,STEEL|APAC|SUP_ST_02,STEEL,APAC,SUP_ST_02,2021-06-01,2021-05-01,115.5709,99.8472,98.8722,52.1906,35.5554,24.739,88.594,1.0844,108.70403
FMISV2_0000715,STEEL|APAC|SUP_ST_02,STEEL,APAC,SUP_ST_02,2021-07-01,2021-06-01,110.2152,96.8253,98.947,51.9469,35.4923,26.694,88.872,2.0671,107.62369
FMISV2_0000716,STEEL|APAC|SUP_ST_02,STEEL,APAC,SUP_ST_02,2021-08-01,2021-07-01,110.1049,94.9334,97.118,49.9846,35.6575,25.286,88.669,1.703,106.98011
FMISV2_0000717,STEEL|APAC|SUP_ST_02,STEEL,APAC,SUP_ST_02,2021-09-01,2021-08-01,106.7397,107.617,96.5551,50.4862,41.908,23.895,87.72,2.3464,106.25538
FMISV2_0000718,STEEL|APAC|SUP_ST_02,STEEL,APAC,SUP_ST_02,2021-10-01,2021-09-01,110.6796,103.1365,98.8168,51.3607,42.8419,24.496,87.006,1.7135,112.81753
FMISV2_0000719,STEEL|APAC|SUP_ST_02,STEEL,APAC,SUP_ST_02,2021-11-01,2021-10-01,115.1356,105.9621,101.9816,49.3118,54.4724,26.005,89.751,1.7291,113.34838
FMISV2_0000720,STEEL|APAC|SUP_ST_02,STEEL,APAC,SUP_ST_02,2021-12-01,2021-11-01,111.337,105.5673,100.645,46.4528,55.7673,24.433,88.638,2.0931,112.80132
FMISV2_0000721,STEEL|APAC|SUP_ST_02,STEEL,APAC,SUP_ST_02,2022-01-01,2021-12-01,112.1994,123.5805,103.212,46.7115,48.5703,21.577,87.795,1.5346,111.65514
FMISV2_0000722,STEEL|APAC|SUP_ST_02,STEEL,APAC,SUP_ST_02,2022-02-01,2022-01-01,111.0395,108.0289,104.2323,46.3247,53.8425,24.723,87.723,1.384,111.74036
FMISV2_0000723,STEEL|APAC|SUP_ST_02,STEEL,APAC,SUP_ST_02,2022-03-01,2022-02-01,117.252,112.121,101.433,47.844,46.8625,21.831,85.419,2.7241,118.34009
FMISV2_0000724,STEEL|APAC|SUP_ST_02,STEEL,APAC,SUP_ST_02,2022-04-01,2022-03-01,121.0944,101.5237,101.8219,48.0325,40.8477,26.462,87.53,1.7571,116.91857
FMISV2_0000725,STEEL|APAC|SUP_ST_02,STEEL,APAC,SUP_ST_02,2022-05-01,2022-04-01,114.3896,107.384,99.1242,46.61,52.7075,27.226,88.682,2.6898,115.39555
FMISV2_0000726,STEEL|APAC|SUP_ST_02,STEEL,APAC,SUP_ST_02,2022-06-01,2022-05-01,113.7828,101.4587,100.9238,46.9302,38.2018,22.853,89.422,2.4307,113.04224
FMISV2_0000727,STEEL|APAC|SUP_ST_02,STEEL,APAC,SUP_ST_02,2022-07-01,2022-06-01,114.0836,102.0775,97.1912,51.5686,39.4617,26.662,86.989,1.521,112.31243
FMISV2_0000728,STEEL|APAC|SUP_ST_02,STEEL,APAC,SUP_ST_02,2022-08-01,2022-07-01,117.7614,102.1247,98.1242,51.5157,40.2741,23.51,86.997,2.0987,113.25942
FMISV2_0000729,STEEL|APAC|SUP_ST_02,STEEL,APAC,SUP_ST_02,2022-09-01,2022-08-01,107.0092,95.0342,96.5816,51.8277,40.9866,22.923,87.717,1.4867,111.99135
FMISV2_0000730,STEEL|APAC|SUP_ST_02,STEEL,APAC,SUP_ST_02,2022-10-01,2022-09-01,112.5549,103.18,101.921,52.9565,42.8768,21.09,89.855,2.087,111.3433
FMISV2_0000731,STEEL|APAC|SUP_ST_02,STEEL,APAC,SUP_ST_02,2022-11-01,2022-10-01,112.6264,100.6801,101.6751,52.7293,52.0187,26.554,87.168,2.6577,111.76704
FMISV2_0000732,STEEL|APAC|SUP_ST_02,STEEL,APAC,SUP_ST_02,2022-12-01,2022-11-01,119.7558,102.1387,103.6284,51.9272,57.4425,26.643,90.684,2.677,112.757
FMISV2_0000733,STEEL|APAC|SUP_ST_02,STEEL,APAC,SUP_ST_02,2023-01-01,2022-12-01,116.6644,108.2256,103.1289,49.7243,58.1623,20.904,88.634,1.7149,113.75186
FMISV2_0000734,STEEL|APAC|SUP_ST_02,STEEL,APAC,SUP_ST_02,2023-02-01,2023-01-01,118.8731,114.9764,106.8953,50.5961,47.0902,26.057,87.333,2.6427,115.80813
FMISV2_0000735,STEEL|APAC|SUP_ST_02,STEEL,APAC,SUP_ST_02,2023-03-01,2023-02-01,122.1048,112.1693,102.517,49.2389,34.0285,24.239,89.077,1.6987,115.40583
FMISV2_0000736,STEEL|APAC|SUP_ST_02,STEEL,APAC,SUP_ST_02,2023-04-01,2023-03-01,121.5099,111.6855,103.3686,51.7497,38.5977,28.408,90.561,2.1435,117.22771
FMISV2_0000737,STEEL|APAC|SUP_ST_02,STEEL,APAC,SUP_ST_02,2023-05-01,2023-04-01,120.5085,107.1975,101.269,48.0522,43.8878,22.707,88.299,1.9511,116.87183
FMISV2_0000738,STEEL|APAC|SUP_ST_02,STEEL,APAC,SUP_ST_02,2023-06-01,2023-05-01,117.5433,107.3286,100.2748,46.8898,33.7447,21.981,90.57,1.7656,114.7184
FMISV2_0000739,STEEL|APAC|SUP_ST_02,STEEL,APAC,SUP_ST_02,2023-07-01,2023-06-01,120.1308,101.7859,96.84,46.994,36.5958,21.955,88.296,2.2274,115.33268
FMISV2_0000740,STEEL|APAC|SUP_ST_02,STEEL,APAC,SUP_ST_02,2023-08-01,2023-07-01,116.5932,99.4298,99.1273,45.6769,45.0821,30.422,89.25,2.4527,113.38256
FMISV2_0000741,STEEL|APAC|SUP_ST_02,STEEL,APAC,SUP_ST_02,2023-09-01,2023-08-01,119.9535,102.9296,99.7236,47.7256,48.7099,22.607,88.756,3.1401,113.09693
FMISV2_0000742,STEEL|APAC|SUP_ST_02,STEEL,APAC,SUP_ST_02,2023-10-01,2023-09-01,117.4428,107.1494,100.2784,48.2576,48.8767,22.372,88.828,2.7203,111.82667
FMISV2_0000743,STEEL|APAC|SUP_ST_02,STEEL,APAC,SUP_ST_02,2023-11-01,2023-10-01,116.1112,97.4167,101.7606,47.0184,50.484,25.838,89.056,1.8173,110.33916
FMISV2_0000744,STEEL|APAC|SUP_ST_02,STEEL,APAC,SUP_ST_02,2023-12-01,2023-11-01,116.4076,105.556,102.0468,49.4617,51.8451,25.626,88.837,2.4715,111.65178
FMISV2_0000745,STEEL|APAC|SUP_ST_02,STEEL,APAC,SUP_ST_02,2024-01-01,2023-12-01,117.4845,115.6111,103.0897,50.6718,46.8861,24.876,89.264,3.0681,114.49264
FMISV2_0000746,STEEL|APAC|SUP_ST_02,STEEL,APAC,SUP_ST_02,2024-02-01,2024-01-01,117.8622,118.6903,104.8128,53.9543,49.0509,24.132,89.737,2.1761,116.03059
FMISV2_0000747,STEEL|APAC|SUP_ST_02,STEEL,APAC,SUP_ST_02,2024-03-01,2024-02-01,127.4457,115.9259,105.8341,51.2903,43.3594,26.368,88.106,2.3546,117.18369
FMISV2_0000748,STEEL|APAC|SUP_ST_02,STEEL,APAC,SUP_ST_02,2024-04-01,2024-03-01,128.731,115.0208,101.7188,52.6001,40.3482,23.573,89.675,2.2514,116.5417
FMISV2_0000749,STEEL|APAC|SUP_ST_02,STEEL,APAC,SUP_ST_02,2024-05-01,2024-04-01,124.2926,114.35,101.4246,54.2701,40.2109,27.307,88.982,2.3911,119.64559
FMISV2_0000750,STEEL|APAC|SUP_ST_02,STEEL,APAC,SUP_ST_02,2024-06-01,2024-05-01,119.1319,108.8524,103.9118,53.1257,30.6917,23.858,90.306,2.1785,118.26474
FMISV2_0000751,STEEL|APAC|SUP_ST_02,STEEL,APAC,SUP_ST_02,2024-07-01,2024-06-01,122.1279,102.1748,101.7518,53.1732,41.7271,23.525,87.745,2.4169,119.30705
FMISV2_0000752,STEEL|APAC|SUP_ST_02,STEEL,APAC,SUP_ST_02,2024-08-01,2024-07-01,121.4915,100.0442,100.5007,49.9254,43.1696,25.714,88.279,2.1564,120.3173
FMISV2_0000753,STEEL|APAC|SUP_ST_02,STEEL,APAC,SUP_ST_02,2024-09-01,2024-08-01,116.8088,106.9974,97.9018,51.7429,43.7449,24.095,90.396,2.8993,119.48176
FMISV2_0000754,STEEL|APAC|SUP_ST_02,STEEL,APAC,SUP_ST_02,2024-10-01,2024-09-01,120.5409,107.4528,100.9341,50.1718,44.5531,25.662,88.679,3.0338,119.48434
FMISV2_0000755,STEEL|APAC|SUP_ST_02,STEEL,APAC,SUP_ST_02,2024-11-01,2024-10-01,121.8495,112.1516,103.7327,46.0944,62.486,25.848,88.973,3.232,120.18742
FMISV2_0000756,STEEL|APAC|SUP_ST_02,STEEL,APAC,SUP_ST_02,2024-12-01,2024-11-01,119.2886,110.8493,106.9093,47.805,56.3391,21.251,88.965,2.5419,120.49507
FMISV2_0000757,STEEL|APAC|SUP_ST_02,STEEL,APAC,SUP_ST_02,2025-01-01,2024-12-01,122.7039,115.5027,104.0173,48.0898,50.8256,24.34,89.049,1.7674,120.41957
FMISV2_0000758,STEEL|APAC|SUP_ST_02,STEEL,APAC,SUP_ST_02,2025-02-01,2025-01-01,126.956,117.1364,104.6244,46.2308,40.1366,23.02,90.016,2.4127,120.51808
FMISV2_0000759,STEEL|APAC|SUP_ST_02,STEEL,APAC,SUP_ST_02,2025-03-01,2025-02-01,125.8724,113.8069,101.8698,46.5923,42.2164,20.585,88.967,2.0162,120.97993
FMISV2_0000760,STEEL|APAC|SUP_ST_02,STEEL,APAC,SUP_ST_02,2025-04-01,2025-03-01,125.8778,115.5665,103.9622,47.5916,47.7817,27.097,85.528,2.2397,120.14918
FMISV2_0000761,STEEL|APAC|SUP_ST_02,STEEL,APAC,SUP_ST_02,2025-05-01,2025-04-01,130.4023,108.1206,103.4994,48.8451,34.3671,24.627,88.911,2.5662,119.5791
FMISV2_0000762,STEEL|APAC|SUP_ST_02,STEEL,APAC,SUP_ST_02,2025-06-01,2025-05-01,131.4832,108.1694,102.7063,47.773,28.9754,25.386,85.891,2.2157,119.65373
FMISV2_0000763,STEEL|APAC|SUP_ST_02,STEEL,APAC,SUP_ST_02,2025-07-01,2025-06-01,120.0944,108.2497,97.7392,49.3896,42.5897,19.852,87.828,3.0882,119.29231
FMISV2_0000764,STEEL|APAC|SUP_ST_02,STEEL,APAC,SUP_ST_02,2025-08-01,2025-07-01,125.0966,109.1851,97.4511,52.9039,39.7252,20.299,87.984,2.4856,119.95208
FMISV2_0000765,STEEL|APAC|SUP_ST_02,STEEL,APAC,SUP_ST_02,2025-09-01,2025-08-01,119.1498,102.1444,101.2089,51.1776,42.7608,24.051,91.034,2.3381,118.35592
FMISV2_0000766,STEEL|APAC|SUP_ST_02,STEEL,APAC,SUP_ST_02,2025-10-01,2025-09-01,121.2697,100.6346,100.042,51.6835,48.0615,25.483,87.648,2.8432,118.77438
FMISV2_0000767,STEEL|APAC|SUP_ST_02,STEEL,APAC,SUP_ST_02,2025-11-01,2025-10-01,123.2357,110.9781,104.5507,53.3797,56.8966,26.129,86.933,2.3222,120.42528
FMISV2_0000768,STEEL|APAC|SUP_ST_02,STEEL,APAC,SUP_ST_02,2025-12-01,2025-11-01,126.6494,116.7064,104.1278,52.3006,43.2784,27.115,88.666,2.4995,120.81072
FMISV2_0000769,STEEL|APAC|SUP_ST_03,STEEL,APAC,SUP_ST_03,2018-01-01,2017-12-01,102.9351,106.2305,100.6309,48.6363,56.1335,36.003,92.547,1.5897,94.39174
FMISV2_0000770,STEEL|APAC|SUP_ST_03,STEEL,APAC,SUP_ST_03,2018-02-01,2018-01-01,104.463,102.7035,98.7572,50.9948,41.8915,31.96,95.857,1.7636,94.35397
FMISV2_0000771,STEEL|APAC|SUP_ST_03,STEEL,APAC,SUP_ST_03,2018-03-01,2018-02-01,104.2012,103.5918,99.7731,49.4252,54.977,34.63,94.72,1.1848,96.5232
FMISV2_0000772,STEEL|APAC|SUP_ST_03,STEEL,APAC,SUP_ST_03,2018-04-01,2018-03-01,105.138,103.5876,96.7257,51.3662,47.1506,28.077,96.784,1.3179,96.77809
FMISV2_0000773,STEEL|APAC|SUP_ST_03,STEEL,APAC,SUP_ST_03,2018-05-01,2018-04-01,108.9989,107.7421,96.7496,51.5444,44.6762,32.322,95.44,0.9454,97.93679
FMISV2_0000774,STEEL|APAC|SUP_ST_03,STEEL,APAC,SUP_ST_03,2018-06-01,2018-05-01,103.0247,89.8612,96.188,51.4006,42.9213,34.495,95.987,1.389,96.68457
FMISV2_0000775,STEEL|APAC|SUP_ST_03,STEEL,APAC,SUP_ST_03,2018-07-01,2018-06-01,101.6263,97.8658,92.3601,50.5753,34.2305,31.978,96.437,1.5213,95.54764
FMISV2_0000776,STEEL|APAC|SUP_ST_03,STEEL,APAC,SUP_ST_03,2018-08-01,2018-07-01,95.1124,98.4985,92.6004,50.5688,36.0903,34.832,95.282,1.4248,97.23081
FMISV2_0000777,STEEL|APAC|SUP_ST_03,STEEL,APAC,SUP_ST_03,2018-09-01,2018-08-01,100.7065,95.9444,95.0797,48.5661,40.7119,33.118,97.033,1.1838,95.75895
FMISV2_0000778,STEEL|APAC|SUP_ST_03,STEEL,APAC,SUP_ST_03,2018-10-01,2018-09-01,102.8332,96.9808,96.5057,48.9839,43.0843,36.026,95.455,0.7559,96.39977
FMISV2_0000779,STEEL|APAC|SUP_ST_03,STEEL,APAC,SUP_ST_03,2018-11-01,2018-10-01,94.31,101.6977,96.6209,48.472,52.8899,33.477,95.367,1.9193,94.87417
FMISV2_0000780,STEEL|APAC|SUP_ST_03,STEEL,APAC,SUP_ST_03,2018-12-01,2018-11-01,106.2305,103.9334,100.8055,46.8643,59.6302,34.194,94.962,0.9481,94.42213
FMISV2_0000781,STEEL|APAC|SUP_ST_03,STEEL,APAC,SUP_ST_03,2019-01-01,2018-12-01,104.4059,108.9392,99.1571,48.2305,39.572,32.569,94.311,1.1423,93.94752
FMISV2_0000782,STEEL|APAC|SUP_ST_03,STEEL,APAC,SUP_ST_03,2019-02-01,2019-01-01,104.8837,103.178,101.9747,46.8929,45.2941,35.45,94.819,1.4087,94.8965
FMISV2_0000783,STEEL|APAC|SUP_ST_03,STEEL,APAC,SUP_ST_03,2019-03-01,2019-02-01,109.3531,108.4711,102.4362,50.1918,48.6169,31.221,95.8,1.9095,97.00223
FMISV2_0000784,STEEL|APAC|SUP_ST_03,STEEL,APAC,SUP_ST_03,2019-04-01,2019-03-01,109.7496,102.3998,103.3868,49.2565,41.3393,35.737,93.655,1.4413,98.80281
FMISV2_0000785,STEEL|APAC|SUP_ST_03,STEEL,APAC,SUP_ST_03,2019-05-01,2019-04-01,110.2095,106.756,98.7289,49.2849,39.8617,31.443,95.576,1.4186,100.96362
FMISV2_0000786,STEEL|APAC|SUP_ST_03,STEEL,APAC,SUP_ST_03,2019-06-01,2019-05-01,108.2254,97.9224,98.9665,52.3753,47.4373,31.456,96.834,1.3294,104.39221
FMISV2_0000787,STEEL|APAC|SUP_ST_03,STEEL,APAC,SUP_ST_03,2019-07-01,2019-06-01,99.5688,94.3285,95.8953,51.466,38.0408,38.849,96.96,1.1718,102.93362
FMISV2_0000788,STEEL|APAC|SUP_ST_03,STEEL,APAC,SUP_ST_03,2019-08-01,2019-07-01,103.3714,94.6544,96.2401,50.7377,39.4323,33.345,96.538,1.1939,103.0966
FMISV2_0000789,STEEL|APAC|SUP_ST_03,STEEL,APAC,SUP_ST_03,2019-09-01,2019-08-01,98.0391,93.4916,96.2789,54.667,57.5192,36.597,96.416,1.2754,100.61224
FMISV2_0000790,STEEL|APAC|SUP_ST_03,STEEL,APAC,SUP_ST_03,2019-10-01,2019-09-01,102.989,103.6798,98.2686,53.6604,61.5225,30.819,96.579,1.481,101.29389
FMISV2_0000791,STEEL|APAC|SUP_ST_03,STEEL,APAC,SUP_ST_03,2019-11-01,2019-10-01,102.0679,106.9712,100.6315,50.0924,51.0232,33.204,95.54,1.2449,100.26954
FMISV2_0000792,STEEL|APAC|SUP_ST_03,STEEL,APAC,SUP_ST_03,2019-12-01,2019-11-01,102.9959,112.5474,98.8834,51.9865,47.8538,34.105,96.161,2.0107,100.53284
FMISV2_0000793,STEEL|APAC|SUP_ST_03,STEEL,APAC,SUP_ST_03,2020-01-01,2019-12-01,110.1435,110.9353,101.5793,53.376,48.3364,34.992,96.451,1.4033,102.78404
FMISV2_0000794,STEEL|APAC|SUP_ST_03,STEEL,APAC,SUP_ST_03,2020-02-01,2020-01-01,115.7955,113.3031,100.2843,53.1077,49.9563,33.404,94.818,1.4904,104.70156
FMISV2_0000795,STEEL|APAC|SUP_ST_03,STEEL,APAC,SUP_ST_03,2020-03-01,2020-02-01,109.2858,112.4017,100.6868,51.2515,54.1833,36.026,95.634,1.3575,103.35798
FMISV2_0000796,STEEL|APAC|SUP_ST_03,STEEL,APAC,SUP_ST_03,2020-04-01,2020-03-01,110.9579,102.4057,98.7974,48.2291,44.104,31.098,97.071,1.5574,109.47774
FMISV2_0000797,STEEL|APAC|SUP_ST_03,STEEL,APAC,SUP_ST_03,2020-05-01,2020-04-01,109.7981,104.8867,101.1959,47.3081,33.3903,37.94,95.0,1.468,108.93412
FMISV2_0000798,STEEL|APAC|SUP_ST_03,STEEL,APAC,SUP_ST_03,2020-06-01,2020-05-01,117.5258,97.4377,98.9164,49.9225,40.85,33.625,95.955,1.7603,107.373
FMISV2_0000799,STEEL|APAC|SUP_ST_03,STEEL,APAC,SUP_ST_03,2020-07-01,2020-06-01,103.2119,105.1801,97.1479,47.1907,36.2782,36.461,94.805,0.9501,105.27909
FMISV2_0000800,STEEL|APAC|SUP_ST_03,STEEL,APAC,SUP_ST_03,2020-08-01,2020-07-01,104.6328,101.2908,96.1246,45.8148,35.0467,33.292,93.101,2.0597,101.59186
FMISV2_0000801,STEEL|APAC|SUP_ST_03,STEEL,APAC,SUP_ST_03,2020-09-01,2020-08-01,104.6045,93.7309,98.3782,45.0372,52.271,34.077,96.007,1.5713,99.70527
FMISV2_0000802,STEEL|APAC|SUP_ST_03,STEEL,APAC,SUP_ST_03,2020-10-01,2020-09-01,106.7902,105.8281,98.3228,50.1332,42.8674,30.861,96.192,1.2403,101.44805
FMISV2_0000803,STEEL|APAC|SUP_ST_03,STEEL,APAC,SUP_ST_03,2020-11-01,2020-10-01,103.5774,100.6185,102.6777,48.5166,49.1294,34.503,95.803,1.4483,99.34997
FMISV2_0000804,STEEL|APAC|SUP_ST_03,STEEL,APAC,SUP_ST_03,2020-12-01,2020-11-01,106.6203,106.4558,99.8317,49.6546,44.2504,33.71,94.316,0.884,98.65931
FMISV2_0000805,STEEL|APAC|SUP_ST_03,STEEL,APAC,SUP_ST_03,2021-01-01,2020-12-01,109.3489,114.0991,103.2012,52.8361,53.2156,32.24,95.994,1.5137,99.70756
FMISV2_0000806,STEEL|APAC|SUP_ST_03,STEEL,APAC,SUP_ST_03,2021-02-01,2021-01-01,115.0235,104.2425,102.2679,51.3815,58.0388,38.755,93.041,1.5363,103.25558
FMISV2_0000807,STEEL|APAC|SUP_ST_03,STEEL,APAC,SUP_ST_03,2021-03-01,2021-02-01,111.9497,104.6707,98.9017,53.4874,39.5819,36.205,95.582,1.6033,103.57848
FMISV2_0000808,STEEL|APAC|SUP_ST_03,STEEL,APAC,SUP_ST_03,2021-04-01,2021-03-01,119.6959,108.6164,100.2437,53.3608,46.4441,34.292,96.315,1.6285,104.51073
FMISV2_0000809,STEEL|APAC|SUP_ST_03,STEEL,APAC,SUP_ST_03,2021-05-01,2021-04-01,112.7161,96.394,100.8134,53.6997,38.7841,32.525,99.0,1.6708,105.77208
FMISV2_0000810,STEEL|APAC|SUP_ST_03,STEEL,APAC,SUP_ST_03,2021-06-01,2021-05-01,115.5709,99.8472,95.1059,52.1906,35.5554,36.657,96.819,1.5983,106.06269
FMISV2_0000811,STEEL|APAC|SUP_ST_03,STEEL,APAC,SUP_ST_03,2021-07-01,2021-06-01,110.2152,96.8253,101.5744,51.9469,35.4923,34.223,94.86,1.3086,105.50614
FMISV2_0000812,STEEL|APAC|SUP_ST_03,STEEL,APAC,SUP_ST_03,2021-08-01,2021-07-01,110.1049,94.9334,97.971,49.9846,35.6575,29.991,97.59,2.1118,104.33121
FMISV2_0000813,STEEL|APAC|SUP_ST_03,STEEL,APAC,SUP_ST_03,2021-09-01,2021-08-01,106.7397,107.617,100.7242,50.4862,41.908,31.899,97.863,2.4579,105.32461
FMISV2_0000814,STEEL|APAC|SUP_ST_03,STEEL,APAC,SUP_ST_03,2021-10-01,2021-09-01,110.6796,103.1365,96.6182,51.3607,42.8419,32.769,95.242,2.4541,109.52987
FMISV2_0000815,STEEL|APAC|SUP_ST_03,STEEL,APAC,SUP_ST_03,2021-11-01,2021-10-01,115.1356,105.9621,100.927,49.3118,54.4724,28.1,95.615,1.7469,109.14001
FMISV2_0000816,STEEL|APAC|SUP_ST_03,STEEL,APAC,SUP_ST_03,2021-12-01,2021-11-01,111.337,105.5673,103.5301,46.4528,55.7673,38.015,96.225,2.3187,109.48432
FMISV2_0000817,STEEL|APAC|SUP_ST_03,STEEL,APAC,SUP_ST_03,2022-01-01,2021-12-01,112.1994,123.5805,106.4066,46.7115,48.5703,33.418,95.17,1.8082,107.93362
FMISV2_0000818,STEEL|APAC|SUP_ST_03,STEEL,APAC,SUP_ST_03,2022-02-01,2022-01-01,111.0395,108.0289,101.5471,46.3247,53.8425,40.112,97.23,1.9207,108.44263
FMISV2_0000819,STEEL|APAC|SUP_ST_03,STEEL,APAC,SUP_ST_03,2022-03-01,2022-02-01,117.252,112.121,102.8184,47.844,46.8625,36.132,96.266,2.0527,116.18468
FMISV2_0000820,STEEL|APAC|SUP_ST_03,STEEL,APAC,SUP_ST_03,2022-04-01,2022-03-01,121.0944,101.5237,100.1519,48.0325,40.8477,32.681,96.76,1.8976,115.79124
FMISV2_0000821,STEEL|APAC|SUP_ST_03,STEEL,APAC,SUP_ST_03,2022-05-01,2022-04-01,114.3896,107.384,101.4712,46.61,52.7075,34.66,94.62,1.9345,113.64626
FMISV2_0000822,STEEL|APAC|SUP_ST_03,STEEL,APAC,SUP_ST_03,2022-06-01,2022-05-01,113.7828,101.4587,99.3468,46.9302,38.2018,30.333,95.025,1.8464,113.02069
FMISV2_0000823,STEEL|APAC|SUP_ST_03,STEEL,APAC,SUP_ST_03,2022-07-01,2022-06-01,114.0836,102.0775,101.0479,51.5686,39.4617,36.257,94.015,2.0327,111.52774
FMISV2_0000824,STEEL|APAC|SUP_ST_03,STEEL,APAC,SUP_ST_03,2022-08-01,2022-07-01,117.7614,102.1247,99.1596,51.5157,40.2741,33.365,95.356,2.7436,109.81341
FMISV2_0000825,STEEL|APAC|SUP_ST_03,STEEL,APAC,SUP_ST_03,2022-09-01,2022-08-01,107.0092,95.0342,99.4745,51.8277,40.9866,31.837,96.876,2.9412,107.38713
FMISV2_0000826,STEEL|APAC|SUP_ST_03,STEEL,APAC,SUP_ST_03,2022-10-01,2022-09-01,112.5549,103.18,100.1502,52.9565,42.8768,32.609,97.855,1.1631,107.42286
FMISV2_0000827,STEEL|APAC|SUP_ST_03,STEEL,APAC,SUP_ST_03,2022-11-01,2022-10-01,112.6264,100.6801,102.4405,52.7293,52.0187,33.901,96.783,2.2718,109.3021
FMISV2_0000828,STEEL|APAC|SUP_ST_03,STEEL,APAC,SUP_ST_03,2022-12-01,2022-11-01,119.7558,102.1387,102.3979,51.9272,57.4425,39.686,95.165,1.9285,108.70469
FMISV2_0000829,STEEL|APAC|SUP_ST_03,STEEL,APAC,SUP_ST_03,2023-01-01,2022-12-01,116.6644,108.2256,104.4268,49.7243,58.1623,31.986,96.409,2.2224,111.10189
FMISV2_0000830,STEEL|APAC|SUP_ST_03,STEEL,APAC,SUP_ST_03,2023-02-01,2023-01-01,118.8731,114.9764,103.2509,50.5961,47.0902,30.069,96.414,2.1709,110.94103
FMISV2_0000831,STEEL|APAC|SUP_ST_03,STEEL,APAC,SUP_ST_03,2023-03-01,2023-02-01,122.1048,112.1693,102.3694,49.2389,34.0285,31.964,93.048,1.9105,112.07775
FMISV2_0000832,STEEL|APAC|SUP_ST_03,STEEL,APAC,SUP_ST_03,2023-04-01,2023-03-01,121.5099,111.6855,102.0598,51.7497,38.5977,32.133,95.048,1.7397,115.2668
FMISV2_0000833,STEEL|APAC|SUP_ST_03,STEEL,APAC,SUP_ST_03,2023-05-01,2023-04-01,120.5085,107.1975,99.3646,48.0522,43.8878,35.902,96.485,1.9435,115.1044
FMISV2_0000834,STEEL|APAC|SUP_ST_03,STEEL,APAC,SUP_ST_03,2023-06-01,2023-05-01,117.5433,107.3286,100.814,46.8898,33.7447,31.641,95.891,2.3377,118.13839
FMISV2_0000835,STEEL|APAC|SUP_ST_03,STEEL,APAC,SUP_ST_03,2023-07-01,2023-06-01,120.1308,101.7859,98.5637,46.994,36.5958,32.365,95.43,2.7685,114.30394
FMISV2_0000836,STEEL|APAC|SUP_ST_03,STEEL,APAC,SUP_ST_03,2023-08-01,2023-07-01,116.5932,99.4298,99.569,45.6769,45.0821,36.988,95.126,2.1143,110.65662
FMISV2_0000837,STEEL|APAC|SUP_ST_03,STEEL,APAC,SUP_ST_03,2023-09-01,2023-08-01,119.9535,102.9296,97.9983,47.7256,48.7099,34.878,95.34,2.2103,110.41452
FMISV2_0000838,STEEL|APAC|SUP_ST_03,STEEL,APAC,SUP_ST_03,2023-10-01,2023-09-01,117.4428,107.1494,102.7949,48.2576,48.8767,33.014,96.046,1.7019,109.42698
FMISV2_0000839,STEEL|APAC|SUP_ST_03,STEEL,APAC,SUP_ST_03,2023-11-01,2023-10-01,116.1112,97.4167,102.3832,47.0184,50.484,35.806,97.32,1.8916,109.30819
FMISV2_0000840,STEEL|APAC|SUP_ST_03,STEEL,APAC,SUP_ST_03,2023-12-01,2023-11-01,116.4076,105.556,102.4537,49.4617,51.8451,33.447,94.536,2.3251,110.46269
FMISV2_0000841,STEEL|APAC|SUP_ST_03,STEEL,APAC,SUP_ST_03,2024-01-01,2023-12-01,117.4845,115.6111,106.9521,50.6718,46.8861,33.618,97.294,2.5076,111.27359
FMISV2_0000842,STEEL|APAC|SUP_ST_03,STEEL,APAC,SUP_ST_03,2024-02-01,2024-01-01,117.8622,118.6903,103.0271,53.9543,49.0509,32.32,97.55,2.0099,113.94056
FMISV2_0000843,STEEL|APAC|SUP_ST_03,STEEL,APAC,SUP_ST_03,2024-03-01,2024-02-01,127.4457,115.9259,105.1781,51.2903,43.3594,33.799,96.216,2.427,115.14347
FMISV2_0000844,STEEL|APAC|SUP_ST_03,STEEL,APAC,SUP_ST_03,2024-04-01,2024-03-01,128.731,115.0208,103.4719,52.6001,40.3482,35.579,97.675,2.6646,117.52368
FMISV2_0000845,STEEL|APAC|SUP_ST_03,STEEL,APAC,SUP_ST_03,2024-05-01,2024-04-01,124.2926,114.35,103.6385,54.2701,40.2109,31.536,96.141,2.8912,118.27138
FMISV2_0000846,STEEL|APAC|SUP_ST_03,STEEL,APAC,SUP_ST_03,2024-06-01,2024-05-01,119.1319,108.8524,99.8805,53.1257,30.6917,33.963,96.93,2.7673,117.93703
FMISV2_0000847,STEEL|APAC|SUP_ST_03,STEEL,APAC,SUP_ST_03,2024-07-01,2024-06-01,122.1279,102.1748,98.8431,53.1732,41.7271,29.824,94.546,2.2481,116.57385
FMISV2_0000848,STEEL|APAC|SUP_ST_03,STEEL,APAC,SUP_ST_03,2024-08-01,2024-07-01,121.4915,100.0442,97.7071,49.9254,43.1696,29.029,96.681,2.464,114.8011
FMISV2_0000849,STEEL|APAC|SUP_ST_03,STEEL,APAC,SUP_ST_03,2024-09-01,2024-08-01,116.8088,106.9974,99.456,51.7429,43.7449,24.949,96.247,2.5929,116.75246
FMISV2_0000850,STEEL|APAC|SUP_ST_03,STEEL,APAC,SUP_ST_03,2024-10-01,2024-09-01,120.5409,107.4528,102.8613,50.1718,44.5531,34.892,96.908,2.2557,114.67669
FMISV2_0000851,STEEL|APAC|SUP_ST_03,STEEL,APAC,SUP_ST_03,2024-11-01,2024-10-01,121.8495,112.1516,104.4485,46.0944,62.486,35.836,96.45,2.3733,115.8817
FMISV2_0000852,STEEL|APAC|SUP_ST_03,STEEL,APAC,SUP_ST_03,2024-12-01,2024-11-01,119.2886,110.8493,103.9371,47.805,56.3391,39.999,96.909,2.4146,116.6618
FMISV2_0000853,STEEL|APAC|SUP_ST_03,STEEL,APAC,SUP_ST_03,2025-01-01,2024-12-01,122.7039,115.5027,101.4082,48.0898,50.8256,37.864,96.124,2.2624,117.60646
FMISV2_0000854,STEEL|APAC|SUP_ST_03,STEEL,APAC,SUP_ST_03,2025-02-01,2025-01-01,126.956,117.1364,104.7298,46.2308,40.1366,34.646,98.865,1.9807,118.73087
FMISV2_0000855,STEEL|APAC|SUP_ST_03,STEEL,APAC,SUP_ST_03,2025-03-01,2025-02-01,125.8724,113.8069,105.8704,46.5923,42.2164,36.449,94.345,1.7823,116.9566
FMISV2_0000856,STEEL|APAC|SUP_ST_03,STEEL,APAC,SUP_ST_03,2025-04-01,2025-03-01,125.8778,115.5665,106.3221,47.5916,47.7817,30.287,95.746,2.3728,118.09965
FMISV2_0000857,STEEL|APAC|SUP_ST_03,STEEL,APAC,SUP_ST_03,2025-05-01,2025-04-01,130.4023,108.1206,104.7908,48.8451,34.3671,33.563,92.681,2.4242,120.28022
FMISV2_0000858,STEEL|APAC|SUP_ST_03,STEEL,APAC,SUP_ST_03,2025-06-01,2025-05-01,131.4832,108.1694,100.7957,47.773,28.9754,32.065,97.094,2.3523,122.1224
FMISV2_0000859,STEEL|APAC|SUP_ST_03,STEEL,APAC,SUP_ST_03,2025-07-01,2025-06-01,120.0944,108.2497,105.745,49.3896,42.5897,31.639,95.676,2.3723,122.33708
FMISV2_0000860,STEEL|APAC|SUP_ST_03,STEEL,APAC,SUP_ST_03,2025-08-01,2025-07-01,125.0966,109.1851,98.7186,52.9039,39.7252,33.002,96.15,2.7796,122.2123
FMISV2_0000861,STEEL|APAC|SUP_ST_03,STEEL,APAC,SUP_ST_03,2025-09-01,2025-08-01,119.1498,102.1444,98.5789,51.1776,42.7608,30.669,96.879,2.8363,119.28816
FMISV2_0000862,STEEL|APAC|SUP_ST_03,STEEL,APAC,SUP_ST_03,2025-10-01,2025-09-01,121.2697,100.6346,102.1542,51.6835,48.0615,29.849,97.82,2.5904,118.66964
FMISV2_0000863,STEEL|APAC|SUP_ST_03,STEEL,APAC,SUP_ST_03,2025-11-01,2025-10-01,123.2357,110.9781,104.1752,53.3797,56.8966,30.783,94.757,2.7392,117.97049
FMISV2_0000864,STEEL|APAC|SUP_ST_03,STEEL,APAC,SUP_ST_03,2025-12-01,2025-11-01,126.6494,116.7064,103.4829,52.3006,43.2784,36.204,94.625,2.4291,119.97635
FMISV2_0000865,ALUMINUM|NA|SUP_AL_01,ALUMINUM,NA,SUP_AL_01,2018-01-01,2017-12-01,102.9351,106.2305,98.8458,48.6363,56.1335,30.759,93.599,1.3907,113.57177
FMISV2_0000866,ALUMINUM|NA|SUP_AL_01,ALUMINUM,NA,SUP_AL_01,2018-02-01,2018-01-01,104.463,102.7035,98.2222,50.9948,41.8915,30.696,93.174,1.5758,113.7633
FMISV2_0000867,ALUMINUM|NA|SUP_AL_01,ALUMINUM,NA,SUP_AL_01,2018-03-01,2018-02-01,104.2012,103.5918,101.3165,49.4252,54.977,34.776,91.724,1.8966,116.03116
FMISV2_0000868,ALUMINUM|NA|SUP_AL_01,ALUMINUM,NA,SUP_AL_01,2018-04-01,2018-03-01,105.138,103.5876,100.0099,51.3662,47.1506,28.657,89.418,1.5831,117.96885
FMISV2_0000869,ALUMINUM|NA|SUP_AL_01,ALUMINUM,NA,SUP_AL_01,2018-05-01,2018-04-01,108.9989,107.7421,100.3957,51.5444,44.6762,32.188,91.167,1.5155,117.57124
FMISV2_0000870,ALUMINUM|NA|SUP_AL_01,ALUMINUM,NA,SUP_AL_01,2018-06-01,2018-05-01,103.0247,89.8612,104.4714,51.4006,42.9213,31.061,94.002,2.1093,117.77854
FMISV2_0000871,ALUMINUM|NA|SUP_AL_01,ALUMINUM,NA,SUP_AL_01,2018-07-01,2018-06-01,101.6263,97.8658,99.1707,50.5753,34.2305,28.716,92.39,2.1512,114.1507
FMISV2_0000872,ALUMINUM|NA|SUP_AL_01,ALUMINUM,NA,SUP_AL_01,2018-08-01,2018-07-01,95.1124,98.4985,98.5984,50.5688,36.0903,30.935,92.529,2.0754,113.66795
FMISV2_0000873,ALUMINUM|NA|SUP_AL_01,ALUMINUM,NA,SUP_AL_01,2018-09-01,2018-08-01,100.7065,95.9444,99.08,48.5661,40.7119,31.086,92.282,0.8813,113.66433
FMISV2_0000874,ALUMINUM|NA|SUP_AL_01,ALUMINUM,NA,SUP_AL_01,2018-10-01,2018-09-01,102.8332,96.9808,98.7043,48.9839,43.0843,32.39,91.221,1.8565,113.65098
FMISV2_0000875,ALUMINUM|NA|SUP_AL_01,ALUMINUM,NA,SUP_AL_01,2018-11-01,2018-10-01,94.31,101.6977,99.607,48.472,52.8899,29.866,91.551,1.59,112.71587
FMISV2_0000876,ALUMINUM|NA|SUP_AL_01,ALUMINUM,NA,SUP_AL_01,2018-12-01,2018-11-01,106.2305,103.9334,101.225,46.8643,59.6302,32.222,90.145,2.4133,115.56844
FMISV2_0000877,ALUMINUM|NA|SUP_AL_01,ALUMINUM,NA,SUP_AL_01,2019-01-01,2018-12-01,104.4059,108.9392,97.8094,48.2305,39.572,31.525,93.243,2.089,117.85796
FMISV2_0000878,ALUMINUM|NA|SUP_AL_01,ALUMINUM,NA,SUP_AL_01,2019-02-01,2019-01-01,104.8837,103.178,99.9881,46.8929,45.2941,32.101,90.766,2.0322,119.90707
FMISV2_0000879,ALUMINUM|NA|SUP_AL_01,ALUMINUM,NA,SUP_AL_01,2019-03-01,2019-02-01,109.3531,108.4711,103.1724,50.1918,48.6169,32.28,89.702,1.7736,121.60268
FMISV2_0000880,ALUMINUM|NA|SUP_AL_01,ALUMINUM,NA,SUP_AL_01,2019-04-01,2019-03-01,109.7496,102.3998,102.4525,49.2565,41.3393,32.199,92.794,2.2034,123.83931
FMISV2_0000881,ALUMINUM|NA|SUP_AL_01,ALUMINUM,NA,SUP_AL_01,2019-05-01,2019-04-01,110.2095,106.756,105.1337,49.2849,39.8617,30.773,90.879,1.5704,123.45858
FMISV2_0000882,ALUMINUM|NA|SUP_AL_01,ALUMINUM,NA,SUP_AL_01,2019-06-01,2019-05-01,108.2254,97.9224,101.6435,52.3753,47.4373,28.963,92.266,0.8861,122.86529
FMISV2_0000883,ALUMINUM|NA|SUP_AL_01,ALUMINUM,NA,SUP_AL_01,2019-07-01,2019-06-01,99.5688,94.3285,99.9205,51.466,38.0408,26.967,91.814,2.4457,122.21859
FMISV2_0000884,ALUMINUM|NA|SUP_AL_01,ALUMINUM,NA,SUP_AL_01,2019-08-01,2019-07-01,103.3714,94.6544,99.9827,50.7377,39.4323,27.459,92.277,1.2653,120.04241
FMISV2_0000885,ALUMINUM|NA|SUP_AL_01,ALUMINUM,NA,SUP_AL_01,2019-09-01,2019-08-01,98.0391,93.4916,98.8976,54.667,57.5192,32.391,91.307,2.2073,119.56901
FMISV2_0000886,ALUMINUM|NA|SUP_AL_01,ALUMINUM,NA,SUP_AL_01,2019-10-01,2019-09-01,102.989,103.6798,94.7636,53.6604,61.5225,38.511,92.826,1.443,119.42572
FMISV2_0000887,ALUMINUM|NA|SUP_AL_01,ALUMINUM,NA,SUP_AL_01,2019-11-01,2019-10-01,102.0679,106.9712,99.4181,50.0924,51.0232,27.908,93.769,2.1259,118.18666
FMISV2_0000888,ALUMINUM|NA|SUP_AL_01,ALUMINUM,NA,SUP_AL_01,2019-12-01,2019-11-01,102.9959,112.5474,100.6509,51.9865,47.8538,30.555,92.596,1.8777,119.06427
FMISV2_0000889,ALUMINUM|NA|SUP_AL_01,ALUMINUM,NA,SUP_AL_01,2020-01-01,2019-12-01,110.1435,110.9353,99.9919,53.376,48.3364,34.577,91.341,2.6394,123.044
FMISV2_0000890,ALUMINUM|NA|SUP_AL_01,ALUMINUM,NA,SUP_AL_01,2020-02-01,2020-01-01,115.7955,113.3031,101.3045,53.1077,49.9563,31.4,94.226,2.3968,125.08218
FMISV2_0000891,ALUMINUM|NA|SUP_AL_01,ALUMINUM,NA,SUP_AL_01,2020-03-01,2020-02-01,109.2858,112.4017,102.2897,51.2515,54.1833,30.773,91.305,2.3924,125.2569
FMISV2_0000892,ALUMINUM|NA|SUP_AL_01,ALUMINUM,NA,SUP_AL_01,2020-04-01,2020-03-01,110.9579,102.4057,101.5934,48.2291,44.104,31.859,90.758,1.3494,133.00428
FMISV2_0000893,ALUMINUM|NA|SUP_AL_01,ALUMINUM,NA,SUP_AL_01,2020-05-01,2020-04-01,109.7981,104.8867,103.0381,47.3081,33.3903,28.026,93.564,2.2513,129.36887
FMISV2_0000894,ALUMINUM|NA|SUP_AL_01,ALUMINUM,NA,SUP_AL_01,2020-06-01,2020-05-01,117.5258,97.4377,102.8021,49.9225,40.85,33.158,92.175,1.7252,126.62112
FMISV2_0000895,ALUMINUM|NA|SUP_AL_01,ALUMINUM,NA,SUP_AL_01,2020-07-01,2020-06-01,103.2119,105.1801,99.7327,47.1907,36.2782,35.747,91.086,2.4196,124.99604
FMISV2_0000896,ALUMINUM|NA|SUP_AL_01,ALUMINUM,NA,SUP_AL_01,2020-08-01,2020-07-01,104.6328,101.2908,98.82,45.8148,35.0467,32.448,91.088,2.1781,125.52354
FMISV2_0000897,ALUMINUM|NA|SUP_AL_01,ALUMINUM,NA,SUP_AL_01,2020-09-01,2020-08-01,104.6045,93.7309,97.755,45.0372,52.271,31.443,90.689,2.1263,122.99977
FMISV2_0000898,ALUMINUM|NA|SUP_AL_01,ALUMINUM,NA,SUP_AL_01,2020-10-01,2020-09-01,106.7902,105.8281,98.3513,50.1332,42.8674,32.936,91.963,2.1946,123.67373
FMISV2_0000899,ALUMINUM|NA|SUP_AL_01,ALUMINUM,NA,SUP_AL_01,2020-11-01,2020-10-01,103.5774,100.6185,101.6991,48.5166,49.1294,36.479,91.451,2.3993,123.60483
FMISV2_0000900,ALUMINUM|NA|SUP_AL_01,ALUMINUM,NA,SUP_AL_01,2020-12-01,2020-11-01,106.6203,106.4558,101.595,49.6546,44.2504,31.995,91.0,1.7585,123.50407
FMISV2_0000901,ALUMINUM|NA|SUP_AL_01,ALUMINUM,NA,SUP_AL_01,2021-01-01,2020-12-01,109.3489,114.0991,101.305,52.8361,53.2156,31.503,92.561,1.9456,124.70463
FMISV2_0000902,ALUMINUM|NA|SUP_AL_01,ALUMINUM,NA,SUP_AL_01,2021-02-01,2021-01-01,115.0235,104.2425,101.0591,51.3815,58.0388,34.37,92.092,1.6649,126.68515
FMISV2_0000903,ALUMINUM|NA|SUP_AL_01,ALUMINUM,NA,SUP_AL_01,2021-03-01,2021-02-01,111.9497,104.6707,104.771,53.4874,39.5819,32.674,92.261,2.3468,127.39467
FMISV2_0000904,ALUMINUM|NA|SUP_AL_01,ALUMINUM,NA,SUP_AL_01,2021-04-01,2021-03-01,119.6959,108.6164,104.6033,53.3608,46.4441,28.25,91.924,2.4571,128.51773
FMISV2_0000905,ALUMINUM|NA|SUP_AL_01,ALUMINUM,NA,SUP_AL_01,2021-05-01,2021-04-01,112.7161,96.394,102.0086,53.6997,38.7841,30.078,91.961,2.7548,130.09943
FMISV2_0000906,ALUMINUM|NA|SUP_AL_01,ALUMINUM,NA,SUP_AL_01,2021-06-01,2021-05-01,115.5709,99.8472,103.6205,52.1906,35.5554,33.003,91.673,2.2923,131.86931
FMISV2_0000907,ALUMINUM|NA|SUP_AL_01,ALUMINUM,NA,SUP_AL_01,2021-07-01,2021-06-01,110.2152,96.8253,102.6509,51.9469,35.4923,31.996,90.335,3.0809,128.66613
FMISV2_0000908,ALUMINUM|NA|SUP_AL_01,ALUMINUM,NA,SUP_AL_01,2021-08-01,2021-07-01,110.1049,94.9334,100.0308,49.9846,35.6575,29.185,93.139,1.9952,127.29389
FMISV2_0000909,ALUMINUM|NA|SUP_AL_01,ALUMINUM,NA,SUP_AL_01,2021-09-01,2021-08-01,106.7397,107.617,100.1318,50.4862,41.908,32.44,91.377,2.5751,125.13052
FMISV2_0000910,ALUMINUM|NA|SUP_AL_01,ALUMINUM,NA,SUP_AL_01,2021-10-01,2021-09-01,110.6796,103.1365,100.9082,51.3607,42.8419,31.005,90.663,2.6835,133.55567
FMISV2_0000911,ALUMINUM|NA|SUP_AL_01,ALUMINUM,NA,SUP_AL_01,2021-11-01,2021-10-01,115.1356,105.9621,100.5471,49.3118,54.4724,32.955,92.05,2.0496,129.63468
FMISV2_0000912,ALUMINUM|NA|SUP_AL_01,ALUMINUM,NA,SUP_AL_01,2021-12-01,2021-11-01,111.337,105.5673,102.5859,46.4528,55.7673,31.024,92.73,2.7059,128.69037
FMISV2_0000913,ALUMINUM|NA|SUP_AL_01,ALUMINUM,NA,SUP_AL_01,2022-01-01,2021-12-01,112.1994,123.5805,102.5604,46.7115,48.5703,31.773,93.175,2.0783,130.94794
FMISV2_0000914,ALUMINUM|NA|SUP_AL_01,ALUMINUM,NA,SUP_AL_01,2022-02-01,2022-01-01,111.0395,108.0289,104.6701,46.3247,53.8425,30.943,92.089,1.7944,130.62948
FMISV2_0000915,ALUMINUM|NA|SUP_AL_01,ALUMINUM,NA,SUP_AL_01,2022-03-01,2022-02-01,117.252,112.121,104.0133,47.844,46.8625,32.004,91.528,2.5651,141.33508
FMISV2_0000916,ALUMINUM|NA|SUP_AL_01,ALUMINUM,NA,SUP_AL_01,2022-04-01,2022-03-01,121.0944,101.5237,105.2476,48.0325,40.8477,30.132,90.749,1.8961,138.37246
FMISV2_0000917,ALUMINUM|NA|SUP_AL_01,ALUMINUM,NA,SUP_AL_01,2022-05-01,2022-04-01,114.3896,107.384,101.8151,46.61,52.7075,32.736,91.567,2.776,136.08412
FMISV2_0000918,ALUMINUM|NA|SUP_AL_01,ALUMINUM,NA,SUP_AL_01,2022-06-01,2022-05-01,113.7828,101.4587,100.2707,46.9302,38.2018,30.499,92.338,2.817,134.30798
FMISV2_0000919,ALUMINUM|NA|SUP_AL_01,ALUMINUM,NA,SUP_AL_01,2022-07-01,2022-06-01,114.0836,102.0775,100.9023,51.5686,39.4617,27.066,91.685,1.9116,133.31281
FMISV2_0000920,ALUMINUM|NA|SUP_AL_01,ALUMINUM,NA,SUP_AL_01,2022-08-01,2022-07-01,117.7614,102.1247,105.148,51.5157,40.2741,35.067,91.542,2.4345,132.69251
FMISV2_0000921,ALUMINUM|NA|SUP_AL_01,ALUMINUM,NA,SUP_AL_01,2022-09-01,2022-08-01,107.0092,95.0342,99.5116,51.8277,40.9866,32.583,92.337,2.6791,128.79329
FMISV2_0000922,ALUMINUM|NA|SUP_AL_01,ALUMINUM,NA,SUP_AL_01,2022-10-01,2022-09-01,112.5549,103.18,98.7647,52.9565,42.8768,31.394,91.283,2.6782,129.92323
FMISV2_0000923,ALUMINUM|NA|SUP_AL_01,ALUMINUM,NA,SUP_AL_01,2022-11-01,2022-10-01,112.6264,100.6801,100.4229,52.7293,52.0187,29.437,92.703,3.0804,129.14185
FMISV2_0000924,ALUMINUM|NA|SUP_AL_01,ALUMINUM,NA,SUP_AL_01,2022-12-01,2022-11-01,119.7558,102.1387,98.1372,51.9272,57.4425,31.906,91.389,2.1543,128.72188
FMISV2_0000925,ALUMINUM|NA|SUP_AL_01,ALUMINUM,NA,SUP_AL_01,2023-01-01,2022-12-01,116.6644,108.2256,101.9932,49.7243,58.1623,36.243,87.981,2.7225,128.00473
FMISV2_0000926,ALUMINUM|NA|SUP_AL_01,ALUMINUM,NA,SUP_AL_01,2023-02-01,2023-01-01,118.8731,114.9764,99.8206,50.5961,47.0902,34.837,90.662,2.3771,128.95733
FMISV2_0000927,ALUMINUM|NA|SUP_AL_01,ALUMINUM,NA,SUP_AL_01,2023-03-01,2023-02-01,122.1048,112.1693,103.5607,49.2389,34.0285,27.179,91.526,2.1756,132.17449
FMISV2_0000928,ALUMINUM|NA|SUP_AL_01,ALUMINUM,NA,SUP_AL_01,2023-04-01,2023-03-01,121.5099,111.6855,106.0555,51.7497,38.5977,32.995,90.539,2.9815,134.78619
FMISV2_0000929,ALUMINUM|NA|SUP_AL_01,ALUMINUM,NA,SUP_AL_01,2023-05-01,2023-04-01,120.5085,107.1975,103.962,48.0522,43.8878,31.129,90.482,2.6384,133.19208
FMISV2_0000930,ALUMINUM|NA|SUP_AL_01,ALUMINUM,NA,SUP_AL_01,2023-06-01,2023-05-01,117.5433,107.3286,104.5484,46.8898,33.7447,32.32,90.818,2.5777,134.51417
FMISV2_0000931,ALUMINUM|NA|SUP_AL_01,ALUMINUM,NA,SUP_AL_01,2023-07-01,2023-06-01,120.1308,101.7859,103.513,46.994,36.5958,32.907,92.252,2.6444,135.0416
FMISV2_0000932,ALUMINUM|NA|SUP_AL_01,ALUMINUM,NA,SUP_AL_01,2023-08-01,2023-07-01,116.5932,99.4298,98.8788,45.6769,45.0821,33.427,91.39,2.6806,134.0487
FMISV2_0000933,ALUMINUM|NA|SUP_AL_01,ALUMINUM,NA,SUP_AL_01,2023-09-01,2023-08-01,119.9535,102.9296,101.1,47.7256,48.7099,34.144,90.851,2.0475,135.91936
FMISV2_0000934,ALUMINUM|NA|SUP_AL_01,ALUMINUM,NA,SUP_AL_01,2023-10-01,2023-09-01,117.4428,107.1494,100.9493,48.2576,48.8767,32.068,93.592,3.9646,134.33748
FMISV2_0000935,ALUMINUM|NA|SUP_AL_01,ALUMINUM,NA,SUP_AL_01,2023-11-01,2023-10-01,116.1112,97.4167,101.9863,47.0184,50.484,34.549,92.261,2.3853,133.55266
FMISV2_0000936,ALUMINUM|NA|SUP_AL_01,ALUMINUM,NA,SUP_AL_01,2023-12-01,2023-11-01,116.4076,105.556,103.9612,49.4617,51.8451,29.849,92.708,2.6724,134.52193
FMISV2_0000937,ALUMINUM|NA|SUP_AL_01,ALUMINUM,NA,SUP_AL_01,2024-01-01,2023-12-01,117.4845,115.6111,102.7215,50.6718,46.8861,31.306,92.028,2.1743,134.89613
FMISV2_0000938,ALUMINUM|NA|SUP_AL_01,ALUMINUM,NA,SUP_AL_01,2024-02-01,2024-01-01,117.8622,118.6903,104.3598,53.9543,49.0509,34.462,91.608,3.2178,137.24399
FMISV2_0000939,ALUMINUM|NA|SUP_AL_01,ALUMINUM,NA,SUP_AL_01,2024-03-01,2024-02-01,127.4457,115.9259,105.9929,51.2903,43.3594,28.607,91.02,2.372,141.2602
FMISV2_0000940,ALUMINUM|NA|SUP_AL_01,ALUMINUM,NA,SUP_AL_01,2024-04-01,2024-03-01,128.731,115.0208,106.5691,52.6001,40.3482,34.269,92.959,2.6773,143.51662
FMISV2_0000941,ALUMINUM|NA|SUP_AL_01,ALUMINUM,NA,SUP_AL_01,2024-05-01,2024-04-01,124.2926,114.35,107.0093,54.2701,40.2109,27.643,92.321,2.5605,141.7598
FMISV2_0000942,ALUMINUM|NA|SUP_AL_01,ALUMINUM,NA,SUP_AL_01,2024-06-01,2024-05-01,119.1319,108.8524,104.0835,53.1257,30.6917,31.78,92.67,3.1393,140.11187
FMISV2_0000943,ALUMINUM|NA|SUP_AL_01,ALUMINUM,NA,SUP_AL_01,2024-07-01,2024-06-01,122.1279,102.1748,103.3093,53.1732,41.7271,30.689,91.546,3.277,140.00384
FMISV2_0000944,ALUMINUM|NA|SUP_AL_01,ALUMINUM,NA,SUP_AL_01,2024-08-01,2024-07-01,121.4915,100.0442,100.9,49.9254,43.1696,31.26,90.596,2.9638,138.98265
FMISV2_0000945,ALUMINUM|NA|SUP_AL_01,ALUMINUM,NA,SUP_AL_01,2024-09-01,2024-08-01,116.8088,106.9974,99.2611,51.7429,43.7449,33.484,91.671,2.5567,139.18376
FMISV2_0000946,ALUMINUM|NA|SUP_AL_01,ALUMINUM,NA,SUP_AL_01,2024-10-01,2024-09-01,120.5409,107.4528,97.6881,50.1718,44.5531,29.891,93.14,3.0976,137.96419
FMISV2_0000947,ALUMINUM|NA|SUP_AL_01,ALUMINUM,NA,SUP_AL_01,2024-11-01,2024-10-01,121.8495,112.1516,102.3492,46.0944,62.486,31.183,90.398,2.7394,138.6615
FMISV2_0000948,ALUMINUM|NA|SUP_AL_01,ALUMINUM,NA,SUP_AL_01,2024-12-01,2024-11-01,119.2886,110.8493,104.367,47.805,56.3391,32.626,91.854,3.4809,140.34038
FMISV2_0000949,ALUMINUM|NA|SUP_AL_01,ALUMINUM,NA,SUP_AL_01,2025-01-01,2024-12-01,122.7039,115.5027,102.6649,48.0898,50.8256,28.649,93.695,3.2238,140.53818
FMISV2_0000950,ALUMINUM|NA|SUP_AL_01,ALUMINUM,NA,SUP_AL_01,2025-02-01,2025-01-01,126.956,117.1364,108.3683,46.2308,40.1366,30.756,92.6,2.6481,143.54574
FMISV2_0000951,ALUMINUM|NA|SUP_AL_01,ALUMINUM,NA,SUP_AL_01,2025-03-01,2025-02-01,125.8724,113.8069,107.9518,46.5923,42.2164,30.803,92.238,2.8112,143.56996
FMISV2_0000952,ALUMINUM|NA|SUP_AL_01,ALUMINUM,NA,SUP_AL_01,2025-04-01,2025-03-01,125.8778,115.5665,109.3706,47.5916,47.7817,33.063,92.371,3.2375,144.62491
FMISV2_0000953,ALUMINUM|NA|SUP_AL_01,ALUMINUM,NA,SUP_AL_01,2025-05-01,2025-04-01,130.4023,108.1206,105.5193,48.8451,34.3671,27.611,92.205,3.5662,144.47993
FMISV2_0000954,ALUMINUM|NA|SUP_AL_01,ALUMINUM,NA,SUP_AL_01,2025-06-01,2025-05-01,131.4832,108.1694,104.6516,47.773,28.9754,30.483,90.883,3.1071,145.94514
FMISV2_0000955,ALUMINUM|NA|SUP_AL_01,ALUMINUM,NA,SUP_AL_01,2025-07-01,2025-06-01,120.0944,108.2497,104.1079,49.3896,42.5897,32.843,93.639,2.6828,143.83825
FMISV2_0000956,ALUMINUM|NA|SUP_AL_01,ALUMINUM,NA,SUP_AL_01,2025-08-01,2025-07-01,125.0966,109.1851,105.5741,52.9039,39.7252,31.015,91.7,3.6628,143.0814
FMISV2_0000957,ALUMINUM|NA|SUP_AL_01,ALUMINUM,NA,SUP_AL_01,2025-09-01,2025-08-01,119.1498,102.1444,101.3048,51.1776,42.7608,30.959,91.024,3.1919,141.17711
FMISV2_0000958,ALUMINUM|NA|SUP_AL_01,ALUMINUM,NA,SUP_AL_01,2025-10-01,2025-09-01,121.2697,100.6346,99.0123,51.6835,48.0615,29.401,92.406,2.9125,141.29357
FMISV2_0000959,ALUMINUM|NA|SUP_AL_01,ALUMINUM,NA,SUP_AL_01,2025-11-01,2025-10-01,123.2357,110.9781,100.221,53.3797,56.8966,32.425,90.939,2.5357,141.883
FMISV2_0000960,ALUMINUM|NA|SUP_AL_01,ALUMINUM,NA,SUP_AL_01,2025-12-01,2025-11-01,126.6494,116.7064,101.844,52.3006,43.2784,25.135,91.94,3.4426,142.62227
FMISV2_0000961,ALUMINUM|NA|SUP_AL_02,ALUMINUM,NA,SUP_AL_02,2018-01-01,2017-12-01,102.9351,106.2305,99.1651,48.6363,56.1335,41.438,87.37,0.9979,106.75336
FMISV2_0000962,ALUMINUM|NA|SUP_AL_02,ALUMINUM,NA,SUP_AL_02,2018-02-01,2018-01-01,104.463,102.7035,99.5402,50.9948,41.8915,41.143,86.848,1.3969,108.42486
FMISV2_0000963,ALUMINUM|NA|SUP_AL_02,ALUMINUM,NA,SUP_AL_02,2018-03-01,2018-02-01,104.2012,103.5918,103.7688,49.4252,54.977,40.409,87.255,1.7206,110.2145
FMISV2_0000964,ALUMINUM|NA|SUP_AL_02,ALUMINUM,NA,SUP_AL_02,2018-04-01,2018-03-01,105.138,103.5876,102.8249,51.3662,47.1506,42.679,86.252,1.5673,111.02922
FMISV2_0000965,ALUMINUM|NA|SUP_AL_02,ALUMINUM,NA,SUP_AL_02,2018-05-01,2018-04-01,108.9989,107.7421,101.8403,51.5444,44.6762,40.237,87.941,1.7451,114.7102
FMISV2_0000966,ALUMINUM|NA|SUP_AL_02,ALUMINUM,NA,SUP_AL_02,2018-06-01,2018-05-01,103.0247,89.8612,98.5387,51.4006,42.9213,42.747,86.995,2.1083,115.36128
FMISV2_0000967,ALUMINUM|NA|SUP_AL_02,ALUMINUM,NA,SUP_AL_02,2018-07-01,2018-06-01,101.6263,97.8658,100.508,50.5753,34.2305,41.633,86.781,2.662,114.10158
FMISV2_0000968,ALUMINUM|NA|SUP_AL_02,ALUMINUM,NA,SUP_AL_02,2018-08-01,2018-07-01,95.1124,98.4985,98.6189,50.5688,36.0903,39.694,84.979,2.0866,111.13445
FMISV2_0000969,ALUMINUM|NA|SUP_AL_02,ALUMINUM,NA,SUP_AL_02,2018-09-01,2018-08-01,100.7065,95.9444,98.5697,48.5661,40.7119,37.477,85.784,1.8616,109.59954
FMISV2_0000970,ALUMINUM|NA|SUP_AL_02,ALUMINUM,NA,SUP_AL_02,2018-10-01,2018-09-01,102.8332,96.9808,97.2233,48.9839,43.0843,43.239,85.948,0.9632,107.81666
FMISV2_0000971,ALUMINUM|NA|SUP_AL_02,ALUMINUM,NA,SUP_AL_02,2018-11-01,2018-10-01,94.31,101.6977,100.5797,48.472,52.8899,42.027,87.885,1.0948,107.91679
FMISV2_0000972,ALUMINUM|NA|SUP_AL_02,ALUMINUM,NA,SUP_AL_02,2018-12-01,2018-11-01,106.2305,103.9334,102.37,46.8643,59.6302,42.9,85.569,2.0488,109.03116
FMISV2_0000973,ALUMINUM|NA|SUP_AL_02,ALUMINUM,NA,SUP_AL_02,2019-01-01,2018-12-01,104.4059,108.9392,101.1438,48.2305,39.572,44.059,85.142,1.224,110.71933
FMISV2_0000974,ALUMINUM|NA|SUP_AL_02,ALUMINUM,NA,SUP_AL_02,2019-02-01,2019-01-01,104.8837,103.178,102.6133,46.8929,45.2941,43.897,87.472,1.4239,112.87696
FMISV2_0000975,ALUMINUM|NA|SUP_AL_02,ALUMINUM,NA,SUP_AL_02,2019-03-01,2019-02-01,109.3531,108.4711,98.4529,50.1918,48.6169,40.683,87.3,1.9746,115.37014
FMISV2_0000976,ALUMINUM|NA|SUP_AL_02,ALUMINUM,NA,SUP_AL_02,2019-04-01,2019-03-01,109.7496,102.3998,103.7233,49.2565,41.3393,34.576,86.405,1.7573,114.85361
FMISV2_0000977,ALUMINUM|NA|SUP_AL_02,ALUMINUM,NA,SUP_AL_02,2019-05-01,2019-04-01,110.2095,106.756,100.0415,49.2849,39.8617,37.753,87.67,1.7439,117.48285
FMISV2_0000978,ALUMINUM|NA|SUP_AL_02,ALUMINUM,NA,SUP_AL_02,2019-06-01,2019-05-01,108.2254,97.9224,103.3624,52.3753,47.4373,45.137,87.152,1.5631,117.22058
FMISV2_0000979,ALUMINUM|NA|SUP_AL_02,ALUMINUM,NA,SUP_AL_02,2019-07-01,2019-06-01,99.5688,94.3285,98.2641,51.466,38.0408,40.915,88.322,1.4416,117.78421
FMISV2_0000980,ALUMINUM|NA|SUP_AL_02,ALUMINUM,NA,SUP_AL_02,2019-08-01,2019-07-01,103.3714,94.6544,99.4822,50.7377,39.4323,37.89,90.039,1.7342,115.11164
FMISV2_0000981,ALUMINUM|NA|SUP_AL_02,ALUMINUM,NA,SUP_AL_02,2019-09-01,2019-08-01,98.0391,93.4916,97.1412,54.667,57.5192,40.487,88.428,2.1663,114.23822
FMISV2_0000982,ALUMINUM|NA|SUP_AL_02,ALUMINUM,NA,SUP_AL_02,2019-10-01,2019-09-01,102.989,103.6798,98.6482,53.6604,61.5225,43.171,85.655,1.8132,113.60814
FMISV2_0000983,ALUMINUM|NA|SUP_AL_02,ALUMINUM,NA,SUP_AL_02,2019-11-01,2019-10-01,102.0679,106.9712,99.9803,50.0924,51.0232,41.498,86.724,2.0695,114.51193
FMISV2_0000984,ALUMINUM|NA|SUP_AL_02,ALUMINUM,NA,SUP_AL_02,2019-12-01,2019-11-01,102.9959,112.5474,99.6653,51.9865,47.8538,45.575,87.735,2.5776,114.63505
FMISV2_0000985,ALUMINUM|NA|SUP_AL_02,ALUMINUM,NA,SUP_AL_02,2020-01-01,2019-12-01,110.1435,110.9353,101.689,53.376,48.3364,42.154,87.39,1.6704,116.22755
FMISV2_0000986,ALUMINUM|NA|SUP_AL_02,ALUMINUM,NA,SUP_AL_02,2020-02-01,2020-01-01,115.7955,113.3031,100.5281,53.1077,49.9563,38.28,85.701,2.2355,119.52397
FMISV2_0000987,ALUMINUM|NA|SUP_AL_02,ALUMINUM,NA,SUP_AL_02,2020-03-01,2020-02-01,109.2858,112.4017,101.2733,51.2515,54.1833,44.105,86.697,1.386,119.87093
FMISV2_0000988,ALUMINUM|NA|SUP_AL_02,ALUMINUM,NA,SUP_AL_02,2020-04-01,2020-03-01,110.9579,102.4057,103.1934,48.2291,44.104,43.255,85.641,1.872,129.03058
FMISV2_0000989,ALUMINUM|NA|SUP_AL_02,ALUMINUM,NA,SUP_AL_02,2020-05-01,2020-04-01,109.7981,104.8867,102.2673,47.3081,33.3903,38.249,88.084,2.6284,126.69362
FMISV2_0000990,ALUMINUM|NA|SUP_AL_02,ALUMINUM,NA,SUP_AL_02,2020-06-01,2020-05-01,117.5258,97.4377,105.5506,49.9225,40.85,38.514,85.854,1.839,124.54886
FMISV2_0000991,ALUMINUM|NA|SUP_AL_02,ALUMINUM,NA,SUP_AL_02,2020-07-01,2020-06-01,103.2119,105.1801,100.7909,47.1907,36.2782,42.787,85.893,2.586,120.63106
FMISV2_0000992,ALUMINUM|NA|SUP_AL_02,ALUMINUM,NA,SUP_AL_02,2020-08-01,2020-07-01,104.6328,101.2908,96.667,45.8148,35.0467,40.022,87.432,1.9877,118.46554
FMISV2_0000993,ALUMINUM|NA|SUP_AL_02,ALUMINUM,NA,SUP_AL_02,2020-09-01,2020-08-01,104.6045,93.7309,100.6109,45.0372,52.271,41.654,85.485,2.086,116.21832
FMISV2_0000994,ALUMINUM|NA|SUP_AL_02,ALUMINUM,NA,SUP_AL_02,2020-10-01,2020-09-01,106.7902,105.8281,101.3814,50.1332,42.8674,46.547,87.197,2.1517,118.57821
FMISV2_0000995,ALUMINUM|NA|SUP_AL_02,ALUMINUM,NA,SUP_AL_02,2020-11-01,2020-10-01,103.5774,100.6185,99.9812,48.5166,49.1294,41.765,87.876,1.567,117.0859
FMISV2_0000996,ALUMINUM|NA|SUP_AL_02,ALUMINUM,NA,SUP_AL_02,2020-12-01,2020-11-01,106.6203,106.4558,101.6831,49.6546,44.2504,41.019,88.015,1.2171,118.05638
FMISV2_0000997,ALUMINUM|NA|SUP_AL_02,ALUMINUM,NA,SUP_AL_02,2021-01-01,2020-12-01,109.3489,114.0991,101.6681,52.8361,53.2156,40.136,85.703,2.5859,119.35677
FMISV2_0000998,ALUMINUM|NA|SUP_AL_02,ALUMINUM,NA,SUP_AL_02,2021-02-01,2021-01-01,115.0235,104.2425,101.1021,51.3815,58.0388,40.756,85.119,1.9741,119.80574
FMISV2_0000999,ALUMINUM|NA|SUP_AL_02,ALUMINUM,NA,SUP_AL_02,2021-03-01,2021-02-01,111.9497,104.6707,106.5795,53.4874,39.5819,44.892,87.632,1.9433,122.28126
FMISV2_0001000,ALUMINUM|NA|SUP_AL_02,ALUMINUM,NA,SUP_AL_02,2021-04-01,2021-03-01,119.6959,108.6164,102.1304,53.3608,46.4441,44.235,87.054,2.0672,124.5759
FMISV2_0001001,ALUMINUM|NA|SUP_AL_02,ALUMINUM,NA,SUP_AL_02,2021-05-01,2021-04-01,112.7161,96.394,102.3364,53.6997,38.7841,41.89,84.548,2.4375,124.12407
FMISV2_0001002,ALUMINUM|NA|SUP_AL_02,ALUMINUM,NA,SUP_AL_02,2021-06-01,2021-05-01,115.5709,99.8472,103.7096,52.1906,35.5554,42.843,86.345,2.6829,122.92558
FMISV2_0001003,ALUMINUM|NA|SUP_AL_02,ALUMINUM,NA,SUP_AL_02,2021-07-01,2021-06-01,110.2152,96.8253,102.9907,51.9469,35.4923,40.982,87.321,1.9806,120.75543
FMISV2_0001004,ALUMINUM|NA|SUP_AL_02,ALUMINUM,NA,SUP_AL_02,2021-08-01,2021-07-01,110.1049,94.9334,98.491,49.9846,35.6575,38.609,86.264,2.9964,119.38986
FMISV2_0001005,ALUMINUM|NA|SUP_AL_02,ALUMINUM,NA,SUP_AL_02,2021-09-01,2021-08-01,106.7397,107.617,99.1122,50.4862,41.908,45.282,84.781,2.3331,118.99861
FMISV2_0001006,ALUMINUM|NA|SUP_AL_02,ALUMINUM,NA,SUP_AL_02,2021-10-01,2021-09-01,110.6796,103.1365,97.2714,51.3607,42.8419,43.269,87.656,2.5832,127.96681
FMISV2_0001007,ALUMINUM|NA|SUP_AL_02,ALUMINUM,NA,SUP_AL_02,2021-11-01,2021-10-01,115.1356,105.9621,98.5705,49.3118,54.4724,47.441,85.988,2.283,128.0964
FMISV2_0001008,ALUMINUM|NA|SUP_AL_02,ALUMINUM,NA,SUP_AL_02,2021-12-01,2021-11-01,111.337,105.5673,102.0068,46.4528,55.7673,44.552,86.089,2.2571,126.19821
FMISV2_0001009,ALUMINUM|NA|SUP_AL_02,ALUMINUM,NA,SUP_AL_02,2022-01-01,2021-12-01,112.1994,123.5805,103.0966,46.7115,48.5703,42.883,85.701,2.0277,124.97754
FMISV2_0001010,ALUMINUM|NA|SUP_AL_02,ALUMINUM,NA,SUP_AL_02,2022-02-01,2022-01-01,111.0395,108.0289,101.9004,46.3247,53.8425,41.031,87.026,2.0303,125.39676
FMISV2_0001011,ALUMINUM|NA|SUP_AL_02,ALUMINUM,NA,SUP_AL_02,2022-03-01,2022-02-01,117.252,112.121,101.876,47.844,46.8625,41.898,85.22,2.9787,133.61784
FMISV2_0001012,ALUMINUM|NA|SUP_AL_02,ALUMINUM,NA,SUP_AL_02,2022-04-01,2022-03-01,121.0944,101.5237,107.4064,48.0325,40.8477,42.598,87.223,1.683,130.91029
FMISV2_0001013,ALUMINUM|NA|SUP_AL_02,ALUMINUM,NA,SUP_AL_02,2022-05-01,2022-04-01,114.3896,107.384,105.1115,46.61,52.7075,44.707,87.073,1.4163,132.13517
FMISV2_0001014,ALUMINUM|NA|SUP_AL_02,ALUMINUM,NA,SUP_AL_02,2022-06-01,2022-05-01,113.7828,101.4587,105.702,46.9302,38.2018,43.458,86.715,2.3249,131.13706
FMISV2_0001015,ALUMINUM|NA|SUP_AL_02,ALUMINUM,NA,SUP_AL_02,2022-07-01,2022-06-01,114.0836,102.0775,102.2606,51.5686,39.4617,38.343,87.686,2.6249,130.24695
FMISV2_0001016,ALUMINUM|NA|SUP_AL_02,ALUMINUM,NA,SUP_AL_02,2022-08-01,2022-07-01,117.7614,102.1247,99.9936,51.5157,40.2741,38.582,86.591,2.1479,127.98777
FMISV2_0001017,ALUMINUM|NA|SUP_AL_02,ALUMINUM,NA,SUP_AL_02,2022-09-01,2022-08-01,107.0092,95.0342,100.2616,51.8277,40.9866,43.801,88.089,2.5965,124.67534
FMISV2_0001018,ALUMINUM|NA|SUP_AL_02,ALUMINUM,NA,SUP_AL_02,2022-10-01,2022-09-01,112.5549,103.18,97.3149,52.9565,42.8768,41.89,87.393,1.9956,123.61182
FMISV2_0001019,ALUMINUM|NA|SUP_AL_02,ALUMINUM,NA,SUP_AL_02,2022-11-01,2022-10-01,112.6264,100.6801,104.1447,52.7293,52.0187,39.362,87.651,2.9721,123.5204
FMISV2_0001020,ALUMINUM|NA|SUP_AL_02,ALUMINUM,NA,SUP_AL_02,2022-12-01,2022-11-01,119.7558,102.1387,101.8093,51.9272,57.4425,40.807,87.051,2.251,127.13065
FMISV2_0001021,ALUMINUM|NA|SUP_AL_02,ALUMINUM,NA,SUP_AL_02,2023-01-01,2022-12-01,116.6644,108.2256,102.6189,49.7243,58.1623,40.9,84.79,1.8304,127.35334
FMISV2_0001022,ALUMINUM|NA|SUP_AL_02,ALUMINUM,NA,SUP_AL_02,2023-02-01,2023-01-01,118.8731,114.9764,104.1909,50.5961,47.0902,43.75,85.488,2.5457,131.19044
FMISV2_0001023,ALUMINUM|NA|SUP_AL_02,ALUMINUM,NA,SUP_AL_02,2023-03-01,2023-02-01,122.1048,112.1693,105.8647,49.2389,34.0285,41.986,87.102,2.8992,131.9481
FMISV2_0001024,ALUMINUM|NA|SUP_AL_02,ALUMINUM,NA,SUP_AL_02,2023-04-01,2023-03-01,121.5099,111.6855,108.0511,51.7497,38.5977,41.92,88.799,2.8145,131.09189
FMISV2_0001025,ALUMINUM|NA|SUP_AL_02,ALUMINUM,NA,SUP_AL_02,2023-05-01,2023-04-01,120.5085,107.1975,107.2015,48.0522,43.8878,39.682,86.378,2.5471,131.70387
FMISV2_0001026,ALUMINUM|NA|SUP_AL_02,ALUMINUM,NA,SUP_AL_02,2023-06-01,2023-05-01,117.5433,107.3286,103.3147,46.8898,33.7447,41.998,86.479,3.2652,131.74454
FMISV2_0001027,ALUMINUM|NA|SUP_AL_02,ALUMINUM,NA,SUP_AL_02,2023-07-01,2023-06-01,120.1308,101.7859,102.3765,46.994,36.5958,36.264,86.655,2.5369,128.86089
FMISV2_0001028,ALUMINUM|NA|SUP_AL_02,ALUMINUM,NA,SUP_AL_02,2023-08-01,2023-07-01,116.5932,99.4298,101.3298,45.6769,45.0821,41.902,86.442,2.5612,128.94728
FMISV2_0001029,ALUMINUM|NA|SUP_AL_02,ALUMINUM,NA,SUP_AL_02,2023-09-01,2023-08-01,119.9535,102.9296,98.1885,47.7256,48.7099,45.261,86.1,2.3908,126.70395
FMISV2_0001030,ALUMINUM|NA|SUP_AL_02,ALUMINUM,NA,SUP_AL_02,2023-10-01,2023-09-01,117.4428,107.1494,99.1381,48.2576,48.8767,42.011,86.036,2.637,125.8612
FMISV2_0001031,ALUMINUM|NA|SUP_AL_02,ALUMINUM,NA,SUP_AL_02,2023-11-01,2023-10-01,116.1112,97.4167,106.2286,47.0184,50.484,42.622,86.451,2.9991,124.39386
FMISV2_0001032,ALUMINUM|NA|SUP_AL_02,ALUMINUM,NA,SUP_AL_02,2023-12-01,2023-11-01,116.4076,105.556,101.8573,49.4617,51.8451,43.906,86.61,2.7509,125.92791
FMISV2_0001033,ALUMINUM|NA|SUP_AL_02,ALUMINUM,NA,SUP_AL_02,2024-01-01,2023-12-01,117.4845,115.6111,101.6641,50.6718,46.8861,41.785,89.18,2.9138,128.15441
FMISV2_0001034,ALUMINUM|NA|SUP_AL_02,ALUMINUM,NA,SUP_AL_02,2024-02-01,2024-01-01,117.8622,118.6903,101.1665,53.9543,49.0509,40.992,87.787,3.0083,131.88259
FMISV2_0001035,ALUMINUM|NA|SUP_AL_02,ALUMINUM,NA,SUP_AL_02,2024-03-01,2024-02-01,127.4457,115.9259,105.8808,51.2903,43.3594,42.122,86.117,2.9336,133.54681
FMISV2_0001036,ALUMINUM|NA|SUP_AL_02,ALUMINUM,NA,SUP_AL_02,2024-04-01,2024-03-01,128.731,115.0208,106.8459,52.6001,40.3482,38.18,85.998,2.4691,131.54933
FMISV2_0001037,ALUMINUM|NA|SUP_AL_02,ALUMINUM,NA,SUP_AL_02,2024-05-01,2024-04-01,124.2926,114.35,105.962,54.2701,40.2109,43.267,88.105,2.5696,136.68291
FMISV2_0001038,ALUMINUM|NA|SUP_AL_02,ALUMINUM,NA,SUP_AL_02,2024-06-01,2024-05-01,119.1319,108.8524,105.2599,53.1257,30.6917,39.638,88.079,2.9904,136.58696
FMISV2_0001039,ALUMINUM|NA|SUP_AL_02,ALUMINUM,NA,SUP_AL_02,2024-07-01,2024-06-01,122.1279,102.1748,104.3431,53.1732,41.7271,38.923,86.004,2.6701,135.76911
FMISV2_0001040,ALUMINUM|NA|SUP_AL_02,ALUMINUM,NA,SUP_AL_02,2024-08-01,2024-07-01,121.4915,100.0442,103.0789,49.9254,43.1696,39.466,86.713,3.2055,134.34855
FMISV2_0001041,ALUMINUM|NA|SUP_AL_02,ALUMINUM,NA,SUP_AL_02,2024-09-01,2024-08-01,116.8088,106.9974,102.4292,51.7429,43.7449,44.639,84.351,3.3276,132.87603
FMISV2_0001042,ALUMINUM|NA|SUP_AL_02,ALUMINUM,NA,SUP_AL_02,2024-10-01,2024-09-01,120.5409,107.4528,103.235,50.1718,44.5531,46.32,87.728,3.0032,133.08055
FMISV2_0001043,ALUMINUM|NA|SUP_AL_02,ALUMINUM,NA,SUP_AL_02,2024-11-01,2024-10-01,121.8495,112.1516,103.5852,46.0944,62.486,42.069,87.071,2.5363,131.47405
FMISV2_0001044,ALUMINUM|NA|SUP_AL_02,ALUMINUM,NA,SUP_AL_02,2024-12-01,2024-11-01,119.2886,110.8493,102.535,47.805,56.3391,46.212,86.317,2.843,131.12813
FMISV2_0001045,ALUMINUM|NA|SUP_AL_02,ALUMINUM,NA,SUP_AL_02,2025-01-01,2024-12-01,122.7039,115.5027,103.7867,48.0898,50.8256,41.327,87.35,2.9338,132.60764
FMISV2_0001046,ALUMINUM|NA|SUP_AL_02,ALUMINUM,NA,SUP_AL_02,2025-02-01,2025-01-01,126.956,117.1364,104.4779,46.2308,40.1366,47.344,86.921,2.3896,134.96542
FMISV2_0001047,ALUMINUM|NA|SUP_AL_02,ALUMINUM,NA,SUP_AL_02,2025-03-01,2025-02-01,125.8724,113.8069,107.0751,46.5923,42.2164,41.471,85.35,3.0101,135.8109
FMISV2_0001048,ALUMINUM|NA|SUP_AL_02,ALUMINUM,NA,SUP_AL_02,2025-04-01,2025-03-01,125.8778,115.5665,106.6343,47.5916,47.7817,41.443,85.487,2.2495,138.101
FMISV2_0001049,ALUMINUM|NA|SUP_AL_02,ALUMINUM,NA,SUP_AL_02,2025-05-01,2025-04-01,130.4023,108.1206,108.3568,48.8451,34.3671,38.883,85.091,3.6022,138.3395
FMISV2_0001050,ALUMINUM|NA|SUP_AL_02,ALUMINUM,NA,SUP_AL_02,2025-06-01,2025-05-01,131.4832,108.1694,105.4163,47.773,28.9754,41.227,87.422,2.7734,136.41384
FMISV2_0001051,ALUMINUM|NA|SUP_AL_02,ALUMINUM,NA,SUP_AL_02,2025-07-01,2025-06-01,120.0944,108.2497,105.7217,49.3896,42.5897,39.877,85.466,3.1214,134.59373
FMISV2_0001052,ALUMINUM|NA|SUP_AL_02,ALUMINUM,NA,SUP_AL_02,2025-08-01,2025-07-01,125.0966,109.1851,103.8011,52.9039,39.7252,39.821,87.604,3.1685,133.60662
FMISV2_0001053,ALUMINUM|NA|SUP_AL_02,ALUMINUM,NA,SUP_AL_02,2025-09-01,2025-08-01,119.1498,102.1444,101.2867,51.1776,42.7608,39.432,86.757,2.9329,134.43141
FMISV2_0001054,ALUMINUM|NA|SUP_AL_02,ALUMINUM,NA,SUP_AL_02,2025-10-01,2025-09-01,121.2697,100.6346,103.3071,51.6835,48.0615,36.779,87.434,2.9854,133.19621
FMISV2_0001055,ALUMINUM|NA|SUP_AL_02,ALUMINUM,NA,SUP_AL_02,2025-11-01,2025-10-01,123.2357,110.9781,102.4064,53.3797,56.8966,44.497,89.485,2.691,135.96178
FMISV2_0001056,ALUMINUM|NA|SUP_AL_02,ALUMINUM,NA,SUP_AL_02,2025-12-01,2025-11-01,126.6494,116.7064,105.4688,52.3006,43.2784,42.2,85.707,3.1764,138.55998
FMISV2_0001057,ALUMINUM|EU|SUP_AL_01,ALUMINUM,EU,SUP_AL_01,2018-01-01,2017-12-01,102.9351,106.2305,106.0242,48.6363,56.1335,35.614,90.473,1.2369,115.97446
FMISV2_0001058,ALUMINUM|EU|SUP_AL_01,ALUMINUM,EU,SUP_AL_01,2018-02-01,2018-01-01,104.463,102.7035,107.6483,50.9948,41.8915,32.617,92.899,1.7039,116.47641
FMISV2_0001059,ALUMINUM|EU|SUP_AL_01,ALUMINUM,EU,SUP_AL_01,2018-03-01,2018-02-01,104.2012,103.5918,105.7124,49.4252,54.977,31.82,91.862,1.7551,118.68622
FMISV2_0001060,ALUMINUM|EU|SUP_AL_01,ALUMINUM,EU,SUP_AL_01,2018-04-01,2018-03-01,105.138,103.5876,106.5422,51.3662,47.1506,35.819,90.881,1.2017,120.61769
FMISV2_0001061,ALUMINUM|EU|SUP_AL_01,ALUMINUM,EU,SUP_AL_01,2018-05-01,2018-04-01,108.9989,107.7421,104.1224,51.5444,44.6762,36.945,90.552,1.4278,121.93057
FMISV2_0001062,ALUMINUM|EU|SUP_AL_01,ALUMINUM,EU,SUP_AL_01,2018-06-01,2018-05-01,103.0247,89.8612,105.5378,51.4006,42.9213,35.57,93.612,1.4265,123.50925
FMISV2_0001063,ALUMINUM|EU|SUP_AL_01,ALUMINUM,EU,SUP_AL_01,2018-07-01,2018-06-01,101.6263,97.8658,104.4638,50.5753,34.2305,31.728,93.044,1.3981,122.84158
FMISV2_0001064,ALUMINUM|EU|SUP_AL_01,ALUMINUM,EU,SUP_AL_01,2018-08-01,2018-07-01,95.1124,98.4985,101.4864,50.5688,36.0903,27.73,91.926,2.0133,120.10031
FMISV2_0001065,ALUMINUM|EU|SUP_AL_01,ALUMINUM,EU,SUP_AL_01,2018-09-01,2018-08-01,100.7065,95.9444,100.0446,48.5661,40.7119,38.072,91.994,1.9191,120.76754
FMISV2_0001066,ALUMINUM|EU|SUP_AL_01,ALUMINUM,EU,SUP_AL_01,2018-10-01,2018-09-01,102.8332,96.9808,98.1741,48.9839,43.0843,37.634,91.313,1.9166,119.04514
FMISV2_0001067,ALUMINUM|EU|SUP_AL_01,ALUMINUM,EU,SUP_AL_01,2018-11-01,2018-10-01,94.31,101.6977,103.7505,48.472,52.8899,33.202,92.215,1.3085,117.77768
FMISV2_0001068,ALUMINUM|EU|SUP_AL_01,ALUMINUM,EU,SUP_AL_01,2018-12-01,2018-11-01,106.2305,103.9334,103.9792,46.8643,59.6302,37.368,90.746,2.0423,119.27679
FMISV2_0001069,ALUMINUM|EU|SUP_AL_01,ALUMINUM,EU,SUP_AL_01,2019-01-01,2018-12-01,104.4059,108.9392,105.8336,48.2305,39.572,31.333,91.485,2.0864,117.56013
FMISV2_0001070,ALUMINUM|EU|SUP_AL_01,ALUMINUM,EU,SUP_AL_01,2019-02-01,2019-01-01,104.8837,103.178,106.6548,46.8929,45.2941,32.252,92.143,1.6226,118.12178
FMISV2_0001071,ALUMINUM|EU|SUP_AL_01,ALUMINUM,EU,SUP_AL_01,2019-03-01,2019-02-01,109.3531,108.4711,104.3374,50.1918,48.6169,35.834,90.231,1.9146,121.17773
FMISV2_0001072,ALUMINUM|EU|SUP_AL_01,ALUMINUM,EU,SUP_AL_01,2019-04-01,2019-03-01,109.7496,102.3998,108.7583,49.2565,41.3393,32.289,91.31,1.3907,123.76242
FMISV2_0001073,ALUMINUM|EU|SUP_AL_01,ALUMINUM,EU,SUP_AL_01,2019-05-01,2019-04-01,110.2095,106.756,104.0429,49.2849,39.8617,32.89,92.504,0.8822,122.35262
FMISV2_0001074,ALUMINUM|EU|SUP_AL_01,ALUMINUM,EU,SUP_AL_01,2019-06-01,2019-05-01,108.2254,97.9224,104.5726,52.3753,47.4373,32.585,91.895,2.1503,123.46262
FMISV2_0001075,ALUMINUM|EU|SUP_AL_01,ALUMINUM,EU,SUP_AL_01,2019-07-01,2019-06-01,99.5688,94.3285,102.4224,51.466,38.0408,34.604,93.427,1.6639,122.29641
FMISV2_0001076,ALUMINUM|EU|SUP_AL_01,ALUMINUM,EU,SUP_AL_01,2019-08-01,2019-07-01,103.3714,94.6544,100.493,50.7377,39.4323,32.938,91.749,2.1978,124.58858
FMISV2_0001077,ALUMINUM|EU|SUP_AL_01,ALUMINUM,EU,SUP_AL_01,2019-09-01,2019-08-01,98.0391,93.4916,101.541,54.667,57.5192,37.715,93.216,2.3132,124.16801
FMISV2_0001078,ALUMINUM|EU|SUP_AL_01,ALUMINUM,EU,SUP_AL_01,2019-10-01,2019-09-01,102.989,103.6798,101.1647,53.6604,61.5225,36.621,92.105,2.0118,122.64098
FMISV2_0001079,ALUMINUM|EU|SUP_AL_01,ALUMINUM,EU,SUP_AL_01,2019-11-01,2019-10-01,102.0679,106.9712,99.9362,50.0924,51.0232,33.92,90.968,2.1445,123.89917
FMISV2_0001080,ALUMINUM|EU|SUP_AL_01,ALUMINUM,EU,SUP_AL_01,2019-12-01,2019-11-01,102.9959,112.5474,102.8693,51.9865,47.8538,37.566,92.488,1.2936,123.69021
FMISV2_0001081,ALUMINUM|EU|SUP_AL_01,ALUMINUM,EU,SUP_AL_01,2020-01-01,2019-12-01,110.1435,110.9353,106.4862,53.376,48.3364,27.656,90.556,1.9612,125.10013
FMISV2_0001082,ALUMINUM|EU|SUP_AL_01,ALUMINUM,EU,SUP_AL_01,2020-02-01,2020-01-01,115.7955,113.3031,107.4591,53.1077,49.9563,32.304,91.935,2.5311,126.42833
FMISV2_0001083,ALUMINUM|EU|SUP_AL_01,ALUMINUM,EU,SUP_AL_01,2020-03-01,2020-02-01,109.2858,112.4017,108.4225,51.2515,54.1833,34.803,91.726,1.2389,127.02665
FMISV2_0001084,ALUMINUM|EU|SUP_AL_01,ALUMINUM,EU,SUP_AL_01,2020-04-01,2020-03-01,110.9579,102.4057,104.0546,48.2291,44.104,34.528,92.076,2.6849,135.38345
FMISV2_0001085,ALUMINUM|EU|SUP_AL_01,ALUMINUM,EU,SUP_AL_01,2020-05-01,2020-04-01,109.7981,104.8867,105.9497,47.3081,33.3903,32.145,90.599,1.8471,132.52182
FMISV2_0001086,ALUMINUM|EU|SUP_AL_01,ALUMINUM,EU,SUP_AL_01,2020-06-01,2020-05-01,117.5258,97.4377,105.4029,49.9225,40.85,30.956,92.589,2.1019,132.2559
FMISV2_0001087,ALUMINUM|EU|SUP_AL_01,ALUMINUM,EU,SUP_AL_01,2020-07-01,2020-06-01,103.2119,105.1801,102.9823,47.1907,36.2782,33.936,91.693,2.1789,129.88777
FMISV2_0001088,ALUMINUM|EU|SUP_AL_01,ALUMINUM,EU,SUP_AL_01,2020-08-01,2020-07-01,104.6328,101.2908,100.4619,45.8148,35.0467,36.227,93.012,2.0184,128.85517
FMISV2_0001089,ALUMINUM|EU|SUP_AL_01,ALUMINUM,EU,SUP_AL_01,2020-09-01,2020-08-01,104.6045,93.7309,101.1489,45.0372,52.271,28.702,92.193,1.7291,125.83718
FMISV2_0001090,ALUMINUM|EU|SUP_AL_01,ALUMINUM,EU,SUP_AL_01,2020-10-01,2020-09-01,106.7902,105.8281,103.4796,50.1332,42.8674,31.237,91.685,2.5949,124.71587
FMISV2_0001091,ALUMINUM|EU|SUP_AL_01,ALUMINUM,EU,SUP_AL_01,2020-11-01,2020-10-01,103.5774,100.6185,104.8049,48.5166,49.1294,28.992,93.003,2.1803,124.574
FMISV2_0001092,ALUMINUM|EU|SUP_AL_01,ALUMINUM,EU,SUP_AL_01,2020-12-01,2020-11-01,106.6203,106.4558,106.2694,49.6546,44.2504,32.82,93.649,1.8923,128.61979
FMISV2_0001093,ALUMINUM|EU|SUP_AL_01,ALUMINUM,EU,SUP_AL_01,2021-01-01,2020-12-01,109.3489,114.0991,107.7384,52.8361,53.2156,35.789,92.077,1.9042,131.33359
FMISV2_0001094,ALUMINUM|EU|SUP_AL_01,ALUMINUM,EU,SUP_AL_01,2021-02-01,2021-01-01,115.0235,104.2425,109.4113,51.3815,58.0388,32.163,88.205,2.2835,133.78628
FMISV2_0001095,ALUMINUM|EU|SUP_AL_01,ALUMINUM,EU,SUP_AL_01,2021-03-01,2021-02-01,111.9497,104.6707,106.8769,53.4874,39.5819,35.752,90.753,2.9288,134.96021
FMISV2_0001096,ALUMINUM|EU|SUP_AL_01,ALUMINUM,EU,SUP_AL_01,2021-04-01,2021-03-01,119.6959,108.6164,105.4408,53.3608,46.4441,31.763,91.998,2.5492,135.65408
FMISV2_0001097,ALUMINUM|EU|SUP_AL_01,ALUMINUM,EU,SUP_AL_01,2021-05-01,2021-04-01,112.7161,96.394,107.2377,53.6997,38.7841,37.149,91.054,1.9701,137.34749
FMISV2_0001098,ALUMINUM|EU|SUP_AL_01,ALUMINUM,EU,SUP_AL_01,2021-06-01,2021-05-01,115.5709,99.8472,104.9808,52.1906,35.5554,35.287,90.164,1.5716,136.40518
FMISV2_0001099,ALUMINUM|EU|SUP_AL_01,ALUMINUM,EU,SUP_AL_01,2021-07-01,2021-06-01,110.2152,96.8253,104.8508,51.9469,35.4923,33.246,90.297,3.0398,134.18815
FMISV2_0001100,ALUMINUM|EU|SUP_AL_01,ALUMINUM,EU,SUP_AL_01,2021-08-01,2021-07-01,110.1049,94.9334,103.1074,49.9846,35.6575,35.407,91.328,2.8358,134.167
FMISV2_0001101,ALUMINUM|EU|SUP_AL_01,ALUMINUM,EU,SUP_AL_01,2021-09-01,2021-08-01,106.7397,107.617,103.5231,50.4862,41.908,34.634,91.111,2.3031,131.82549
FMISV2_0001102,ALUMINUM|EU|SUP_AL_01,ALUMINUM,EU,SUP_AL_01,2021-10-01,2021-09-01,110.6796,103.1365,102.1137,51.3607,42.8419,33.188,92.007,2.3093,141.45724
FMISV2_0001103,ALUMINUM|EU|SUP_AL_01,ALUMINUM,EU,SUP_AL_01,2021-11-01,2021-10-01,115.1356,105.9621,102.415,49.3118,54.4724,37.582,91.663,2.5756,138.15339
FMISV2_0001104,ALUMINUM|EU|SUP_AL_01,ALUMINUM,EU,SUP_AL_01,2021-12-01,2021-11-01,111.337,105.5673,104.1912,46.4528,55.7673,34.72,91.003,3.1094,136.77933
FMISV2_0001105,ALUMINUM|EU|SUP_AL_01,ALUMINUM,EU,SUP_AL_01,2022-01-01,2021-12-01,112.1994,123.5805,105.5747,46.7115,48.5703,34.82,91.72,2.7642,135.55007
FMISV2_0001106,ALUMINUM|EU|SUP_AL_01,ALUMINUM,EU,SUP_AL_01,2022-02-01,2022-01-01,111.0395,108.0289,111.3715,46.3247,53.8425,33.682,92.457,2.2808,135.2602
FMISV2_0001107,ALUMINUM|EU|SUP_AL_01,ALUMINUM,EU,SUP_AL_01,2022-03-01,2022-02-01,117.252,112.121,108.5657,47.844,46.8625,36.808,92.443,2.5536,141.11021
FMISV2_0001108,ALUMINUM|EU|SUP_AL_01,ALUMINUM,EU,SUP_AL_01,2022-04-01,2022-03-01,121.0944,101.5237,106.6491,48.0325,40.8477,32.896,89.811,2.528,140.6869
FMISV2_0001109,ALUMINUM|EU|SUP_AL_01,ALUMINUM,EU,SUP_AL_01,2022-05-01,2022-04-01,114.3896,107.384,110.5093,46.61,52.7075,33.485,90.944,2.726,139.08309
FMISV2_0001110,ALUMINUM|EU|SUP_AL_01,ALUMINUM,EU,SUP_AL_01,2022-06-01,2022-05-01,113.7828,101.4587,104.7141,46.9302,38.2018,32.07,93.295,2.3234,138.16956
FMISV2_0001111,ALUMINUM|EU|SUP_AL_01,ALUMINUM,EU,SUP_AL_01,2022-07-01,2022-06-01,114.0836,102.0775,104.8718,51.5686,39.4617,36.991,92.058,2.7204,135.99578
FMISV2_0001112,ALUMINUM|EU|SUP_AL_01,ALUMINUM,EU,SUP_AL_01,2022-08-01,2022-07-01,117.7614,102.1247,104.6646,51.5157,40.2741,30.317,92.906,2.1725,133.60382
FMISV2_0001113,ALUMINUM|EU|SUP_AL_01,ALUMINUM,EU,SUP_AL_01,2022-09-01,2022-08-01,107.0092,95.0342,103.6029,51.8277,40.9866,38.029,91.915,2.9164,133.03957
FMISV2_0001114,ALUMINUM|EU|SUP_AL_01,ALUMINUM,EU,SUP_AL_01,2022-10-01,2022-09-01,112.5549,103.18,101.6581,52.9565,42.8768,30.896,91.136,1.8709,133.1005
FMISV2_0001115,ALUMINUM|EU|SUP_AL_01,ALUMINUM,EU,SUP_AL_01,2022-11-01,2022-10-01,112.6264,100.6801,103.3924,52.7293,52.0187,38.052,91.27,2.4652,134.15955
FMISV2_0001116,ALUMINUM|EU|SUP_AL_01,ALUMINUM,EU,SUP_AL_01,2022-12-01,2022-11-01,119.7558,102.1387,106.2406,51.9272,57.4425,38.608,90.38,2.656,135.88712
FMISV2_0001117,ALUMINUM|EU|SUP_AL_01,ALUMINUM,EU,SUP_AL_01,2023-01-01,2022-12-01,116.6644,108.2256,107.3766,49.7243,58.1623,33.52,91.433,2.6125,137.77342
FMISV2_0001118,ALUMINUM|EU|SUP_AL_01,ALUMINUM,EU,SUP_AL_01,2023-02-01,2023-01-01,118.8731,114.9764,107.7854,50.5961,47.0902,36.354,93.744,2.5152,140.02356
FMISV2_0001119,ALUMINUM|EU|SUP_AL_01,ALUMINUM,EU,SUP_AL_01,2023-03-01,2023-02-01,122.1048,112.1693,108.7034,49.2389,34.0285,32.235,91.352,2.3592,139.14143
FMISV2_0001120,ALUMINUM|EU|SUP_AL_01,ALUMINUM,EU,SUP_AL_01,2023-04-01,2023-03-01,121.5099,111.6855,108.3245,51.7497,38.5977,37.556,92.964,2.7006,139.67383
FMISV2_0001121,ALUMINUM|EU|SUP_AL_01,ALUMINUM,EU,SUP_AL_01,2023-05-01,2023-04-01,120.5085,107.1975,108.1529,48.0522,43.8878,38.855,92.832,1.9776,139.81778
FMISV2_0001122,ALUMINUM|EU|SUP_AL_01,ALUMINUM,EU,SUP_AL_01,2023-06-01,2023-05-01,117.5433,107.3286,106.0407,46.8898,33.7447,32.371,92.96,2.5786,139.04079
FMISV2_0001123,ALUMINUM|EU|SUP_AL_01,ALUMINUM,EU,SUP_AL_01,2023-07-01,2023-06-01,120.1308,101.7859,104.8388,46.994,36.5958,33.264,92.443,2.8444,138.27478
FMISV2_0001124,ALUMINUM|EU|SUP_AL_01,ALUMINUM,EU,SUP_AL_01,2023-08-01,2023-07-01,116.5932,99.4298,102.7216,45.6769,45.0821,31.141,91.588,3.0954,137.03989
FMISV2_0001125,ALUMINUM|EU|SUP_AL_01,ALUMINUM,EU,SUP_AL_01,2023-09-01,2023-08-01,119.9535,102.9296,103.4351,47.7256,48.7099,42.172,90.832,2.2193,137.52621
FMISV2_0001126,ALUMINUM|EU|SUP_AL_01,ALUMINUM,EU,SUP_AL_01,2023-10-01,2023-09-01,117.4428,107.1494,108.5847,48.2576,48.8767,33.881,91.282,2.4771,138.79406
FMISV2_0001127,ALUMINUM|EU|SUP_AL_01,ALUMINUM,EU,SUP_AL_01,2023-11-01,2023-10-01,116.1112,97.4167,105.3172,47.0184,50.484,36.667,90.597,2.8788,138.03089
FMISV2_0001128,ALUMINUM|EU|SUP_AL_01,ALUMINUM,EU,SUP_AL_01,2023-12-01,2023-11-01,116.4076,105.556,105.8393,49.4617,51.8451,34.922,90.467,2.1625,138.99518
FMISV2_0001129,ALUMINUM|EU|SUP_AL_01,ALUMINUM,EU,SUP_AL_01,2024-01-01,2023-12-01,117.4845,115.6111,108.4437,50.6718,46.8861,30.112,92.539,2.8356,140.63091
FMISV2_0001130,ALUMINUM|EU|SUP_AL_01,ALUMINUM,EU,SUP_AL_01,2024-02-01,2024-01-01,117.8622,118.6903,106.4205,53.9543,49.0509,33.611,90.153,3.1363,142.44329
FMISV2_0001131,ALUMINUM|EU|SUP_AL_01,ALUMINUM,EU,SUP_AL_01,2024-03-01,2024-02-01,127.4457,115.9259,107.66,51.2903,43.3594,31.135,92.352,2.8791,144.25038
FMISV2_0001132,ALUMINUM|EU|SUP_AL_01,ALUMINUM,EU,SUP_AL_01,2024-04-01,2024-03-01,128.731,115.0208,110.8199,52.6001,40.3482,38.787,91.072,2.924,146.04626
FMISV2_0001133,ALUMINUM|EU|SUP_AL_01,ALUMINUM,EU,SUP_AL_01,2024-05-01,2024-04-01,124.2926,114.35,108.2014,54.2701,40.2109,38.067,91.714,2.8611,145.70046
FMISV2_0001134,ALUMINUM|EU|SUP_AL_01,ALUMINUM,EU,SUP_AL_01,2024-06-01,2024-05-01,119.1319,108.8524,105.4691,53.1257,30.6917,32.693,90.626,3.4522,144.70337
FMISV2_0001135,ALUMINUM|EU|SUP_AL_01,ALUMINUM,EU,SUP_AL_01,2024-07-01,2024-06-01,122.1279,102.1748,107.2758,53.1732,41.7271,38.797,90.938,3.0933,146.1824
FMISV2_0001136,ALUMINUM|EU|SUP_AL_01,ALUMINUM,EU,SUP_AL_01,2024-08-01,2024-07-01,121.4915,100.0442,103.7284,49.9254,43.1696,36.749,93.133,3.018,147.30215
FMISV2_0001137,ALUMINUM|EU|SUP_AL_01,ALUMINUM,EU,SUP_AL_01,2024-09-01,2024-08-01,116.8088,106.9974,105.6306,51.7429,43.7449,31.68,92.612,2.9907,145.1105
FMISV2_0001138,ALUMINUM|EU|SUP_AL_01,ALUMINUM,EU,SUP_AL_01,2024-10-01,2024-09-01,120.5409,107.4528,105.7738,50.1718,44.5531,35.3,91.902,3.3608,145.15206
FMISV2_0001139,ALUMINUM|EU|SUP_AL_01,ALUMINUM,EU,SUP_AL_01,2024-11-01,2024-10-01,121.8495,112.1516,105.2019,46.0944,62.486,34.881,91.392,2.9887,145.12341
FMISV2_0001140,ALUMINUM|EU|SUP_AL_01,ALUMINUM,EU,SUP_AL_01,2024-12-01,2024-11-01,119.2886,110.8493,106.3229,47.805,56.3391,38.456,94.03,2.3266,144.51259
FMISV2_0001141,ALUMINUM|EU|SUP_AL_01,ALUMINUM,EU,SUP_AL_01,2025-01-01,2024-12-01,122.7039,115.5027,107.5643,48.0898,50.8256,34.762,89.864,3.6489,147.29651
FMISV2_0001142,ALUMINUM|EU|SUP_AL_01,ALUMINUM,EU,SUP_AL_01,2025-02-01,2025-01-01,126.956,117.1364,108.9778,46.2308,40.1366,30.381,92.796,3.6317,149.07565
FMISV2_0001143,ALUMINUM|EU|SUP_AL_01,ALUMINUM,EU,SUP_AL_01,2025-03-01,2025-02-01,125.8724,113.8069,110.319,46.5923,42.2164,29.628,89.919,3.1231,148.73677
FMISV2_0001144,ALUMINUM|EU|SUP_AL_01,ALUMINUM,EU,SUP_AL_01,2025-04-01,2025-03-01,125.8778,115.5665,110.5247,47.5916,47.7817,30.648,92.199,2.829,152.03414
FMISV2_0001145,ALUMINUM|EU|SUP_AL_01,ALUMINUM,EU,SUP_AL_01,2025-05-01,2025-04-01,130.4023,108.1206,106.779,48.8451,34.3671,32.934,91.306,2.8592,151.15217
FMISV2_0001146,ALUMINUM|EU|SUP_AL_01,ALUMINUM,EU,SUP_AL_01,2025-06-01,2025-05-01,131.4832,108.1694,107.5866,47.773,28.9754,30.303,93.807,2.9347,150.18248
FMISV2_0001147,ALUMINUM|EU|SUP_AL_01,ALUMINUM,EU,SUP_AL_01,2025-07-01,2025-06-01,120.0944,108.2497,104.4813,49.3896,42.5897,31.604,91.092,3.2773,149.1821
FMISV2_0001148,ALUMINUM|EU|SUP_AL_01,ALUMINUM,EU,SUP_AL_01,2025-08-01,2025-07-01,125.0966,109.1851,106.1248,52.9039,39.7252,31.552,93.93,3.8245,146.36148
FMISV2_0001149,ALUMINUM|EU|SUP_AL_01,ALUMINUM,EU,SUP_AL_01,2025-09-01,2025-08-01,119.1498,102.1444,105.007,51.1776,42.7608,30.204,94.363,3.3607,144.06105
FMISV2_0001150,ALUMINUM|EU|SUP_AL_01,ALUMINUM,EU,SUP_AL_01,2025-10-01,2025-09-01,121.2697,100.6346,103.634,51.6835,48.0615,34.379,92.111,3.4903,146.17761
FMISV2_0001151,ALUMINUM|EU|SUP_AL_01,ALUMINUM,EU,SUP_AL_01,2025-11-01,2025-10-01,123.2357,110.9781,108.3289,53.3797,56.8966,36.806,90.964,3.1652,146.0121
FMISV2_0001152,ALUMINUM|EU|SUP_AL_01,ALUMINUM,EU,SUP_AL_01,2025-12-01,2025-11-01,126.6494,116.7064,107.9275,52.3006,43.2784,33.192,89.195,2.4304,147.35109
FMISV2_0001153,ALUMINUM|EU|SUP_AL_02,ALUMINUM,EU,SUP_AL_02,2018-01-01,2017-12-01,102.9351,106.2305,104.8168,48.6363,56.1335,43.777,84.45,0.9582,112.03368
FMISV2_0001154,ALUMINUM|EU|SUP_AL_02,ALUMINUM,EU,SUP_AL_02,2018-02-01,2018-01-01,104.463,102.7035,103.4971,50.9948,41.8915,43.413,86.63,1.2957,113.43779
FMISV2_0001155,ALUMINUM|EU|SUP_AL_02,ALUMINUM,EU,SUP_AL_02,2018-03-01,2018-02-01,104.2012,103.5918,104.1857,49.4252,54.977,48.648,86.087,1.6889,115.68686
FMISV2_0001156,ALUMINUM|EU|SUP_AL_02,ALUMINUM,EU,SUP_AL_02,2018-04-01,2018-03-01,105.138,103.5876,106.025,51.3662,47.1506,44.251,86.478,1.2989,117.78314
FMISV2_0001157,ALUMINUM|EU|SUP_AL_02,ALUMINUM,EU,SUP_AL_02,2018-05-01,2018-04-01,108.9989,107.7421,102.5415,51.5444,44.6762,44.368,85.618,1.773,118.29881
FMISV2_0001158,ALUMINUM|EU|SUP_AL_02,ALUMINUM,EU,SUP_AL_02,2018-06-01,2018-05-01,103.0247,89.8612,100.8593,51.4006,42.9213,41.521,85.822,1.6345,117.22841
FMISV2_0001159,ALUMINUM|EU|SUP_AL_02,ALUMINUM,EU,SUP_AL_02,2018-07-01,2018-06-01,101.6263,97.8658,103.723,50.5753,34.2305,41.922,86.474,1.4544,115.85035
FMISV2_0001160,ALUMINUM|EU|SUP_AL_02,ALUMINUM,EU,SUP_AL_02,2018-08-01,2018-07-01,95.1124,98.4985,103.2346,50.5688,36.0903,44.02,85.629,1.6065,113.50673
FMISV2_0001161,ALUMINUM|EU|SUP_AL_02,ALUMINUM,EU,SUP_AL_02,2018-09-01,2018-08-01,100.7065,95.9444,98.9715,48.5661,40.7119,45.546,86.252,1.6881,113.02562
FMISV2_0001162,ALUMINUM|EU|SUP_AL_02,ALUMINUM,EU,SUP_AL_02,2018-10-01,2018-09-01,102.8332,96.9808,100.8779,48.9839,43.0843,48.59,87.145,1.9847,111.11064
FMISV2_0001163,ALUMINUM|EU|SUP_AL_02,ALUMINUM,EU,SUP_AL_02,2018-11-01,2018-10-01,94.31,101.6977,102.3676,48.472,52.8899,44.513,87.023,1.9794,113.35253
FMISV2_0001164,ALUMINUM|EU|SUP_AL_02,ALUMINUM,EU,SUP_AL_02,2018-12-01,2018-11-01,106.2305,103.9334,103.1981,46.8643,59.6302,49.443,85.544,2.4011,113.24774
FMISV2_0001165,ALUMINUM|EU|SUP_AL_02,ALUMINUM,EU,SUP_AL_02,2019-01-01,2018-12-01,104.4059,108.9392,102.1289,48.2305,39.572,38.85,87.278,1.6842,115.70346
FMISV2_0001166,ALUMINUM|EU|SUP_AL_02,ALUMINUM,EU,SUP_AL_02,2019-02-01,2019-01-01,104.8837,103.178,105.4083,46.8929,45.2941,44.707,85.773,1.7402,115.43287
FMISV2_0001167,ALUMINUM|EU|SUP_AL_02,ALUMINUM,EU,SUP_AL_02,2019-03-01,2019-02-01,109.3531,108.4711,106.3594,50.1918,48.6169,42.81,85.697,2.4131,117.2463
FMISV2_0001168,ALUMINUM|EU|SUP_AL_02,ALUMINUM,EU,SUP_AL_02,2019-04-01,2019-03-01,109.7496,102.3998,107.1999,49.2565,41.3393,46.303,85.832,1.7216,118.74338
FMISV2_0001169,ALUMINUM|EU|SUP_AL_02,ALUMINUM,EU,SUP_AL_02,2019-05-01,2019-04-01,110.2095,106.756,105.5317,49.2849,39.8617,45.591,86.236,1.9893,119.02424
FMISV2_0001170,ALUMINUM|EU|SUP_AL_02,ALUMINUM,EU,SUP_AL_02,2019-06-01,2019-05-01,108.2254,97.9224,104.2067,52.3753,47.4373,46.276,85.551,2.0433,119.10307
FMISV2_0001171,ALUMINUM|EU|SUP_AL_02,ALUMINUM,EU,SUP_AL_02,2019-07-01,2019-06-01,99.5688,94.3285,101.3878,51.466,38.0408,45.939,85.729,1.807,118.93986
FMISV2_0001172,ALUMINUM|EU|SUP_AL_02,ALUMINUM,EU,SUP_AL_02,2019-08-01,2019-07-01,103.3714,94.6544,99.87,50.7377,39.4323,42.252,87.487,2.0343,116.92471
FMISV2_0001173,ALUMINUM|EU|SUP_AL_02,ALUMINUM,EU,SUP_AL_02,2019-09-01,2019-08-01,98.0391,93.4916,103.1071,54.667,57.5192,42.112,86.032,1.2861,118.40255
FMISV2_0001174,ALUMINUM|EU|SUP_AL_02,ALUMINUM,EU,SUP_AL_02,2019-10-01,2019-09-01,102.989,103.6798,100.443,53.6604,61.5225,44.106,86.795,1.7306,117.26894
FMISV2_0001175,ALUMINUM|EU|SUP_AL_02,ALUMINUM,EU,SUP_AL_02,2019-11-01,2019-10-01,102.0679,106.9712,102.8398,50.0924,51.0232,37.12,85.06,1.7487,117.41043
FMISV2_0001176,ALUMINUM|EU|SUP_AL_02,ALUMINUM,EU,SUP_AL_02,2019-12-01,2019-11-01,102.9959,112.5474,106.6966,51.9865,47.8538,41.555,85.583,2.4193,119.86532
FMISV2_0001177,ALUMINUM|EU|SUP_AL_02,ALUMINUM,EU,SUP_AL_02,2020-01-01,2019-12-01,110.1435,110.9353,104.2841,53.376,48.3364,41.132,85.879,2.0419,120.24655
FMISV2_0001178,ALUMINUM|EU|SUP_AL_02,ALUMINUM,EU,SUP_AL_02,2020-02-01,2020-01-01,115.7955,113.3031,107.2879,53.1077,49.9563,44.192,84.615,2.8184,121.057
FMISV2_0001179,ALUMINUM|EU|SUP_AL_02,ALUMINUM,EU,SUP_AL_02,2020-03-01,2020-02-01,109.2858,112.4017,108.9927,51.2515,54.1833,45.782,87.763,1.5973,123.98131
FMISV2_0001180,ALUMINUM|EU|SUP_AL_02,ALUMINUM,EU,SUP_AL_02,2020-04-01,2020-03-01,110.9579,102.4057,107.0708,48.2291,44.104,45.192,87.242,2.0231,132.11658
FMISV2_0001181,ALUMINUM|EU|SUP_AL_02,ALUMINUM,EU,SUP_AL_02,2020-05-01,2020-04-01,109.7981,104.8867,105.5282,47.3081,33.3903,42.332,85.564,2.1981,130.86348
FMISV2_0001182,ALUMINUM|EU|SUP_AL_02,ALUMINUM,EU,SUP_AL_02,2020-06-01,2020-05-01,117.5258,97.4377,104.8244,49.9225,40.85,49.272,88.208,2.34,127.25671
FMISV2_0001183,ALUMINUM|EU|SUP_AL_02,ALUMINUM,EU,SUP_AL_02,2020-07-01,2020-06-01,103.2119,105.1801,101.3809,47.1907,36.2782,41.158,89.816,2.2122,125.02553
FMISV2_0001184,ALUMINUM|EU|SUP_AL_02,ALUMINUM,EU,SUP_AL_02,2020-08-01,2020-07-01,104.6328,101.2908,101.9117,45.8148,35.0467,46.041,86.453,2.3713,126.22718
FMISV2_0001185,ALUMINUM|EU|SUP_AL_02,ALUMINUM,EU,SUP_AL_02,2020-09-01,2020-08-01,104.6045,93.7309,101.3211,45.0372,52.271,42.541,86.799,1.7528,123.43293
FMISV2_0001186,ALUMINUM|EU|SUP_AL_02,ALUMINUM,EU,SUP_AL_02,2020-10-01,2020-09-01,106.7902,105.8281,105.1795,50.1332,42.8674,43.201,86.04,2.3272,120.5707
FMISV2_0001187,ALUMINUM|EU|SUP_AL_02,ALUMINUM,EU,SUP_AL_02,2020-11-01,2020-10-01,103.5774,100.6185,104.1069,48.5166,49.1294,42.786,87.335,2.1307,121.85617
FMISV2_0001188,ALUMINUM|EU|SUP_AL_02,ALUMINUM,EU,SUP_AL_02,2020-12-01,2020-11-01,106.6203,106.4558,103.9662,49.6546,44.2504,42.729,86.663,2.1419,123.08194
FMISV2_0001189,ALUMINUM|EU|SUP_AL_02,ALUMINUM,EU,SUP_AL_02,2021-01-01,2020-12-01,109.3489,114.0991,107.0591,52.8361,53.2156,44.477,86.43,2.1109,125.3655
FMISV2_0001190,ALUMINUM|EU|SUP_AL_02,ALUMINUM,EU,SUP_AL_02,2021-02-01,2021-01-01,115.0235,104.2425,109.822,51.3815,58.0388,44.595,86.536,1.9606,127.25657
FMISV2_0001191,ALUMINUM|EU|SUP_AL_02,ALUMINUM,EU,SUP_AL_02,2021-03-01,2021-02-01,111.9497,104.6707,108.814,53.4874,39.5819,45.51,86.07,2.515,129.40636
FMISV2_0001192,ALUMINUM|EU|SUP_AL_02,ALUMINUM,EU,SUP_AL_02,2021-04-01,2021-03-01,119.6959,108.6164,109.0681,53.3608,46.4441,48.733,86.367,2.4158,130.09006
FMISV2_0001193,ALUMINUM|EU|SUP_AL_02,ALUMINUM,EU,SUP_AL_02,2021-05-01,2021-04-01,112.7161,96.394,106.1826,53.6997,38.7841,46.333,86.15,2.3702,130.8455
FMISV2_0001194,ALUMINUM|EU|SUP_AL_02,ALUMINUM,EU,SUP_AL_02,2021-06-01,2021-05-01,115.5709,99.8472,106.7826,52.1906,35.5554,39.241,85.681,2.3808,128.4136
FMISV2_0001195,ALUMINUM|EU|SUP_AL_02,ALUMINUM,EU,SUP_AL_02,2021-07-01,2021-06-01,110.2152,96.8253,104.5367,51.9469,35.4923,43.558,87.84,1.8866,128.51949
FMISV2_0001196,ALUMINUM|EU|SUP_AL_02,ALUMINUM,EU,SUP_AL_02,2021-08-01,2021-07-01,110.1049,94.9334,105.1361,49.9846,35.6575,45.104,88.276,2.4539,128.36426
FMISV2_0001197,ALUMINUM|EU|SUP_AL_02,ALUMINUM,EU,SUP_AL_02,2021-09-01,2021-08-01,106.7397,107.617,102.0456,50.4862,41.908,41.774,86.276,3.001,124.52827
FMISV2_0001198,ALUMINUM|EU|SUP_AL_02,ALUMINUM,EU,SUP_AL_02,2021-10-01,2021-09-01,110.6796,103.1365,106.1751,51.3607,42.8419,42.799,85.182,1.9307,131.60763
FMISV2_0001199,ALUMINUM|EU|SUP_AL_02,ALUMINUM,EU,SUP_AL_02,2021-11-01,2021-10-01,115.1356,105.9621,106.4441,49.3118,54.4724,49.653,85.46,2.3382,132.55021
FMISV2_0001200,ALUMINUM|EU|SUP_AL_02,ALUMINUM,EU,SUP_AL_02,2021-12-01,2021-11-01,111.337,105.5673,106.4566,46.4528,55.7673,45.611,87.907,1.8563,133.74802
FMISV2_0001201,ALUMINUM|EU|SUP_AL_02,ALUMINUM,EU,SUP_AL_02,2022-01-01,2021-12-01,112.1994,123.5805,106.8999,46.7115,48.5703,39.292,87.999,2.2293,134.08223
FMISV2_0001202,ALUMINUM|EU|SUP_AL_02,ALUMINUM,EU,SUP_AL_02,2022-02-01,2022-01-01,111.0395,108.0289,107.6445,46.3247,53.8425,46.42,87.175,2.4254,133.55026
FMISV2_0001203,ALUMINUM|EU|SUP_AL_02,ALUMINUM,EU,SUP_AL_02,2022-03-01,2022-02-01,117.252,112.121,104.9164,47.844,46.8625,48.314,86.795,2.2595,140.54342
FMISV2_0001204,ALUMINUM|EU|SUP_AL_02,ALUMINUM,EU,SUP_AL_02,2022-04-01,2022-03-01,121.0944,101.5237,108.1551,48.0325,40.8477,46.246,87.293,2.3416,140.02544
FMISV2_0001205,ALUMINUM|EU|SUP_AL_02,ALUMINUM,EU,SUP_AL_02,2022-05-01,2022-04-01,114.3896,107.384,104.2777,46.61,52.7075,47.949,86.219,2.5172,138.30954
FMISV2_0001206,ALUMINUM|EU|SUP_AL_02,ALUMINUM,EU,SUP_AL_02,2022-06-01,2022-05-01,113.7828,101.4587,108.1538,46.9302,38.2018,46.215,89.671,2.5164,135.28898
FMISV2_0001207,ALUMINUM|EU|SUP_AL_02,ALUMINUM,EU,SUP_AL_02,2022-07-01,2022-06-01,114.0836,102.0775,105.9556,51.5686,39.4617,47.325,86.865,2.758,133.27351
FMISV2_0001208,ALUMINUM|EU|SUP_AL_02,ALUMINUM,EU,SUP_AL_02,2022-08-01,2022-07-01,117.7614,102.1247,102.3246,51.5157,40.2741,44.921,86.124,2.5295,130.84798
FMISV2_0001209,ALUMINUM|EU|SUP_AL_02,ALUMINUM,EU,SUP_AL_02,2022-09-01,2022-08-01,107.0092,95.0342,100.8597,51.8277,40.9866,42.884,86.341,2.6309,128.92348
FMISV2_0001210,ALUMINUM|EU|SUP_AL_02,ALUMINUM,EU,SUP_AL_02,2022-10-01,2022-09-01,112.5549,103.18,103.499,52.9565,42.8768,48.281,87.531,2.5788,129.34424
FMISV2_0001211,ALUMINUM|EU|SUP_AL_02,ALUMINUM,EU,SUP_AL_02,2022-11-01,2022-10-01,112.6264,100.6801,102.0299,52.7293,52.0187,43.819,85.778,2.3969,130.92461
FMISV2_0001212,ALUMINUM|EU|SUP_AL_02,ALUMINUM,EU,SUP_AL_02,2022-12-01,2022-11-01,119.7558,102.1387,105.1938,51.9272,57.4425,44.558,88.618,2.7284,132.31626
FMISV2_0001213,ALUMINUM|EU|SUP_AL_02,ALUMINUM,EU,SUP_AL_02,2023-01-01,2022-12-01,116.6644,108.2256,104.647,49.7243,58.1623,45.437,85.456,2.704,133.83428
FMISV2_0001214,ALUMINUM|EU|SUP_AL_02,ALUMINUM,EU,SUP_AL_02,2023-02-01,2023-01-01,118.8731,114.9764,108.3875,50.5961,47.0902,45.287,84.873,2.8719,135.47496
FMISV2_0001215,ALUMINUM|EU|SUP_AL_02,ALUMINUM,EU,SUP_AL_02,2023-03-01,2023-02-01,122.1048,112.1693,108.039,49.2389,34.0285,41.514,85.562,2.8824,136.79416
FMISV2_0001216,ALUMINUM|EU|SUP_AL_02,ALUMINUM,EU,SUP_AL_02,2023-04-01,2023-03-01,121.5099,111.6855,108.0765,51.7497,38.5977,42.978,85.299,2.2183,136.16828
FMISV2_0001217,ALUMINUM|EU|SUP_AL_02,ALUMINUM,EU,SUP_AL_02,2023-05-01,2023-04-01,120.5085,107.1975,109.2979,48.0522,43.8878,43.319,86.783,2.8047,136.90791
FMISV2_0001218,ALUMINUM|EU|SUP_AL_02,ALUMINUM,EU,SUP_AL_02,2023-06-01,2023-05-01,117.5433,107.3286,106.4909,46.8898,33.7447,43.564,89.013,2.178,136.05319
FMISV2_0001219,ALUMINUM|EU|SUP_AL_02,ALUMINUM,EU,SUP_AL_02,2023-07-01,2023-06-01,120.1308,101.7859,106.0786,46.994,36.5958,47.251,86.267,2.5954,135.49661
FMISV2_0001220,ALUMINUM|EU|SUP_AL_02,ALUMINUM,EU,SUP_AL_02,2023-08-01,2023-07-01,116.5932,99.4298,105.2126,45.6769,45.0821,45.878,85.585,2.4933,131.81253
FMISV2_0001221,ALUMINUM|EU|SUP_AL_02,ALUMINUM,EU,SUP_AL_02,2023-09-01,2023-08-01,119.9535,102.9296,104.913,47.7256,48.7099,41.17,86.928,2.7312,130.37581
FMISV2_0001222,ALUMINUM|EU|SUP_AL_02,ALUMINUM,EU,SUP_AL_02,2023-10-01,2023-09-01,117.4428,107.1494,104.1684,48.2576,48.8767,43.405,87.302,2.5708,131.5215
FMISV2_0001223,ALUMINUM|EU|SUP_AL_02,ALUMINUM,EU,SUP_AL_02,2023-11-01,2023-10-01,116.1112,97.4167,106.2572,47.0184,50.484,41.629,85.54,3.3726,132.0
FMISV2_0001224,ALUMINUM|EU|SUP_AL_02,ALUMINUM,EU,SUP_AL_02,2023-12-01,2023-11-01,116.4076,105.556,107.473,49.4617,51.8451,44.35,84.745,2.6112,132.30606
FMISV2_0001225,ALUMINUM|EU|SUP_AL_02,ALUMINUM,EU,SUP_AL_02,2024-01-01,2023-12-01,117.4845,115.6111,106.289,50.6718,46.8861,46.872,86.53,2.613,133.63384
FMISV2_0001226,ALUMINUM|EU|SUP_AL_02,ALUMINUM,EU,SUP_AL_02,2024-02-01,2024-01-01,117.8622,118.6903,108.6227,53.9543,49.0509,47.154,86.307,2.9464,138.54372
FMISV2_0001227,ALUMINUM|EU|SUP_AL_02,ALUMINUM,EU,SUP_AL_02,2024-03-01,2024-02-01,127.4457,115.9259,107.5826,51.2903,43.3594,44.442,86.696,2.5471,140.06586
FMISV2_0001228,ALUMINUM|EU|SUP_AL_02,ALUMINUM,EU,SUP_AL_02,2024-04-01,2024-03-01,128.731,115.0208,112.5376,52.6001,40.3482,48.392,87.657,2.8198,142.09885
FMISV2_0001229,ALUMINUM|EU|SUP_AL_02,ALUMINUM,EU,SUP_AL_02,2024-05-01,2024-04-01,124.2926,114.35,106.7392,54.2701,40.2109,46.241,87.821,2.7698,140.92696
FMISV2_0001230,ALUMINUM|EU|SUP_AL_02,ALUMINUM,EU,SUP_AL_02,2024-06-01,2024-05-01,119.1319,108.8524,107.6914,53.1257,30.6917,45.357,86.475,2.7069,138.06989
FMISV2_0001231,ALUMINUM|EU|SUP_AL_02,ALUMINUM,EU,SUP_AL_02,2024-07-01,2024-06-01,122.1279,102.1748,108.9662,53.1732,41.7271,40.257,85.804,2.9739,138.0217
FMISV2_0001232,ALUMINUM|EU|SUP_AL_02,ALUMINUM,EU,SUP_AL_02,2024-08-01,2024-07-01,121.4915,100.0442,101.0643,49.9254,43.1696,46.757,86.05,3.2417,137.7431
FMISV2_0001233,ALUMINUM|EU|SUP_AL_02,ALUMINUM,EU,SUP_AL_02,2024-09-01,2024-08-01,116.8088,106.9974,103.1188,51.7429,43.7449,43.174,86.871,3.0642,136.11542
FMISV2_0001234,ALUMINUM|EU|SUP_AL_02,ALUMINUM,EU,SUP_AL_02,2024-10-01,2024-09-01,120.5409,107.4528,105.7561,50.1718,44.5531,42.45,85.202,2.9554,135.41988
FMISV2_0001235,ALUMINUM|EU|SUP_AL_02,ALUMINUM,EU,SUP_AL_02,2024-11-01,2024-10-01,121.8495,112.1516,107.5713,46.0944,62.486,47.517,86.492,2.6645,135.53722
FMISV2_0001236,ALUMINUM|EU|SUP_AL_02,ALUMINUM,EU,SUP_AL_02,2024-12-01,2024-11-01,119.2886,110.8493,109.709,47.805,56.3391,45.798,88.806,3.0174,135.91348
FMISV2_0001237,ALUMINUM|EU|SUP_AL_02,ALUMINUM,EU,SUP_AL_02,2025-01-01,2024-12-01,122.7039,115.5027,107.689,48.0898,50.8256,41.804,86.646,2.7496,137.95591
FMISV2_0001238,ALUMINUM|EU|SUP_AL_02,ALUMINUM,EU,SUP_AL_02,2025-02-01,2025-01-01,126.956,117.1364,109.2928,46.2308,40.1366,46.69,83.849,2.5973,139.07257
FMISV2_0001239,ALUMINUM|EU|SUP_AL_02,ALUMINUM,EU,SUP_AL_02,2025-03-01,2025-02-01,125.8724,113.8069,109.1554,46.5923,42.2164,44.928,86.492,3.2146,140.58365
FMISV2_0001240,ALUMINUM|EU|SUP_AL_02,ALUMINUM,EU,SUP_AL_02,2025-04-01,2025-03-01,125.8778,115.5665,110.1243,47.5916,47.7817,48.822,86.115,3.4767,143.04668
FMISV2_0001241,ALUMINUM|EU|SUP_AL_02,ALUMINUM,EU,SUP_AL_02,2025-05-01,2025-04-01,130.4023,108.1206,105.3889,48.8451,34.3671,43.431,85.544,3.067,142.39322
FMISV2_0001242,ALUMINUM|EU|SUP_AL_02,ALUMINUM,EU,SUP_AL_02,2025-06-01,2025-05-01,131.4832,108.1694,108.0394,47.773,28.9754,43.681,87.294,2.9246,143.21
FMISV2_0001243,ALUMINUM|EU|SUP_AL_02,ALUMINUM,EU,SUP_AL_02,2025-07-01,2025-06-01,120.0944,108.2497,105.9402,49.3896,42.5897,44.905,86.277,2.6547,141.50821
FMISV2_0001244,ALUMINUM|EU|SUP_AL_02,ALUMINUM,EU,SUP_AL_02,2025-08-01,2025-07-01,125.0966,109.1851,107.1992,52.9039,39.7252,49.369,86.574,3.1664,141.77305
FMISV2_0001245,ALUMINUM|EU|SUP_AL_02,ALUMINUM,EU,SUP_AL_02,2025-09-01,2025-08-01,119.1498,102.1444,105.0822,51.1776,42.7608,41.007,86.037,3.0935,140.95103
FMISV2_0001246,ALUMINUM|EU|SUP_AL_02,ALUMINUM,EU,SUP_AL_02,2025-10-01,2025-09-01,121.2697,100.6346,105.9436,51.6835,48.0615,47.003,86.202,3.1436,139.13448
FMISV2_0001247,ALUMINUM|EU|SUP_AL_02,ALUMINUM,EU,SUP_AL_02,2025-11-01,2025-10-01,123.2357,110.9781,104.4839,53.3797,56.8966,46.138,86.152,3.1735,139.96788
FMISV2_0001248,ALUMINUM|EU|SUP_AL_02,ALUMINUM,EU,SUP_AL_02,2025-12-01,2025-11-01,126.6494,116.7064,108.6022,52.3006,43.2784,43.66,86.758,2.9396,142.73056
FMISV2_0001249,ALUMINUM|APAC|SUP_AL_01,ALUMINUM,APAC,SUP_AL_01,2018-01-01,2017-12-01,102.9351,106.2305,101.2436,48.6363,56.1335,35.056,93.815,1.7938,113.77735
FMISV2_0001250,ALUMINUM|APAC|SUP_AL_01,ALUMINUM,APAC,SUP_AL_01,2018-02-01,2018-01-01,104.463,102.7035,104.9622,50.9948,41.8915,38.555,91.812,1.8687,113.09539
FMISV2_0001251,ALUMINUM|APAC|SUP_AL_01,ALUMINUM,APAC,SUP_AL_01,2018-03-01,2018-02-01,104.2012,103.5918,95.5709,49.4252,54.977,37.406,90.334,2.1101,115.83187
FMISV2_0001252,ALUMINUM|APAC|SUP_AL_01,ALUMINUM,APAC,SUP_AL_01,2018-04-01,2018-03-01,105.138,103.5876,99.564,51.3662,47.1506,35.828,90.577,1.6201,114.16984
FMISV2_0001253,ALUMINUM|APAC|SUP_AL_01,ALUMINUM,APAC,SUP_AL_01,2018-05-01,2018-04-01,108.9989,107.7421,96.4019,51.5444,44.6762,40.858,90.221,1.5512,114.61961
FMISV2_0001254,ALUMINUM|APAC|SUP_AL_01,ALUMINUM,APAC,SUP_AL_01,2018-06-01,2018-05-01,103.0247,89.8612,95.8027,51.4006,42.9213,30.947,91.446,1.5966,114.03518
FMISV2_0001255,ALUMINUM|APAC|SUP_AL_01,ALUMINUM,APAC,SUP_AL_01,2018-07-01,2018-06-01,101.6263,97.8658,96.6286,50.5753,34.2305,37.444,92.354,1.0623,113.10317
FMISV2_0001256,ALUMINUM|APAC|SUP_AL_01,ALUMINUM,APAC,SUP_AL_01,2018-08-01,2018-07-01,95.1124,98.4985,97.8991,50.5688,36.0903,38.014,90.551,2.2039,110.83049
FMISV2_0001257,ALUMINUM|APAC|SUP_AL_01,ALUMINUM,APAC,SUP_AL_01,2018-09-01,2018-08-01,100.7065,95.9444,96.121,48.5661,40.7119,40.936,89.652,1.6772,109.75683
FMISV2_0001258,ALUMINUM|APAC|SUP_AL_01,ALUMINUM,APAC,SUP_AL_01,2018-10-01,2018-09-01,102.8332,96.9808,95.5678,48.9839,43.0843,35.921,92.352,2.0423,110.69562
FMISV2_0001259,ALUMINUM|APAC|SUP_AL_01,ALUMINUM,APAC,SUP_AL_01,2018-11-01,2018-10-01,94.31,101.6977,96.4961,48.472,52.8899,35.737,91.602,2.1297,110.84527
FMISV2_0001260,ALUMINUM|APAC|SUP_AL_01,ALUMINUM,APAC,SUP_AL_01,2018-12-01,2018-11-01,106.2305,103.9334,99.2071,46.8643,59.6302,34.625,90.277,1.8675,113.76272
FMISV2_0001261,ALUMINUM|APAC|SUP_AL_01,ALUMINUM,APAC,SUP_AL_01,2019-01-01,2018-12-01,104.4059,108.9392,97.911,48.2305,39.572,30.667,92.109,1.3345,116.06524
FMISV2_0001262,ALUMINUM|APAC|SUP_AL_01,ALUMINUM,APAC,SUP_AL_01,2019-02-01,2019-01-01,104.8837,103.178,103.6142,46.8929,45.2941,37.188,91.301,1.2755,117.87153
FMISV2_0001263,ALUMINUM|APAC|SUP_AL_01,ALUMINUM,APAC,SUP_AL_01,2019-03-01,2019-02-01,109.3531,108.4711,100.1044,50.1918,48.6169,33.633,91.07,1.5961,117.33506
FMISV2_0001264,ALUMINUM|APAC|SUP_AL_01,ALUMINUM,APAC,SUP_AL_01,2019-04-01,2019-03-01,109.7496,102.3998,100.9194,49.2565,41.3393,42.346,89.662,2.049,117.05426
FMISV2_0001265,ALUMINUM|APAC|SUP_AL_01,ALUMINUM,APAC,SUP_AL_01,2019-05-01,2019-04-01,110.2095,106.756,98.2397,49.2849,39.8617,36.64,92.492,2.2745,117.12773
FMISV2_0001266,ALUMINUM|APAC|SUP_AL_01,ALUMINUM,APAC,SUP_AL_01,2019-06-01,2019-05-01,108.2254,97.9224,99.5503,52.3753,47.4373,37.734,89.841,1.9042,117.82188
FMISV2_0001267,ALUMINUM|APAC|SUP_AL_01,ALUMINUM,APAC,SUP_AL_01,2019-07-01,2019-06-01,99.5688,94.3285,95.1193,51.466,38.0408,42.589,90.646,1.6756,115.01272
FMISV2_0001268,ALUMINUM|APAC|SUP_AL_01,ALUMINUM,APAC,SUP_AL_01,2019-08-01,2019-07-01,103.3714,94.6544,98.1582,50.7377,39.4323,37.092,90.564,1.9999,113.98622
FMISV2_0001269,ALUMINUM|APAC|SUP_AL_01,ALUMINUM,APAC,SUP_AL_01,2019-09-01,2019-08-01,98.0391,93.4916,99.191,54.667,57.5192,36.983,91.388,2.0623,115.45464
FMISV2_0001270,ALUMINUM|APAC|SUP_AL_01,ALUMINUM,APAC,SUP_AL_01,2019-10-01,2019-09-01,102.989,103.6798,98.2431,53.6604,61.5225,39.686,91.841,2.4358,114.77438
FMISV2_0001271,ALUMINUM|APAC|SUP_AL_01,ALUMINUM,APAC,SUP_AL_01,2019-11-01,2019-10-01,102.0679,106.9712,96.8626,50.0924,51.0232,37.32,88.597,1.9466,115.95942
FMISV2_0001272,ALUMINUM|APAC|SUP_AL_01,ALUMINUM,APAC,SUP_AL_01,2019-12-01,2019-11-01,102.9959,112.5474,100.7493,51.9865,47.8538,38.396,91.973,1.812,116.73241
FMISV2_0001273,ALUMINUM|APAC|SUP_AL_01,ALUMINUM,APAC,SUP_AL_01,2020-01-01,2019-12-01,110.1435,110.9353,100.8705,53.376,48.3364,34.908,92.218,2.6132,119.13657
FMISV2_0001274,ALUMINUM|APAC|SUP_AL_01,ALUMINUM,APAC,SUP_AL_01,2020-02-01,2020-01-01,115.7955,113.3031,105.0381,53.1077,49.9563,35.554,92.814,2.2127,121.60256
FMISV2_0001275,ALUMINUM|APAC|SUP_AL_01,ALUMINUM,APAC,SUP_AL_01,2020-03-01,2020-02-01,109.2858,112.4017,99.8975,51.2515,54.1833,36.971,90.952,2.3992,122.73895
FMISV2_0001276,ALUMINUM|APAC|SUP_AL_01,ALUMINUM,APAC,SUP_AL_01,2020-04-01,2020-03-01,110.9579,102.4057,99.7774,48.2291,44.104,34.876,94.515,1.6853,131.04044
FMISV2_0001277,ALUMINUM|APAC|SUP_AL_01,ALUMINUM,APAC,SUP_AL_01,2020-05-01,2020-04-01,109.7981,104.8867,97.2853,47.3081,33.3903,37.783,92.608,2.3985,126.5896
FMISV2_0001278,ALUMINUM|APAC|SUP_AL_01,ALUMINUM,APAC,SUP_AL_01,2020-06-01,2020-05-01,117.5258,97.4377,98.7536,49.9225,40.85,40.141,91.004,1.8544,124.2822
FMISV2_0001279,ALUMINUM|APAC|SUP_AL_01,ALUMINUM,APAC,SUP_AL_01,2020-07-01,2020-06-01,103.2119,105.1801,96.2784,47.1907,36.2782,33.618,91.601,2.2714,122.41268
FMISV2_0001280,ALUMINUM|APAC|SUP_AL_01,ALUMINUM,APAC,SUP_AL_01,2020-08-01,2020-07-01,104.6328,101.2908,99.9571,45.8148,35.0467,36.81,92.568,2.0362,121.40823
FMISV2_0001281,ALUMINUM|APAC|SUP_AL_01,ALUMINUM,APAC,SUP_AL_01,2020-09-01,2020-08-01,104.6045,93.7309,97.8985,45.0372,52.271,40.088,89.75,2.6679,120.66968
FMISV2_0001282,ALUMINUM|APAC|SUP_AL_01,ALUMINUM,APAC,SUP_AL_01,2020-10-01,2020-09-01,106.7902,105.8281,99.9228,50.1332,42.8674,33.318,91.683,2.0622,119.41417
FMISV2_0001283,ALUMINUM|APAC|SUP_AL_01,ALUMINUM,APAC,SUP_AL_01,2020-11-01,2020-10-01,103.5774,100.6185,100.7389,48.5166,49.1294,35.988,91.24,2.3684,118.92067
FMISV2_0001284,ALUMINUM|APAC|SUP_AL_01,ALUMINUM,APAC,SUP_AL_01,2020-12-01,2020-11-01,106.6203,106.4558,100.9889,49.6546,44.2504,38.101,91.464,2.292,119.97147
FMISV2_0001285,ALUMINUM|APAC|SUP_AL_01,ALUMINUM,APAC,SUP_AL_01,2021-01-01,2020-12-01,109.3489,114.0991,102.5675,52.8361,53.2156,36.722,91.804,2.1801,122.20023
FMISV2_0001286,ALUMINUM|APAC|SUP_AL_01,ALUMINUM,APAC,SUP_AL_01,2021-02-01,2021-01-01,115.0235,104.2425,100.0025,51.3815,58.0388,35.587,93.384,2.6606,124.07531
FMISV2_0001287,ALUMINUM|APAC|SUP_AL_01,ALUMINUM,APAC,SUP_AL_01,2021-03-01,2021-02-01,111.9497,104.6707,101.3479,53.4874,39.5819,40.761,90.609,2.3412,124.91663
FMISV2_0001288,ALUMINUM|APAC|SUP_AL_01,ALUMINUM,APAC,SUP_AL_01,2021-04-01,2021-03-01,119.6959,108.6164,104.768,53.3608,46.4441,37.152,92.653,2.38,126.69173
FMISV2_0001289,ALUMINUM|APAC|SUP_AL_01,ALUMINUM,APAC,SUP_AL_01,2021-05-01,2021-04-01,112.7161,96.394,99.9177,53.6997,38.7841,34.4,92.198,2.1455,126.38197
FMISV2_0001290,ALUMINUM|APAC|SUP_AL_01,ALUMINUM,APAC,SUP_AL_01,2021-06-01,2021-05-01,115.5709,99.8472,98.9612,52.1906,35.5554,34.537,92.99,2.1607,125.85325
FMISV2_0001291,ALUMINUM|APAC|SUP_AL_01,ALUMINUM,APAC,SUP_AL_01,2021-07-01,2021-06-01,110.2152,96.8253,97.8449,51.9469,35.4923,35.427,91.614,2.4119,123.67155
FMISV2_0001292,ALUMINUM|APAC|SUP_AL_01,ALUMINUM,APAC,SUP_AL_01,2021-08-01,2021-07-01,110.1049,94.9334,98.4137,49.9846,35.6575,35.688,91.068,2.3958,122.5177
FMISV2_0001293,ALUMINUM|APAC|SUP_AL_01,ALUMINUM,APAC,SUP_AL_01,2021-09-01,2021-08-01,106.7397,107.617,98.6425,50.4862,41.908,37.614,91.347,2.0784,123.31752
FMISV2_0001294,ALUMINUM|APAC|SUP_AL_01,ALUMINUM,APAC,SUP_AL_01,2021-10-01,2021-09-01,110.6796,103.1365,97.2638,51.3607,42.8419,37.465,92.67,3.0634,130.88863
FMISV2_0001295,ALUMINUM|APAC|SUP_AL_01,ALUMINUM,APAC,SUP_AL_01,2021-11-01,2021-10-01,115.1356,105.9621,100.6665,49.3118,54.4724,35.911,92.685,2.0085,129.21736
FMISV2_0001296,ALUMINUM|APAC|SUP_AL_01,ALUMINUM,APAC,SUP_AL_01,2021-12-01,2021-11-01,111.337,105.5673,101.61,46.4528,55.7673,39.472,90.82,2.1747,129.42225
FMISV2_0001297,ALUMINUM|APAC|SUP_AL_01,ALUMINUM,APAC,SUP_AL_01,2022-01-01,2021-12-01,112.1994,123.5805,104.5043,46.7115,48.5703,37.206,92.337,2.2556,131.59885
FMISV2_0001298,ALUMINUM|APAC|SUP_AL_01,ALUMINUM,APAC,SUP_AL_01,2022-02-01,2022-01-01,111.0395,108.0289,101.731,46.3247,53.8425,34.067,93.551,2.2473,130.39505
FMISV2_0001299,ALUMINUM|APAC|SUP_AL_01,ALUMINUM,APAC,SUP_AL_01,2022-03-01,2022-02-01,117.252,112.121,104.7705,47.844,46.8625,34.957,91.474,2.0978,140.29308
FMISV2_0001300,ALUMINUM|APAC|SUP_AL_01,ALUMINUM,APAC,SUP_AL_01,2022-04-01,2022-03-01,121.0944,101.5237,101.5462,48.0325,40.8477,34.726,92.004,2.6866,138.40621
FMISV2_0001301,ALUMINUM|APAC|SUP_AL_01,ALUMINUM,APAC,SUP_AL_01,2022-05-01,2022-04-01,114.3896,107.384,99.9411,46.61,52.7075,41.063,89.747,2.2979,134.92469
FMISV2_0001302,ALUMINUM|APAC|SUP_AL_01,ALUMINUM,APAC,SUP_AL_01,2022-06-01,2022-05-01,113.7828,101.4587,99.3597,46.9302,38.2018,36.626,91.102,2.3133,133.89817
FMISV2_0001303,ALUMINUM|APAC|SUP_AL_01,ALUMINUM,APAC,SUP_AL_01,2022-07-01,2022-06-01,114.0836,102.0775,99.9375,51.5686,39.4617,36.716,91.305,3.1306,129.20663
FMISV2_0001304,ALUMINUM|APAC|SUP_AL_01,ALUMINUM,APAC,SUP_AL_01,2022-08-01,2022-07-01,117.7614,102.1247,100.3371,51.5157,40.2741,37.984,90.757,2.2786,127.43077
FMISV2_0001305,ALUMINUM|APAC|SUP_AL_01,ALUMINUM,APAC,SUP_AL_01,2022-09-01,2022-08-01,107.0092,95.0342,98.377,51.8277,40.9866,38.501,90.524,2.447,126.34598
FMISV2_0001306,ALUMINUM|APAC|SUP_AL_01,ALUMINUM,APAC,SUP_AL_01,2022-10-01,2022-09-01,112.5549,103.18,100.0705,52.9565,42.8768,35.959,92.145,2.6585,126.28304
FMISV2_0001307,ALUMINUM|APAC|SUP_AL_01,ALUMINUM,APAC,SUP_AL_01,2022-11-01,2022-10-01,112.6264,100.6801,100.5692,52.7293,52.0187,37.626,91.273,2.1383,126.01887
FMISV2_0001308,ALUMINUM|APAC|SUP_AL_01,ALUMINUM,APAC,SUP_AL_01,2022-12-01,2022-11-01,119.7558,102.1387,104.3862,51.9272,57.4425,39.031,91.074,2.7454,129.87013
FMISV2_0001309,ALUMINUM|APAC|SUP_AL_01,ALUMINUM,APAC,SUP_AL_01,2023-01-01,2022-12-01,116.6644,108.2256,102.1589,49.7243,58.1623,37.499,88.944,2.7113,130.13654
FMISV2_0001310,ALUMINUM|APAC|SUP_AL_01,ALUMINUM,APAC,SUP_AL_01,2023-02-01,2023-01-01,118.8731,114.9764,102.7167,50.5961,47.0902,39.238,90.552,2.8992,132.48113
FMISV2_0001311,ALUMINUM|APAC|SUP_AL_01,ALUMINUM,APAC,SUP_AL_01,2023-03-01,2023-02-01,122.1048,112.1693,104.1654,49.2389,34.0285,34.701,91.428,2.8435,134.84812
FMISV2_0001312,ALUMINUM|APAC|SUP_AL_01,ALUMINUM,APAC,SUP_AL_01,2023-04-01,2023-03-01,121.5099,111.6855,100.5413,51.7497,38.5977,32.574,92.884,2.0017,133.6078
FMISV2_0001313,ALUMINUM|APAC|SUP_AL_01,ALUMINUM,APAC,SUP_AL_01,2023-05-01,2023-04-01,120.5085,107.1975,98.6572,48.0522,43.8878,33.005,91.853,2.7336,133.62002
FMISV2_0001314,ALUMINUM|APAC|SUP_AL_01,ALUMINUM,APAC,SUP_AL_01,2023-06-01,2023-05-01,117.5433,107.3286,97.3685,46.8898,33.7447,34.424,89.078,2.3917,132.30787
FMISV2_0001315,ALUMINUM|APAC|SUP_AL_01,ALUMINUM,APAC,SUP_AL_01,2023-07-01,2023-06-01,120.1308,101.7859,97.3802,46.994,36.5958,36.152,90.68,2.414,130.91028
FMISV2_0001316,ALUMINUM|APAC|SUP_AL_01,ALUMINUM,APAC,SUP_AL_01,2023-08-01,2023-07-01,116.5932,99.4298,99.7773,45.6769,45.0821,40.002,91.397,3.119,129.64889
FMISV2_0001317,ALUMINUM|APAC|SUP_AL_01,ALUMINUM,APAC,SUP_AL_01,2023-09-01,2023-08-01,119.9535,102.9296,99.5346,47.7256,48.7099,39.07,93.18,2.8737,129.00777
FMISV2_0001318,ALUMINUM|APAC|SUP_AL_01,ALUMINUM,APAC,SUP_AL_01,2023-10-01,2023-09-01,117.4428,107.1494,99.1959,48.2576,48.8767,34.305,93.023,2.7832,129.87131
FMISV2_0001319,ALUMINUM|APAC|SUP_AL_01,ALUMINUM,APAC,SUP_AL_01,2023-11-01,2023-10-01,116.1112,97.4167,100.4503,47.0184,50.484,39.23,91.41,2.4774,132.24325
FMISV2_0001320,ALUMINUM|APAC|SUP_AL_01,ALUMINUM,APAC,SUP_AL_01,2023-12-01,2023-11-01,116.4076,105.556,103.5099,49.4617,51.8451,39.776,92.457,2.3244,132.69864
FMISV2_0001321,ALUMINUM|APAC|SUP_AL_01,ALUMINUM,APAC,SUP_AL_01,2024-01-01,2023-12-01,117.4845,115.6111,98.3252,50.6718,46.8861,34.431,91.998,2.6463,134.71076
FMISV2_0001322,ALUMINUM|APAC|SUP_AL_01,ALUMINUM,APAC,SUP_AL_01,2024-02-01,2024-01-01,117.8622,118.6903,106.3914,53.9543,49.0509,34.016,92.111,2.7292,135.33844
FMISV2_0001323,ALUMINUM|APAC|SUP_AL_01,ALUMINUM,APAC,SUP_AL_01,2024-03-01,2024-02-01,127.4457,115.9259,102.8603,51.2903,43.3594,37.314,92.675,2.6743,136.60493
FMISV2_0001324,ALUMINUM|APAC|SUP_AL_01,ALUMINUM,APAC,SUP_AL_01,2024-04-01,2024-03-01,128.731,115.0208,104.0025,52.6001,40.3482,34.77,90.21,2.7812,137.30184
FMISV2_0001325,ALUMINUM|APAC|SUP_AL_01,ALUMINUM,APAC,SUP_AL_01,2024-05-01,2024-04-01,124.2926,114.35,100.6525,54.2701,40.2109,38.239,90.546,2.9821,139.21101
FMISV2_0001326,ALUMINUM|APAC|SUP_AL_01,ALUMINUM,APAC,SUP_AL_01,2024-06-01,2024-05-01,119.1319,108.8524,102.1114,53.1257,30.6917,30.204,93.249,2.5374,140.51735
FMISV2_0001327,ALUMINUM|APAC|SUP_AL_01,ALUMINUM,APAC,SUP_AL_01,2024-07-01,2024-06-01,122.1279,102.1748,97.709,53.1732,41.7271,39.709,90.664,3.3453,137.66324
FMISV2_0001328,ALUMINUM|APAC|SUP_AL_01,ALUMINUM,APAC,SUP_AL_01,2024-08-01,2024-07-01,121.4915,100.0442,98.0011,49.9254,43.1696,36.205,90.328,2.9513,138.41847
FMISV2_0001329,ALUMINUM|APAC|SUP_AL_01,ALUMINUM,APAC,SUP_AL_01,2024-09-01,2024-08-01,116.8088,106.9974,98.0386,51.7429,43.7449,39.326,88.499,2.7707,138.93748
FMISV2_0001330,ALUMINUM|APAC|SUP_AL_01,ALUMINUM,APAC,SUP_AL_01,2024-10-01,2024-09-01,120.5409,107.4528,100.1278,50.1718,44.5531,37.163,91.092,2.4294,137.42572
FMISV2_0001331,ALUMINUM|APAC|SUP_AL_01,ALUMINUM,APAC,SUP_AL_01,2024-11-01,2024-10-01,121.8495,112.1516,103.5218,46.0944,62.486,38.008,89.558,2.5847,134.67024
FMISV2_0001332,ALUMINUM|APAC|SUP_AL_01,ALUMINUM,APAC,SUP_AL_01,2024-12-01,2024-11-01,119.2886,110.8493,104.3296,47.805,56.3391,35.397,90.807,2.6271,135.27818
FMISV2_0001333,ALUMINUM|APAC|SUP_AL_01,ALUMINUM,APAC,SUP_AL_01,2025-01-01,2024-12-01,122.7039,115.5027,104.1321,48.0898,50.8256,37.266,92.708,3.0352,136.38366
FMISV2_0001334,ALUMINUM|APAC|SUP_AL_01,ALUMINUM,APAC,SUP_AL_01,2025-02-01,2025-01-01,126.956,117.1364,105.9409,46.2308,40.1366,37.367,92.982,2.9003,138.95249
FMISV2_0001335,ALUMINUM|APAC|SUP_AL_01,ALUMINUM,APAC,SUP_AL_01,2025-03-01,2025-02-01,125.8724,113.8069,100.5783,46.5923,42.2164,36.199,91.754,2.7349,140.72481
FMISV2_0001336,ALUMINUM|APAC|SUP_AL_01,ALUMINUM,APAC,SUP_AL_01,2025-04-01,2025-03-01,125.8778,115.5665,101.5186,47.5916,47.7817,38.301,91.665,2.5798,141.42588
FMISV2_0001337,ALUMINUM|APAC|SUP_AL_01,ALUMINUM,APAC,SUP_AL_01,2025-05-01,2025-04-01,130.4023,108.1206,101.7213,48.8451,34.3671,33.583,89.406,3.1911,141.46441
FMISV2_0001338,ALUMINUM|APAC|SUP_AL_01,ALUMINUM,APAC,SUP_AL_01,2025-06-01,2025-05-01,131.4832,108.1694,100.8845,47.773,28.9754,36.644,92.239,3.1946,142.03696
FMISV2_0001339,ALUMINUM|APAC|SUP_AL_01,ALUMINUM,APAC,SUP_AL_01,2025-07-01,2025-06-01,120.0944,108.2497,99.6255,49.3896,42.5897,39.313,92.857,3.2839,141.4735
FMISV2_0001340,ALUMINUM|APAC|SUP_AL_01,ALUMINUM,APAC,SUP_AL_01,2025-08-01,2025-07-01,125.0966,109.1851,96.7357,52.9039,39.7252,33.072,90.147,2.9647,142.85071
FMISV2_0001341,ALUMINUM|APAC|SUP_AL_01,ALUMINUM,APAC,SUP_AL_01,2025-09-01,2025-08-01,119.1498,102.1444,96.4039,51.1776,42.7608,37.601,91.637,2.6254,140.89239
FMISV2_0001342,ALUMINUM|APAC|SUP_AL_01,ALUMINUM,APAC,SUP_AL_01,2025-10-01,2025-09-01,121.2697,100.6346,100.7207,51.6835,48.0615,34.41,91.027,3.0308,139.62356
FMISV2_0001343,ALUMINUM|APAC|SUP_AL_01,ALUMINUM,APAC,SUP_AL_01,2025-11-01,2025-10-01,123.2357,110.9781,102.5769,53.3797,56.8966,31.783,89.544,3.603,140.95544
FMISV2_0001344,ALUMINUM|APAC|SUP_AL_01,ALUMINUM,APAC,SUP_AL_01,2025-12-01,2025-11-01,126.6494,116.7064,104.0381,52.3006,43.2784,35.372,92.106,3.0299,141.34679
FMISV2_0001345,ALUMINUM|APAC|SUP_AL_02,ALUMINUM,APAC,SUP_AL_02,2018-01-01,2017-12-01,102.9351,106.2305,98.5506,48.6363,56.1335,45.44,87.557,1.8622,104.55534
FMISV2_0001346,ALUMINUM|APAC|SUP_AL_02,ALUMINUM,APAC,SUP_AL_02,2018-02-01,2018-01-01,104.463,102.7035,100.8846,50.9948,41.8915,44.113,89.711,1.6526,106.08994
FMISV2_0001347,ALUMINUM|APAC|SUP_AL_02,ALUMINUM,APAC,SUP_AL_02,2018-03-01,2018-02-01,104.2012,103.5918,98.6385,49.4252,54.977,48.855,86.875,1.7086,107.25911
FMISV2_0001348,ALUMINUM|APAC|SUP_AL_02,ALUMINUM,APAC,SUP_AL_02,2018-04-01,2018-03-01,105.138,103.5876,102.4782,51.3662,47.1506,46.555,85.434,1.6413,108.53716
FMISV2_0001349,ALUMINUM|APAC|SUP_AL_02,ALUMINUM,APAC,SUP_AL_02,2018-05-01,2018-04-01,108.9989,107.7421,97.0916,51.5444,44.6762,45.758,84.874,1.8116,109.515
FMISV2_0001350,ALUMINUM|APAC|SUP_AL_02,ALUMINUM,APAC,SUP_AL_02,2018-06-01,2018-05-01,103.0247,89.8612,96.6525,51.4006,42.9213,43.048,86.916,1.9905,110.94257
FMISV2_0001351,ALUMINUM|APAC|SUP_AL_02,ALUMINUM,APAC,SUP_AL_02,2018-07-01,2018-06-01,101.6263,97.8658,96.7741,50.5753,34.2305,46.079,84.699,1.0577,110.08317
FMISV2_0001352,ALUMINUM|APAC|SUP_AL_02,ALUMINUM,APAC,SUP_AL_02,2018-08-01,2018-07-01,95.1124,98.4985,94.1137,50.5688,36.0903,47.476,84.935,1.8082,108.13271
FMISV2_0001353,ALUMINUM|APAC|SUP_AL_02,ALUMINUM,APAC,SUP_AL_02,2018-09-01,2018-08-01,100.7065,95.9444,94.5112,48.5661,40.7119,43.585,85.678,2.1661,106.23866
FMISV2_0001354,ALUMINUM|APAC|SUP_AL_02,ALUMINUM,APAC,SUP_AL_02,2018-10-01,2018-09-01,102.8332,96.9808,93.0939,48.9839,43.0843,49.081,88.292,1.6137,107.3615
FMISV2_0001355,ALUMINUM|APAC|SUP_AL_02,ALUMINUM,APAC,SUP_AL_02,2018-11-01,2018-10-01,94.31,101.6977,98.586,48.472,52.8899,41.574,87.567,2.2522,106.08518
FMISV2_0001356,ALUMINUM|APAC|SUP_AL_02,ALUMINUM,APAC,SUP_AL_02,2018-12-01,2018-11-01,106.2305,103.9334,101.4559,46.8643,59.6302,50.225,86.87,1.5069,105.33967
FMISV2_0001357,ALUMINUM|APAC|SUP_AL_02,ALUMINUM,APAC,SUP_AL_02,2019-01-01,2018-12-01,104.4059,108.9392,102.3602,48.2305,39.572,46.271,85.664,1.8783,106.05873
FMISV2_0001358,ALUMINUM|APAC|SUP_AL_02,ALUMINUM,APAC,SUP_AL_02,2019-02-01,2019-01-01,104.8837,103.178,102.1966,46.8929,45.2941,44.675,87.432,1.7433,108.29969
FMISV2_0001359,ALUMINUM|APAC|SUP_AL_02,ALUMINUM,APAC,SUP_AL_02,2019-03-01,2019-02-01,109.3531,108.4711,101.3939,50.1918,48.6169,48.518,86.492,1.5616,110.95246
FMISV2_0001360,ALUMINUM|APAC|SUP_AL_02,ALUMINUM,APAC,SUP_AL_02,2019-04-01,2019-03-01,109.7496,102.3998,99.435,49.2565,41.3393,45.142,86.292,2.4417,109.92654
FMISV2_0001361,ALUMINUM|APAC|SUP_AL_02,ALUMINUM,APAC,SUP_AL_02,2019-05-01,2019-04-01,110.2095,106.756,97.5065,49.2849,39.8617,43.363,86.975,1.543,112.21683
FMISV2_0001362,ALUMINUM|APAC|SUP_AL_02,ALUMINUM,APAC,SUP_AL_02,2019-06-01,2019-05-01,108.2254,97.9224,98.5322,52.3753,47.4373,50.288,86.556,1.8133,112.81886
FMISV2_0001363,ALUMINUM|APAC|SUP_AL_02,ALUMINUM,APAC,SUP_AL_02,2019-07-01,2019-06-01,99.5688,94.3285,95.57,51.466,38.0408,46.006,86.151,1.5462,109.28887
FMISV2_0001364,ALUMINUM|APAC|SUP_AL_02,ALUMINUM,APAC,SUP_AL_02,2019-08-01,2019-07-01,103.3714,94.6544,96.3903,50.7377,39.4323,44.018,85.72,2.3108,109.99616
FMISV2_0001365,ALUMINUM|APAC|SUP_AL_02,ALUMINUM,APAC,SUP_AL_02,2019-09-01,2019-08-01,98.0391,93.4916,98.6122,54.667,57.5192,50.737,85.456,1.9545,111.0215
FMISV2_0001366,ALUMINUM|APAC|SUP_AL_02,ALUMINUM,APAC,SUP_AL_02,2019-10-01,2019-09-01,102.989,103.6798,97.6169,53.6604,61.5225,49.382,86.031,2.2205,112.38535
FMISV2_0001367,ALUMINUM|APAC|SUP_AL_02,ALUMINUM,APAC,SUP_AL_02,2019-11-01,2019-10-01,102.0679,106.9712,95.2676,50.0924,51.0232,44.282,85.934,1.7209,112.82606
FMISV2_0001368,ALUMINUM|APAC|SUP_AL_02,ALUMINUM,APAC,SUP_AL_02,2019-12-01,2019-11-01,102.9959,112.5474,100.0167,51.9865,47.8538,47.754,87.051,1.7478,111.75723
FMISV2_0001369,ALUMINUM|APAC|SUP_AL_02,ALUMINUM,APAC,SUP_AL_02,2020-01-01,2019-12-01,110.1435,110.9353,104.9646,53.376,48.3364,46.356,86.298,1.954,113.28028
FMISV2_0001370,ALUMINUM|APAC|SUP_AL_02,ALUMINUM,APAC,SUP_AL_02,2020-02-01,2020-01-01,115.7955,113.3031,103.7923,53.1077,49.9563,49.993,85.598,1.81,115.80662
FMISV2_0001371,ALUMINUM|APAC|SUP_AL_02,ALUMINUM,APAC,SUP_AL_02,2020-03-01,2020-02-01,109.2858,112.4017,100.5396,51.2515,54.1833,49.324,83.973,1.9913,117.85287
FMISV2_0001372,ALUMINUM|APAC|SUP_AL_02,ALUMINUM,APAC,SUP_AL_02,2020-04-01,2020-03-01,110.9579,102.4057,100.6967,48.2291,44.104,45.491,87.294,2.1163,125.86275
FMISV2_0001373,ALUMINUM|APAC|SUP_AL_02,ALUMINUM,APAC,SUP_AL_02,2020-05-01,2020-04-01,109.7981,104.8867,96.3793,47.3081,33.3903,43.671,87.845,2.3015,123.0125
FMISV2_0001374,ALUMINUM|APAC|SUP_AL_02,ALUMINUM,APAC,SUP_AL_02,2020-06-01,2020-05-01,117.5258,97.4377,95.739,49.9225,40.85,44.559,84.533,2.0474,121.54448
FMISV2_0001375,ALUMINUM|APAC|SUP_AL_02,ALUMINUM,APAC,SUP_AL_02,2020-07-01,2020-06-01,103.2119,105.1801,95.5776,47.1907,36.2782,50.51,86.922,2.1438,118.75467
FMISV2_0001376,ALUMINUM|APAC|SUP_AL_02,ALUMINUM,APAC,SUP_AL_02,2020-08-01,2020-07-01,104.6328,101.2908,99.8259,45.8148,35.0467,44.412,88.368,1.7197,117.25633
FMISV2_0001377,ALUMINUM|APAC|SUP_AL_02,ALUMINUM,APAC,SUP_AL_02,2020-09-01,2020-08-01,104.6045,93.7309,96.6019,45.0372,52.271,45.872,86.084,2.2544,115.04927
FMISV2_0001378,ALUMINUM|APAC|SUP_AL_02,ALUMINUM,APAC,SUP_AL_02,2020-10-01,2020-09-01,106.7902,105.8281,100.6468,50.1332,42.8674,46.017,86.242,2.0249,112.96724
FMISV2_0001379,ALUMINUM|APAC|SUP_AL_02,ALUMINUM,APAC,SUP_AL_02,2020-11-01,2020-10-01,103.5774,100.6185,103.3432,48.5166,49.1294,45.586,85.749,2.5164,113.3715
FMISV2_0001380,ALUMINUM|APAC|SUP_AL_02,ALUMINUM,APAC,SUP_AL_02,2020-12-01,2020-11-01,106.6203,106.4558,99.1103,49.6546,44.2504,46.634,85.267,1.6854,114.31768
FMISV2_0001381,ALUMINUM|APAC|SUP_AL_02,ALUMINUM,APAC,SUP_AL_02,2021-01-01,2020-12-01,109.3489,114.0991,97.6711,52.8361,53.2156,54.514,84.548,2.0861,115.73332
FMISV2_0001382,ALUMINUM|APAC|SUP_AL_02,ALUMINUM,APAC,SUP_AL_02,2021-02-01,2021-01-01,115.0235,104.2425,103.8624,51.3815,58.0388,43.968,86.671,2.3824,116.91404
FMISV2_0001383,ALUMINUM|APAC|SUP_AL_02,ALUMINUM,APAC,SUP_AL_02,2021-03-01,2021-02-01,111.9497,104.6707,103.002,53.4874,39.5819,47.293,85.153,1.8377,120.34111
FMISV2_0001384,ALUMINUM|APAC|SUP_AL_02,ALUMINUM,APAC,SUP_AL_02,2021-04-01,2021-03-01,119.6959,108.6164,99.9384,53.3608,46.4441,44.008,86.74,2.7991,120.74691
FMISV2_0001385,ALUMINUM|APAC|SUP_AL_02,ALUMINUM,APAC,SUP_AL_02,2021-05-01,2021-04-01,112.7161,96.394,100.6819,53.6997,38.7841,46.285,87.072,2.2828,119.59007
FMISV2_0001386,ALUMINUM|APAC|SUP_AL_02,ALUMINUM,APAC,SUP_AL_02,2021-06-01,2021-05-01,115.5709,99.8472,97.8757,52.1906,35.5554,45.889,86.967,1.9405,119.79183
FMISV2_0001387,ALUMINUM|APAC|SUP_AL_02,ALUMINUM,APAC,SUP_AL_02,2021-07-01,2021-06-01,110.2152,96.8253,97.6996,51.9469,35.4923,47.318,86.108,2.3638,118.36918
FMISV2_0001388,ALUMINUM|APAC|SUP_AL_02,ALUMINUM,APAC,SUP_AL_02,2021-08-01,2021-07-01,110.1049,94.9334,98.4927,49.9846,35.6575,42.707,85.701,2.4275,115.6567
FMISV2_0001389,ALUMINUM|APAC|SUP_AL_02,ALUMINUM,APAC,SUP_AL_02,2021-09-01,2021-08-01,106.7397,107.617,99.9663,50.4862,41.908,47.493,86.787,2.0591,115.87714
FMISV2_0001390,ALUMINUM|APAC|SUP_AL_02,ALUMINUM,APAC,SUP_AL_02,2021-10-01,2021-09-01,110.6796,103.1365,96.6839,51.3607,42.8419,42.884,84.817,2.3889,123.31649
FMISV2_0001391,ALUMINUM|APAC|SUP_AL_02,ALUMINUM,APAC,SUP_AL_02,2021-11-01,2021-10-01,115.1356,105.9621,99.6806,49.3118,54.4724,50.57,86.639,2.1097,124.60999
FMISV2_0001392,ALUMINUM|APAC|SUP_AL_02,ALUMINUM,APAC,SUP_AL_02,2021-12-01,2021-11-01,111.337,105.5673,99.8046,46.4528,55.7673,46.39,86.681,2.311,123.66027
FMISV2_0001393,ALUMINUM|APAC|SUP_AL_02,ALUMINUM,APAC,SUP_AL_02,2022-01-01,2021-12-01,112.1994,123.5805,103.2285,46.7115,48.5703,46.235,85.84,2.1674,123.21189
FMISV2_0001394,ALUMINUM|APAC|SUP_AL_02,ALUMINUM,APAC,SUP_AL_02,2022-02-01,2022-01-01,111.0395,108.0289,101.596,46.3247,53.8425,45.156,88.096,2.5699,122.964
FMISV2_0001395,ALUMINUM|APAC|SUP_AL_02,ALUMINUM,APAC,SUP_AL_02,2022-03-01,2022-02-01,117.252,112.121,103.743,47.844,46.8625,42.108,87.807,2.6925,131.95836
FMISV2_0001396,ALUMINUM|APAC|SUP_AL_02,ALUMINUM,APAC,SUP_AL_02,2022-04-01,2022-03-01,121.0944,101.5237,100.9506,48.0325,40.8477,52.402,85.743,2.4481,129.76934
FMISV2_0001397,ALUMINUM|APAC|SUP_AL_02,ALUMINUM,APAC,SUP_AL_02,2022-05-01,2022-04-01,114.3896,107.384,98.9501,46.61,52.7075,49.052,86.304,2.0333,126.49198
FMISV2_0001398,ALUMINUM|APAC|SUP_AL_02,ALUMINUM,APAC,SUP_AL_02,2022-06-01,2022-05-01,113.7828,101.4587,98.5174,46.9302,38.2018,50.441,84.458,1.9731,124.35791
FMISV2_0001399,ALUMINUM|APAC|SUP_AL_02,ALUMINUM,APAC,SUP_AL_02,2022-07-01,2022-06-01,114.0836,102.0775,101.2904,51.5686,39.4617,44.675,86.29,2.4285,124.31107
FMISV2_0001400,ALUMINUM|APAC|SUP_AL_02,ALUMINUM,APAC,SUP_AL_02,2022-08-01,2022-07-01,117.7614,102.1247,95.67,51.5157,40.2741,49.263,87.894,2.9115,123.8247
FMISV2_0001401,ALUMINUM|APAC|SUP_AL_02,ALUMINUM,APAC,SUP_AL_02,2022-09-01,2022-08-01,107.0092,95.0342,97.8359,51.8277,40.9866,44.261,84.369,2.2071,122.34744
FMISV2_0001402,ALUMINUM|APAC|SUP_AL_02,ALUMINUM,APAC,SUP_AL_02,2022-10-01,2022-09-01,112.5549,103.18,103.1551,52.9565,42.8768,47.922,85.48,2.1275,122.15682
FMISV2_0001403,ALUMINUM|APAC|SUP_AL_02,ALUMINUM,APAC,SUP_AL_02,2022-11-01,2022-10-01,112.6264,100.6801,100.6556,52.7293,52.0187,45.841,86.718,2.2699,123.72873
FMISV2_0001404,ALUMINUM|APAC|SUP_AL_02,ALUMINUM,APAC,SUP_AL_02,2022-12-01,2022-11-01,119.7558,102.1387,100.0327,51.9272,57.4425,45.466,86.483,1.7295,125.31811
FMISV2_0001405,ALUMINUM|APAC|SUP_AL_02,ALUMINUM,APAC,SUP_AL_02,2023-01-01,2022-12-01,116.6644,108.2256,103.2959,49.7243,58.1623,47.982,85.014,2.9888,125.67712
FMISV2_0001406,ALUMINUM|APAC|SUP_AL_02,ALUMINUM,APAC,SUP_AL_02,2023-02-01,2023-01-01,118.8731,114.9764,104.8104,50.5961,47.0902,47.729,85.878,2.2617,124.84788
FMISV2_0001407,ALUMINUM|APAC|SUP_AL_02,ALUMINUM,APAC,SUP_AL_02,2023-03-01,2023-02-01,122.1048,112.1693,104.106,49.2389,34.0285,46.569,85.742,2.1742,126.36326
FMISV2_0001408,ALUMINUM|APAC|SUP_AL_02,ALUMINUM,APAC,SUP_AL_02,2023-04-01,2023-03-01,121.5099,111.6855,104.0098,51.7497,38.5977,47.792,87.178,2.3924,129.73461
FMISV2_0001409,ALUMINUM|APAC|SUP_AL_02,ALUMINUM,APAC,SUP_AL_02,2023-05-01,2023-04-01,120.5085,107.1975,101.7573,48.0522,43.8878,44.801,88.394,1.6034,127.94873
FMISV2_0001410,ALUMINUM|APAC|SUP_AL_02,ALUMINUM,APAC,SUP_AL_02,2023-06-01,2023-05-01,117.5433,107.3286,99.4719,46.8898,33.7447,43.609,86.134,2.4948,129.55479
FMISV2_0001411,ALUMINUM|APAC|SUP_AL_02,ALUMINUM,APAC,SUP_AL_02,2023-07-01,2023-06-01,120.1308,101.7859,101.7771,46.994,36.5958,47.414,87.301,2.9497,129.43519
FMISV2_0001412,ALUMINUM|APAC|SUP_AL_02,ALUMINUM,APAC,SUP_AL_02,2023-08-01,2023-07-01,116.5932,99.4298,96.05,45.6769,45.0821,45.587,88.072,2.7017,128.49289
FMISV2_0001413,ALUMINUM|APAC|SUP_AL_02,ALUMINUM,APAC,SUP_AL_02,2023-09-01,2023-08-01,119.9535,102.9296,102.2999,47.7256,48.7099,45.53,87.909,3.2754,125.42851
FMISV2_0001414,ALUMINUM|APAC|SUP_AL_02,ALUMINUM,APAC,SUP_AL_02,2023-10-01,2023-09-01,117.4428,107.1494,97.575,48.2576,48.8767,44.98,86.376,2.1439,125.23386
FMISV2_0001415,ALUMINUM|APAC|SUP_AL_02,ALUMINUM,APAC,SUP_AL_02,2023-11-01,2023-10-01,116.1112,97.4167,102.3204,47.0184,50.484,48.486,86.483,2.8052,126.43357
FMISV2_0001416,ALUMINUM|APAC|SUP_AL_02,ALUMINUM,APAC,SUP_AL_02,2023-12-01,2023-11-01,116.4076,105.556,101.3441,49.4617,51.8451,45.722,87.266,3.449,128.28876
FMISV2_0001417,ALUMINUM|APAC|SUP_AL_02,ALUMINUM,APAC,SUP_AL_02,2024-01-01,2023-12-01,117.4845,115.6111,100.9903,50.6718,46.8861,47.766,87.09,3.4738,128.44017
FMISV2_0001418,ALUMINUM|APAC|SUP_AL_02,ALUMINUM,APAC,SUP_AL_02,2024-02-01,2024-01-01,117.8622,118.6903,104.1975,53.9543,49.0509,51.814,85.764,2.3414,132.28189
FMISV2_0001419,ALUMINUM|APAC|SUP_AL_02,ALUMINUM,APAC,SUP_AL_02,2024-03-01,2024-02-01,127.4457,115.9259,105.3509,51.2903,43.3594,48.094,84.901,2.3185,133.28629
FMISV2_0001420,ALUMINUM|APAC|SUP_AL_02,ALUMINUM,APAC,SUP_AL_02,2024-04-01,2024-03-01,128.731,115.0208,102.6786,52.6001,40.3482,44.756,88.303,2.5682,133.55748
FMISV2_0001421,ALUMINUM|APAC|SUP_AL_02,ALUMINUM,APAC,SUP_AL_02,2024-05-01,2024-04-01,124.2926,114.35,100.1617,54.2701,40.2109,45.953,85.497,3.5091,135.32447
FMISV2_0001422,ALUMINUM|APAC|SUP_AL_02,ALUMINUM,APAC,SUP_AL_02,2024-06-01,2024-05-01,119.1319,108.8524,100.7245,53.1257,30.6917,45.828,86.263,2.7765,133.58521
FMISV2_0001423,ALUMINUM|APAC|SUP_AL_02,ALUMINUM,APAC,SUP_AL_02,2024-07-01,2024-06-01,122.1279,102.1748,99.908,53.1732,41.7271,40.332,86.375,2.888,132.33177
FMISV2_0001424,ALUMINUM|APAC|SUP_AL_02,ALUMINUM,APAC,SUP_AL_02,2024-08-01,2024-07-01,121.4915,100.0442,98.1026,49.9254,43.1696,47.276,86.119,2.7705,131.28214
FMISV2_0001425,ALUMINUM|APAC|SUP_AL_02,ALUMINUM,APAC,SUP_AL_02,2024-09-01,2024-08-01,116.8088,106.9974,99.6189,51.7429,43.7449,48.046,85.148,3.0526,130.64794
FMISV2_0001426,ALUMINUM|APAC|SUP_AL_02,ALUMINUM,APAC,SUP_AL_02,2024-10-01,2024-09-01,120.5409,107.4528,98.8906,50.1718,44.5531,47.573,85.438,3.3985,130.52988
FMISV2_0001427,ALUMINUM|APAC|SUP_AL_02,ALUMINUM,APAC,SUP_AL_02,2024-11-01,2024-10-01,121.8495,112.1516,101.4229,46.0944,62.486,51.283,86.712,2.9985,131.41489
FMISV2_0001428,ALUMINUM|APAC|SUP_AL_02,ALUMINUM,APAC,SUP_AL_02,2024-12-01,2024-11-01,119.2886,110.8493,103.7798,47.805,56.3391,48.856,86.16,2.978,132.15573
FMISV2_0001429,ALUMINUM|APAC|SUP_AL_02,ALUMINUM,APAC,SUP_AL_02,2025-01-01,2024-12-01,122.7039,115.5027,103.0673,48.0898,50.8256,49.367,85.106,2.5823,133.16287
FMISV2_0001430,ALUMINUM|APAC|SUP_AL_02,ALUMINUM,APAC,SUP_AL_02,2025-02-01,2025-01-01,126.956,117.1364,104.7322,46.2308,40.1366,49.292,85.779,2.8233,133.83338
FMISV2_0001431,ALUMINUM|APAC|SUP_AL_02,ALUMINUM,APAC,SUP_AL_02,2025-03-01,2025-02-01,125.8724,113.8069,107.7767,46.5923,42.2164,45.042,85.566,3.1679,136.09225
FMISV2_0001432,ALUMINUM|APAC|SUP_AL_02,ALUMINUM,APAC,SUP_AL_02,2025-04-01,2025-03-01,125.8778,115.5665,107.7299,47.5916,47.7817,48.619,85.709,2.9943,137.19242
FMISV2_0001433,ALUMINUM|APAC|SUP_AL_02,ALUMINUM,APAC,SUP_AL_02,2025-05-01,2025-04-01,130.4023,108.1206,102.7416,48.8451,34.3671,51.368,85.954,3.3519,137.79472
FMISV2_0001434,ALUMINUM|APAC|SUP_AL_02,ALUMINUM,APAC,SUP_AL_02,2025-06-01,2025-05-01,131.4832,108.1694,100.0736,47.773,28.9754,48.766,86.529,3.8525,137.79476
FMISV2_0001435,ALUMINUM|APAC|SUP_AL_02,ALUMINUM,APAC,SUP_AL_02,2025-07-01,2025-06-01,120.0944,108.2497,101.279,49.3896,42.5897,52.166,87.781,3.2133,138.97514
FMISV2_0001436,ALUMINUM|APAC|SUP_AL_02,ALUMINUM,APAC,SUP_AL_02,2025-08-01,2025-07-01,125.0966,109.1851,106.3153,52.9039,39.7252,42.656,86.1,3.0415,138.82887
FMISV2_0001437,ALUMINUM|APAC|SUP_AL_02,ALUMINUM,APAC,SUP_AL_02,2025-09-01,2025-08-01,119.1498,102.1444,98.4861,51.1776,42.7608,51.876,87.358,3.2389,136.27585
FMISV2_0001438,ALUMINUM|APAC|SUP_AL_02,ALUMINUM,APAC,SUP_AL_02,2025-10-01,2025-09-01,121.2697,100.6346,101.2273,51.6835,48.0615,48.286,85.157,3.5474,136.88255
FMISV2_0001439,ALUMINUM|APAC|SUP_AL_02,ALUMINUM,APAC,SUP_AL_02,2025-11-01,2025-10-01,123.2357,110.9781,100.1705,53.3797,56.8966,48.838,88.835,2.9407,138.11037
FMISV2_0001440,ALUMINUM|APAC|SUP_AL_02,ALUMINUM,APAC,SUP_AL_02,2025-12-01,2025-11-01,126.6494,116.7064,107.389,52.3006,43.2784,46.446,85.753,3.8964,138.73279
FMISV2_0001441,RUBBER|NA|SUP_RB_01,RUBBER,NA,SUP_RB_01,2018-01-01,2017-12-01,102.9351,106.2305,101.2364,48.6363,56.1335,23.433,87.889,1.1148,96.52166
FMISV2_0001442,RUBBER|NA|SUP_RB_01,RUBBER,NA,SUP_RB_01,2018-02-01,2018-01-01,104.463,102.7035,100.6132,50.9948,41.8915,26.012,90.093,1.4878,97.88697
FMISV2_0001443,RUBBER|NA|SUP_RB_01,RUBBER,NA,SUP_RB_01,2018-03-01,2018-02-01,104.2012,103.5918,105.487,49.4252,54.977,22.293,90.333,1.2081,100.98334
FMISV2_0001444,RUBBER|NA|SUP_RB_01,RUBBER,NA,SUP_RB_01,2018-04-01,2018-03-01,105.138,103.5876,99.9998,51.3662,47.1506,21.051,87.429,1.795,100.33858
FMISV2_0001445,RUBBER|NA|SUP_RB_01,RUBBER,NA,SUP_RB_01,2018-05-01,2018-04-01,108.9989,107.7421,102.2051,51.5444,44.6762,17.835,89.158,1.5127,101.59674
FMISV2_0001446,RUBBER|NA|SUP_RB_01,RUBBER,NA,SUP_RB_01,2018-06-01,2018-05-01,103.0247,89.8612,101.3312,51.4006,42.9213,22.51,89.185,0.9882,99.72159
FMISV2_0001447,RUBBER|NA|SUP_RB_01,RUBBER,NA,SUP_RB_01,2018-07-01,2018-06-01,101.6263,97.8658,100.741,50.5753,34.2305,22.216,89.565,0.2752,97.42113
FMISV2_0001448,RUBBER|NA|SUP_RB_01,RUBBER,NA,SUP_RB_01,2018-08-01,2018-07-01,95.1124,98.4985,97.6445,50.5688,36.0903,24.795,88.67,0.981,95.92768
FMISV2_0001449,RUBBER|NA|SUP_RB_01,RUBBER,NA,SUP_RB_01,2018-09-01,2018-08-01,100.7065,95.9444,98.8119,48.5661,40.7119,24.685,89.778,1.3188,93.6993
FMISV2_0001450,RUBBER|NA|SUP_RB_01,RUBBER,NA,SUP_RB_01,2018-10-01,2018-09-01,102.8332,96.9808,98.0967,48.9839,43.0843,25.5,90.632,1.3947,93.06325
FMISV2_0001451,RUBBER|NA|SUP_RB_01,RUBBER,NA,SUP_RB_01,2018-11-01,2018-10-01,94.31,101.6977,97.6823,48.472,52.8899,26.374,91.898,1.5266,94.47243
FMISV2_0001452,RUBBER|NA|SUP_RB_01,RUBBER,NA,SUP_RB_01,2018-12-01,2018-11-01,106.2305,103.9334,101.7879,46.8643,59.6302,24.874,90.695,2.0727,96.27723
FMISV2_0001453,RUBBER|NA|SUP_RB_01,RUBBER,NA,SUP_RB_01,2019-01-01,2018-12-01,104.4059,108.9392,98.3975,48.2305,39.572,20.023,89.89,1.1452,94.17162
FMISV2_0001454,RUBBER|NA|SUP_RB_01,RUBBER,NA,SUP_RB_01,2019-02-01,2019-01-01,104.8837,103.178,101.2086,46.8929,45.2941,27.051,90.065,1.7407,96.67665
FMISV2_0001455,RUBBER|NA|SUP_RB_01,RUBBER,NA,SUP_RB_01,2019-03-01,2019-02-01,109.3531,108.4711,100.7455,50.1918,48.6169,17.194,87.908,1.1141,97.91491
FMISV2_0001456,RUBBER|NA|SUP_RB_01,RUBBER,NA,SUP_RB_01,2019-04-01,2019-03-01,109.7496,102.3998,101.4879,49.2565,41.3393,25.323,88.856,1.6489,97.14411
FMISV2_0001457,RUBBER|NA|SUP_RB_01,RUBBER,NA,SUP_RB_01,2019-05-01,2019-04-01,110.2095,106.756,102.8705,49.2849,39.8617,23.973,91.077,0.937,97.69978
FMISV2_0001458,RUBBER|NA|SUP_RB_01,RUBBER,NA,SUP_RB_01,2019-06-01,2019-05-01,108.2254,97.9224,102.529,52.3753,47.4373,24.467,91.165,1.2417,97.313
FMISV2_0001459,RUBBER|NA|SUP_RB_01,RUBBER,NA,SUP_RB_01,2019-07-01,2019-06-01,99.5688,94.3285,101.3401,51.466,38.0408,16.167,89.747,2.201,96.49924
FMISV2_0001460,RUBBER|NA|SUP_RB_01,RUBBER,NA,SUP_RB_01,2019-08-01,2019-07-01,103.3714,94.6544,99.7152,50.7377,39.4323,24.472,90.586,1.772,98.07861
FMISV2_0001461,RUBBER|NA|SUP_RB_01,RUBBER,NA,SUP_RB_01,2019-09-01,2019-08-01,98.0391,93.4916,99.8315,54.667,57.5192,22.793,88.188,1.789,98.78252
FMISV2_0001462,RUBBER|NA|SUP_RB_01,RUBBER,NA,SUP_RB_01,2019-10-01,2019-09-01,102.989,103.6798,99.2357,53.6604,61.5225,25.241,89.107,1.2514,102.44917
FMISV2_0001463,RUBBER|NA|SUP_RB_01,RUBBER,NA,SUP_RB_01,2019-11-01,2019-10-01,102.0679,106.9712,99.6515,50.0924,51.0232,22.577,89.995,2.0335,102.15101
FMISV2_0001464,RUBBER|NA|SUP_RB_01,RUBBER,NA,SUP_RB_01,2019-12-01,2019-11-01,102.9959,112.5474,97.4897,51.9865,47.8538,28.232,89.589,1.299,102.79511
FMISV2_0001465,RUBBER|NA|SUP_RB_01,RUBBER,NA,SUP_RB_01,2020-01-01,2019-12-01,110.1435,110.9353,101.1828,53.376,48.3364,20.168,88.524,1.5629,102.27932
FMISV2_0001466,RUBBER|NA|SUP_RB_01,RUBBER,NA,SUP_RB_01,2020-02-01,2020-01-01,115.7955,113.3031,101.7967,53.1077,49.9563,27.141,90.126,1.5168,102.53844
FMISV2_0001467,RUBBER|NA|SUP_RB_01,RUBBER,NA,SUP_RB_01,2020-03-01,2020-02-01,109.2858,112.4017,100.4499,51.2515,54.1833,23.244,90.122,1.347,103.58335
FMISV2_0001468,RUBBER|NA|SUP_RB_01,RUBBER,NA,SUP_RB_01,2020-04-01,2020-03-01,110.9579,102.4057,104.8941,48.2291,44.104,24.604,90.94,1.3822,107.99626
FMISV2_0001469,RUBBER|NA|SUP_RB_01,RUBBER,NA,SUP_RB_01,2020-05-01,2020-04-01,109.7981,104.8867,102.5527,47.3081,33.3903,24.071,89.854,1.4762,105.71016
FMISV2_0001470,RUBBER|NA|SUP_RB_01,RUBBER,NA,SUP_RB_01,2020-06-01,2020-05-01,117.5258,97.4377,104.8803,49.9225,40.85,20.297,90.923,1.7514,106.13744
FMISV2_0001471,RUBBER|NA|SUP_RB_01,RUBBER,NA,SUP_RB_01,2020-07-01,2020-06-01,103.2119,105.1801,104.5195,47.1907,36.2782,19.353,90.465,1.7461,104.27786
FMISV2_0001472,RUBBER|NA|SUP_RB_01,RUBBER,NA,SUP_RB_01,2020-08-01,2020-07-01,104.6328,101.2908,97.5144,45.8148,35.0467,19.898,88.524,1.1288,102.14891
FMISV2_0001473,RUBBER|NA|SUP_RB_01,RUBBER,NA,SUP_RB_01,2020-09-01,2020-08-01,104.6045,93.7309,98.6528,45.0372,52.271,17.774,91.97,1.327,101.62353
FMISV2_0001474,RUBBER|NA|SUP_RB_01,RUBBER,NA,SUP_RB_01,2020-10-01,2020-09-01,106.7902,105.8281,95.5759,50.1332,42.8674,24.411,88.541,2.0801,100.95333
FMISV2_0001475,RUBBER|NA|SUP_RB_01,RUBBER,NA,SUP_RB_01,2020-11-01,2020-10-01,103.5774,100.6185,97.1441,48.5166,49.1294,29.611,89.984,2.2059,99.84108
FMISV2_0001476,RUBBER|NA|SUP_RB_01,RUBBER,NA,SUP_RB_01,2020-12-01,2020-11-01,106.6203,106.4558,99.1192,49.6546,44.2504,27.719,90.315,2.1722,101.18776
FMISV2_0001477,RUBBER|NA|SUP_RB_01,RUBBER,NA,SUP_RB_01,2021-01-01,2020-12-01,109.3489,114.0991,101.0824,52.8361,53.2156,22.653,88.402,1.9207,103.31042
FMISV2_0001478,RUBBER|NA|SUP_RB_01,RUBBER,NA,SUP_RB_01,2021-02-01,2021-01-01,115.0235,104.2425,102.2226,51.3815,58.0388,23.904,89.024,2.1286,106.69926
FMISV2_0001479,RUBBER|NA|SUP_RB_01,RUBBER,NA,SUP_RB_01,2021-03-01,2021-02-01,111.9497,104.6707,105.8298,53.4874,39.5819,25.255,90.912,1.7119,108.00804
FMISV2_0001480,RUBBER|NA|SUP_RB_01,RUBBER,NA,SUP_RB_01,2021-04-01,2021-03-01,119.6959,108.6164,103.7926,53.3608,46.4441,23.258,90.453,1.9092,108.13377
FMISV2_0001481,RUBBER|NA|SUP_RB_01,RUBBER,NA,SUP_RB_01,2021-05-01,2021-04-01,112.7161,96.394,104.2568,53.6997,38.7841,17.629,88.563,1.9015,107.41263
FMISV2_0001482,RUBBER|NA|SUP_RB_01,RUBBER,NA,SUP_RB_01,2021-06-01,2021-05-01,115.5709,99.8472,105.4577,52.1906,35.5554,20.368,88.834,1.3952,106.90616
FMISV2_0001483,RUBBER|NA|SUP_RB_01,RUBBER,NA,SUP_RB_01,2021-07-01,2021-06-01,110.2152,96.8253,101.558,51.9469,35.4923,23.562,90.966,2.1737,105.77545
FMISV2_0001484,RUBBER|NA|SUP_RB_01,RUBBER,NA,SUP_RB_01,2021-08-01,2021-07-01,110.1049,94.9334,102.3209,49.9846,35.6575,19.656,87.724,1.8111,105.0866
FMISV2_0001485,RUBBER|NA|SUP_RB_01,RUBBER,NA,SUP_RB_01,2021-09-01,2021-08-01,106.7397,107.617,100.3126,50.4862,41.908,25.369,90.204,1.7348,102.64064
FMISV2_0001486,RUBBER|NA|SUP_RB_01,RUBBER,NA,SUP_RB_01,2021-10-01,2021-09-01,110.6796,103.1365,97.9975,51.3607,42.8419,22.106,87.802,1.1971,108.65924
FMISV2_0001487,RUBBER|NA|SUP_RB_01,RUBBER,NA,SUP_RB_01,2021-11-01,2021-10-01,115.1356,105.9621,98.8835,49.3118,54.4724,24.101,89.797,1.1472,108.4037
FMISV2_0001488,RUBBER|NA|SUP_RB_01,RUBBER,NA,SUP_RB_01,2021-12-01,2021-11-01,111.337,105.5673,104.0902,46.4528,55.7673,25.462,89.354,1.5332,108.18907
FMISV2_0001489,RUBBER|NA|SUP_RB_01,RUBBER,NA,SUP_RB_01,2022-01-01,2021-12-01,112.1994,123.5805,105.1939,46.7115,48.5703,23.786,89.972,2.4171,106.9582
FMISV2_0001490,RUBBER|NA|SUP_RB_01,RUBBER,NA,SUP_RB_01,2022-02-01,2022-01-01,111.0395,108.0289,101.871,46.3247,53.8425,26.544,88.445,1.5232,106.9931
FMISV2_0001491,RUBBER|NA|SUP_RB_01,RUBBER,NA,SUP_RB_01,2022-03-01,2022-02-01,117.252,112.121,103.7591,47.844,46.8625,24.897,89.056,1.533,115.62274
FMISV2_0001492,RUBBER|NA|SUP_RB_01,RUBBER,NA,SUP_RB_01,2022-04-01,2022-03-01,121.0944,101.5237,103.6289,48.0325,40.8477,22.019,89.293,1.7352,113.30153
FMISV2_0001493,RUBBER|NA|SUP_RB_01,RUBBER,NA,SUP_RB_01,2022-05-01,2022-04-01,114.3896,107.384,105.2843,46.61,52.7075,20.173,90.481,1.7168,110.2376
FMISV2_0001494,RUBBER|NA|SUP_RB_01,RUBBER,NA,SUP_RB_01,2022-06-01,2022-05-01,113.7828,101.4587,102.7925,46.9302,38.2018,19.062,89.529,1.7707,108.88365
FMISV2_0001495,RUBBER|NA|SUP_RB_01,RUBBER,NA,SUP_RB_01,2022-07-01,2022-06-01,114.0836,102.0775,103.6775,51.5686,39.4617,22.205,90.899,2.1688,108.06412
FMISV2_0001496,RUBBER|NA|SUP_RB_01,RUBBER,NA,SUP_RB_01,2022-08-01,2022-07-01,117.7614,102.1247,102.7862,51.5157,40.2741,24.929,89.412,2.1337,107.32024
FMISV2_0001497,RUBBER|NA|SUP_RB_01,RUBBER,NA,SUP_RB_01,2022-09-01,2022-08-01,107.0092,95.0342,100.3336,51.8277,40.9866,20.109,91.026,1.8007,104.06197
FMISV2_0001498,RUBBER|NA|SUP_RB_01,RUBBER,NA,SUP_RB_01,2022-10-01,2022-09-01,112.5549,103.18,96.0966,52.9565,42.8768,25.482,91.081,1.4301,104.11985
FMISV2_0001499,RUBBER|NA|SUP_RB_01,RUBBER,NA,SUP_RB_01,2022-11-01,2022-10-01,112.6264,100.6801,99.1245,52.7293,52.0187,22.371,88.831,2.6323,105.51718
FMISV2_0001500,RUBBER|NA|SUP_RB_01,RUBBER,NA,SUP_RB_01,2022-12-01,2022-11-01,119.7558,102.1387,104.2841,51.9272,57.4425,23.18,87.333,2.6236,105.87948
FMISV2_0001501,RUBBER|NA|SUP_RB_01,RUBBER,NA,SUP_RB_01,2023-01-01,2022-12-01,116.6644,108.2256,102.8534,49.7243,58.1623,26.759,89.584,2.5066,106.71152
FMISV2_0001502,RUBBER|NA|SUP_RB_01,RUBBER,NA,SUP_RB_01,2023-02-01,2023-01-01,118.8731,114.9764,103.9217,50.5961,47.0902,26.949,89.131,1.294,107.22505
FMISV2_0001503,RUBBER|NA|SUP_RB_01,RUBBER,NA,SUP_RB_01,2023-03-01,2023-02-01,122.1048,112.1693,104.064,49.2389,34.0285,23.539,87.051,1.9188,108.72111
FMISV2_0001504,RUBBER|NA|SUP_RB_01,RUBBER,NA,SUP_RB_01,2023-04-01,2023-03-01,121.5099,111.6855,106.7511,51.7497,38.5977,27.489,88.641,2.1625,109.75775
FMISV2_0001505,RUBBER|NA|SUP_RB_01,RUBBER,NA,SUP_RB_01,2023-05-01,2023-04-01,120.5085,107.1975,106.437,48.0522,43.8878,22.816,91.752,2.1149,110.07497
FMISV2_0001506,RUBBER|NA|SUP_RB_01,RUBBER,NA,SUP_RB_01,2023-06-01,2023-05-01,117.5433,107.3286,105.5556,46.8898,33.7447,22.067,89.235,1.2162,107.92123
FMISV2_0001507,RUBBER|NA|SUP_RB_01,RUBBER,NA,SUP_RB_01,2023-07-01,2023-06-01,120.1308,101.7859,104.6681,46.994,36.5958,21.73,91.958,1.7406,106.46652
FMISV2_0001508,RUBBER|NA|SUP_RB_01,RUBBER,NA,SUP_RB_01,2023-08-01,2023-07-01,116.5932,99.4298,101.0377,45.6769,45.0821,27.46,90.246,2.1417,106.5939
FMISV2_0001509,RUBBER|NA|SUP_RB_01,RUBBER,NA,SUP_RB_01,2023-09-01,2023-08-01,119.9535,102.9296,100.5907,47.7256,48.7099,22.841,89.28,2.3764,107.02298
FMISV2_0001510,RUBBER|NA|SUP_RB_01,RUBBER,NA,SUP_RB_01,2023-10-01,2023-09-01,117.4428,107.1494,99.4699,48.2576,48.8767,23.733,89.491,2.4108,105.34497
FMISV2_0001511,RUBBER|NA|SUP_RB_01,RUBBER,NA,SUP_RB_01,2023-11-01,2023-10-01,116.1112,97.4167,99.6196,47.0184,50.484,17.698,87.086,2.037,106.99966
FMISV2_0001512,RUBBER|NA|SUP_RB_01,RUBBER,NA,SUP_RB_01,2023-12-01,2023-11-01,116.4076,105.556,103.9454,49.4617,51.8451,20.429,88.9,2.0099,108.2256
FMISV2_0001513,RUBBER|NA|SUP_RB_01,RUBBER,NA,SUP_RB_01,2024-01-01,2023-12-01,117.4845,115.6111,102.5845,50.6718,46.8861,29.543,88.923,2.2037,109.5836
FMISV2_0001514,RUBBER|NA|SUP_RB_01,RUBBER,NA,SUP_RB_01,2024-02-01,2024-01-01,117.8622,118.6903,103.202,53.9543,49.0509,24.646,92.135,2.3257,112.69527
FMISV2_0001515,RUBBER|NA|SUP_RB_01,RUBBER,NA,SUP_RB_01,2024-03-01,2024-02-01,127.4457,115.9259,108.817,51.2903,43.3594,27.805,89.2,1.8108,116.62473
FMISV2_0001516,RUBBER|NA|SUP_RB_01,RUBBER,NA,SUP_RB_01,2024-04-01,2024-03-01,128.731,115.0208,107.8143,52.6001,40.3482,24.62,89.75,2.1649,118.49655
FMISV2_0001517,RUBBER|NA|SUP_RB_01,RUBBER,NA,SUP_RB_01,2024-05-01,2024-04-01,124.2926,114.35,104.9183,54.2701,40.2109,22.071,92.648,2.5888,113.78921
FMISV2_0001518,RUBBER|NA|SUP_RB_01,RUBBER,NA,SUP_RB_01,2024-06-01,2024-05-01,119.1319,108.8524,105.9958,53.1257,30.6917,19.88,88.562,2.5705,112.75382
FMISV2_0001519,RUBBER|NA|SUP_RB_01,RUBBER,NA,SUP_RB_01,2024-07-01,2024-06-01,122.1279,102.1748,105.4283,53.1732,41.7271,23.83,87.88,2.5551,111.68715
FMISV2_0001520,RUBBER|NA|SUP_RB_01,RUBBER,NA,SUP_RB_01,2024-08-01,2024-07-01,121.4915,100.0442,103.3633,49.9254,43.1696,25.409,90.908,2.5416,110.61348
FMISV2_0001521,RUBBER|NA|SUP_RB_01,RUBBER,NA,SUP_RB_01,2024-09-01,2024-08-01,116.8088,106.9974,103.6318,51.7429,43.7449,21.866,89.647,2.5331,109.38383
FMISV2_0001522,RUBBER|NA|SUP_RB_01,RUBBER,NA,SUP_RB_01,2024-10-01,2024-09-01,120.5409,107.4528,101.6573,50.1718,44.5531,26.238,91.402,2.4672,107.14759
FMISV2_0001523,RUBBER|NA|SUP_RB_01,RUBBER,NA,SUP_RB_01,2024-11-01,2024-10-01,121.8495,112.1516,103.0519,46.0944,62.486,30.876,88.452,2.5404,109.23507
FMISV2_0001524,RUBBER|NA|SUP_RB_01,RUBBER,NA,SUP_RB_01,2024-12-01,2024-11-01,119.2886,110.8493,103.2774,47.805,56.3391,20.263,88.193,2.7092,110.30512
FMISV2_0001525,RUBBER|NA|SUP_RB_01,RUBBER,NA,SUP_RB_01,2025-01-01,2024-12-01,122.7039,115.5027,105.3041,48.0898,50.8256,24.005,88.437,2.5615,113.22895
FMISV2_0001526,RUBBER|NA|SUP_RB_01,RUBBER,NA,SUP_RB_01,2025-02-01,2025-01-01,126.956,117.1364,105.249,46.2308,40.1366,22.923,89.44,2.4052,113.25715
FMISV2_0001527,RUBBER|NA|SUP_RB_01,RUBBER,NA,SUP_RB_01,2025-03-01,2025-02-01,125.8724,113.8069,105.1809,46.5923,42.2164,24.951,89.753,2.3267,115.8979
FMISV2_0001528,RUBBER|NA|SUP_RB_01,RUBBER,NA,SUP_RB_01,2025-04-01,2025-03-01,125.8778,115.5665,105.3096,47.5916,47.7817,24.962,89.865,2.2958,117.31787
FMISV2_0001529,RUBBER|NA|SUP_RB_01,RUBBER,NA,SUP_RB_01,2025-05-01,2025-04-01,130.4023,108.1206,104.7629,48.8451,34.3671,22.607,91.137,3.001,116.10368
FMISV2_0001530,RUBBER|NA|SUP_RB_01,RUBBER,NA,SUP_RB_01,2025-06-01,2025-05-01,131.4832,108.1694,106.149,47.773,28.9754,19.786,90.762,2.402,116.1539
FMISV2_0001531,RUBBER|NA|SUP_RB_01,RUBBER,NA,SUP_RB_01,2025-07-01,2025-06-01,120.0944,108.2497,107.7402,49.3896,42.5897,18.568,89.933,2.7241,115.7685
FMISV2_0001532,RUBBER|NA|SUP_RB_01,RUBBER,NA,SUP_RB_01,2025-08-01,2025-07-01,125.0966,109.1851,100.7284,52.9039,39.7252,26.607,90.695,2.9489,116.32226
FMISV2_0001533,RUBBER|NA|SUP_RB_01,RUBBER,NA,SUP_RB_01,2025-09-01,2025-08-01,119.1498,102.1444,102.3,51.1776,42.7608,24.271,88.805,2.5975,114.94107
FMISV2_0001534,RUBBER|NA|SUP_RB_01,RUBBER,NA,SUP_RB_01,2025-10-01,2025-09-01,121.2697,100.6346,103.047,51.6835,48.0615,21.237,89.693,2.9399,115.45411
FMISV2_0001535,RUBBER|NA|SUP_RB_01,RUBBER,NA,SUP_RB_01,2025-11-01,2025-10-01,123.2357,110.9781,102.2729,53.3797,56.8966,20.598,91.147,2.8017,116.64908
FMISV2_0001536,RUBBER|NA|SUP_RB_01,RUBBER,NA,SUP_RB_01,2025-12-01,2025-11-01,126.6494,116.7064,103.6482,52.3006,43.2784,20.063,88.964,2.4766,117.11311
FMISV2_0001537,RUBBER|NA|SUP_RB_02,RUBBER,NA,SUP_RB_02,2018-01-01,2017-12-01,102.9351,106.2305,98.3239,48.6363,56.1335,20.043,93.389,0.7921,93.71157
FMISV2_0001538,RUBBER|NA|SUP_RB_02,RUBBER,NA,SUP_RB_02,2018-02-01,2018-01-01,104.463,102.7035,100.9901,50.9948,41.8915,19.775,94.044,1.1009,96.54214
FMISV2_0001539,RUBBER|NA|SUP_RB_02,RUBBER,NA,SUP_RB_02,2018-03-01,2018-02-01,104.2012,103.5918,103.2468,49.4252,54.977,23.482,95.517,1.4022,98.3124
FMISV2_0001540,RUBBER|NA|SUP_RB_02,RUBBER,NA,SUP_RB_02,2018-04-01,2018-03-01,105.138,103.5876,104.3496,51.3662,47.1506,20.65,95.726,1.1731,98.0551
FMISV2_0001541,RUBBER|NA|SUP_RB_02,RUBBER,NA,SUP_RB_02,2018-05-01,2018-04-01,108.9989,107.7421,99.9208,51.5444,44.6762,19.631,96.265,1.2168,97.27952
FMISV2_0001542,RUBBER|NA|SUP_RB_02,RUBBER,NA,SUP_RB_02,2018-06-01,2018-05-01,103.0247,89.8612,100.6949,51.4006,42.9213,17.444,94.203,1.5011,94.86223
FMISV2_0001543,RUBBER|NA|SUP_RB_02,RUBBER,NA,SUP_RB_02,2018-07-01,2018-06-01,101.6263,97.8658,101.7231,50.5753,34.2305,17.3,92.323,1.581,93.60398
FMISV2_0001544,RUBBER|NA|SUP_RB_02,RUBBER,NA,SUP_RB_02,2018-08-01,2018-07-01,95.1124,98.4985,101.1558,50.5688,36.0903,18.805,94.742,1.2729,90.28046
FMISV2_0001545,RUBBER|NA|SUP_RB_02,RUBBER,NA,SUP_RB_02,2018-09-01,2018-08-01,100.7065,95.9444,98.5276,48.5661,40.7119,22.153,94.639,1.432,93.31115
FMISV2_0001546,RUBBER|NA|SUP_RB_02,RUBBER,NA,SUP_RB_02,2018-10-01,2018-09-01,102.8332,96.9808,97.7405,48.9839,43.0843,19.993,95.824,1.4202,92.79358
FMISV2_0001547,RUBBER|NA|SUP_RB_02,RUBBER,NA,SUP_RB_02,2018-11-01,2018-10-01,94.31,101.6977,98.389,48.472,52.8899,22.352,95.976,1.5393,93.67438
FMISV2_0001548,RUBBER|NA|SUP_RB_02,RUBBER,NA,SUP_RB_02,2018-12-01,2018-11-01,106.2305,103.9334,98.6974,46.8643,59.6302,21.766,95.564,1.1606,93.64785
FMISV2_0001549,RUBBER|NA|SUP_RB_02,RUBBER,NA,SUP_RB_02,2019-01-01,2018-12-01,104.4059,108.9392,103.2052,48.2305,39.572,21.614,96.032,1.4392,96.51543
FMISV2_0001550,RUBBER|NA|SUP_RB_02,RUBBER,NA,SUP_RB_02,2019-02-01,2019-01-01,104.8837,103.178,102.5283,46.8929,45.2941,16.911,96.852,1.9102,97.14667
FMISV2_0001551,RUBBER|NA|SUP_RB_02,RUBBER,NA,SUP_RB_02,2019-03-01,2019-02-01,109.3531,108.4711,100.2411,50.1918,48.6169,21.953,96.697,2.4913,97.74407
FMISV2_0001552,RUBBER|NA|SUP_RB_02,RUBBER,NA,SUP_RB_02,2019-04-01,2019-03-01,109.7496,102.3998,103.463,49.2565,41.3393,21.827,93.555,1.3068,100.51388
FMISV2_0001553,RUBBER|NA|SUP_RB_02,RUBBER,NA,SUP_RB_02,2019-05-01,2019-04-01,110.2095,106.756,101.3891,49.2849,39.8617,20.646,93.923,1.4932,101.29729
FMISV2_0001554,RUBBER|NA|SUP_RB_02,RUBBER,NA,SUP_RB_02,2019-06-01,2019-05-01,108.2254,97.9224,103.3973,52.3753,47.4373,17.399,92.688,1.2693,99.23834
FMISV2_0001555,RUBBER|NA|SUP_RB_02,RUBBER,NA,SUP_RB_02,2019-07-01,2019-06-01,99.5688,94.3285,99.5157,51.466,38.0408,24.847,95.84,1.1263,98.27313
FMISV2_0001556,RUBBER|NA|SUP_RB_02,RUBBER,NA,SUP_RB_02,2019-08-01,2019-07-01,103.3714,94.6544,99.5875,50.7377,39.4323,20.793,95.82,1.6232,96.1328
FMISV2_0001557,RUBBER|NA|SUP_RB_02,RUBBER,NA,SUP_RB_02,2019-09-01,2019-08-01,98.0391,93.4916,98.8178,54.667,57.5192,18.631,96.501,1.9292,94.95256
FMISV2_0001558,RUBBER|NA|SUP_RB_02,RUBBER,NA,SUP_RB_02,2019-10-01,2019-09-01,102.989,103.6798,99.3393,53.6604,61.5225,22.614,94.814,1.4819,96.31785
FMISV2_0001559,RUBBER|NA|SUP_RB_02,RUBBER,NA,SUP_RB_02,2019-11-01,2019-10-01,102.0679,106.9712,98.979,50.0924,51.0232,19.466,96.123,1.6704,96.5193
FMISV2_0001560,RUBBER|NA|SUP_RB_02,RUBBER,NA,SUP_RB_02,2019-12-01,2019-11-01,102.9959,112.5474,101.0922,51.9865,47.8538,20.299,92.748,1.2808,98.95355
FMISV2_0001561,RUBBER|NA|SUP_RB_02,RUBBER,NA,SUP_RB_02,2020-01-01,2019-12-01,110.1435,110.9353,101.4761,53.376,48.3364,21.62,96.091,1.3671,101.48634
FMISV2_0001562,RUBBER|NA|SUP_RB_02,RUBBER,NA,SUP_RB_02,2020-02-01,2020-01-01,115.7955,113.3031,101.8794,53.1077,49.9563,18.37,94.941,1.4001,101.32932
FMISV2_0001563,RUBBER|NA|SUP_RB_02,RUBBER,NA,SUP_RB_02,2020-03-01,2020-02-01,109.2858,112.4017,103.5404,51.2515,54.1833,18.5,94.059,1.5837,103.23804
FMISV2_0001564,RUBBER|NA|SUP_RB_02,RUBBER,NA,SUP_RB_02,2020-04-01,2020-03-01,110.9579,102.4057,104.2316,48.2291,44.104,18.751,93.853,1.4783,109.60388
FMISV2_0001565,RUBBER|NA|SUP_RB_02,RUBBER,NA,SUP_RB_02,2020-05-01,2020-04-01,109.7981,104.8867,102.3489,47.3081,33.3903,18.275,94.873,2.0703,104.38027
FMISV2_0001566,RUBBER|NA|SUP_RB_02,RUBBER,NA,SUP_RB_02,2020-06-01,2020-05-01,117.5258,97.4377,102.4546,49.9225,40.85,19.301,95.798,1.9317,102.8982
FMISV2_0001567,RUBBER|NA|SUP_RB_02,RUBBER,NA,SUP_RB_02,2020-07-01,2020-06-01,103.2119,105.1801,101.3227,47.1907,36.2782,15.695,95.061,2.2086,101.89208
FMISV2_0001568,RUBBER|NA|SUP_RB_02,RUBBER,NA,SUP_RB_02,2020-08-01,2020-07-01,104.6328,101.2908,101.9107,45.8148,35.0467,23.144,95.554,1.8704,100.68669
FMISV2_0001569,RUBBER|NA|SUP_RB_02,RUBBER,NA,SUP_RB_02,2020-09-01,2020-08-01,104.6045,93.7309,99.0192,45.0372,52.271,19.401,95.119,1.5708,97.85867
FMISV2_0001570,RUBBER|NA|SUP_RB_02,RUBBER,NA,SUP_RB_02,2020-10-01,2020-09-01,106.7902,105.8281,99.1702,50.1332,42.8674,21.661,95.189,1.362,98.41819
FMISV2_0001571,RUBBER|NA|SUP_RB_02,RUBBER,NA,SUP_RB_02,2020-11-01,2020-10-01,103.5774,100.6185,97.5546,48.5166,49.1294,14.705,96.716,1.3816,98.23665
FMISV2_0001572,RUBBER|NA|SUP_RB_02,RUBBER,NA,SUP_RB_02,2020-12-01,2020-11-01,106.6203,106.4558,101.8224,49.6546,44.2504,16.196,95.976,1.9265,98.97605
FMISV2_0001573,RUBBER|NA|SUP_RB_02,RUBBER,NA,SUP_RB_02,2021-01-01,2020-12-01,109.3489,114.0991,103.8122,52.8361,53.2156,20.729,96.948,1.3864,100.75872
FMISV2_0001574,RUBBER|NA|SUP_RB_02,RUBBER,NA,SUP_RB_02,2021-02-01,2021-01-01,115.0235,104.2425,104.8827,51.3815,58.0388,20.294,95.577,1.7392,103.63961
FMISV2_0001575,RUBBER|NA|SUP_RB_02,RUBBER,NA,SUP_RB_02,2021-03-01,2021-02-01,111.9497,104.6707,107.5359,53.4874,39.5819,19.09,96.306,1.6861,104.65834
FMISV2_0001576,RUBBER|NA|SUP_RB_02,RUBBER,NA,SUP_RB_02,2021-04-01,2021-03-01,119.6959,108.6164,101.0723,53.3608,46.4441,18.069,97.658,1.383,104.30284
FMISV2_0001577,RUBBER|NA|SUP_RB_02,RUBBER,NA,SUP_RB_02,2021-05-01,2021-04-01,112.7161,96.394,103.6305,53.6997,38.7841,23.429,96.485,1.8791,103.51947
FMISV2_0001578,RUBBER|NA|SUP_RB_02,RUBBER,NA,SUP_RB_02,2021-06-01,2021-05-01,115.5709,99.8472,104.6331,52.1906,35.5554,16.4,94.458,1.665,102.04699
FMISV2_0001579,RUBBER|NA|SUP_RB_02,RUBBER,NA,SUP_RB_02,2021-07-01,2021-06-01,110.2152,96.8253,100.7919,51.9469,35.4923,22.71,94.878,1.9304,100.09405
FMISV2_0001580,RUBBER|NA|SUP_RB_02,RUBBER,NA,SUP_RB_02,2021-08-01,2021-07-01,110.1049,94.9334,100.1389,49.9846,35.6575,21.495,94.518,1.9198,97.62971
FMISV2_0001581,RUBBER|NA|SUP_RB_02,RUBBER,NA,SUP_RB_02,2021-09-01,2021-08-01,106.7397,107.617,100.8432,50.4862,41.908,19.464,95.604,1.3021,97.38754
FMISV2_0001582,RUBBER|NA|SUP_RB_02,RUBBER,NA,SUP_RB_02,2021-10-01,2021-09-01,110.6796,103.1365,100.9067,51.3607,42.8419,20.343,95.256,1.9308,103.88294
FMISV2_0001583,RUBBER|NA|SUP_RB_02,RUBBER,NA,SUP_RB_02,2021-11-01,2021-10-01,115.1356,105.9621,104.3409,49.3118,54.4724,17.794,96.841,1.9567,104.1397
FMISV2_0001584,RUBBER|NA|SUP_RB_02,RUBBER,NA,SUP_RB_02,2021-12-01,2021-11-01,111.337,105.5673,102.5995,46.4528,55.7673,23.619,95.534,2.5445,104.63838
FMISV2_0001585,RUBBER|NA|SUP_RB_02,RUBBER,NA,SUP_RB_02,2022-01-01,2021-12-01,112.1994,123.5805,102.1674,46.7115,48.5703,19.183,98.241,1.7096,106.53559
FMISV2_0001586,RUBBER|NA|SUP_RB_02,RUBBER,NA,SUP_RB_02,2022-02-01,2022-01-01,111.0395,108.0289,103.0811,46.3247,53.8425,16.302,96.742,2.1631,105.69845
FMISV2_0001587,RUBBER|NA|SUP_RB_02,RUBBER,NA,SUP_RB_02,2022-03-01,2022-02-01,117.252,112.121,106.684,47.844,46.8625,17.372,96.571,1.8286,111.38335
FMISV2_0001588,RUBBER|NA|SUP_RB_02,RUBBER,NA,SUP_RB_02,2022-04-01,2022-03-01,121.0944,101.5237,105.4662,48.0325,40.8477,19.619,93.063,2.2256,111.87074
FMISV2_0001589,RUBBER|NA|SUP_RB_02,RUBBER,NA,SUP_RB_02,2022-05-01,2022-04-01,114.3896,107.384,103.4867,46.61,52.7075,20.135,95.392,1.9702,111.13886
FMISV2_0001590,RUBBER|NA|SUP_RB_02,RUBBER,NA,SUP_RB_02,2022-06-01,2022-05-01,113.7828,101.4587,100.6699,46.9302,38.2018,15.746,93.363,2.1713,108.61334
FMISV2_0001591,RUBBER|NA|SUP_RB_02,RUBBER,NA,SUP_RB_02,2022-07-01,2022-06-01,114.0836,102.0775,101.6932,51.5686,39.4617,20.724,95.749,2.0708,103.83094
FMISV2_0001592,RUBBER|NA|SUP_RB_02,RUBBER,NA,SUP_RB_02,2022-08-01,2022-07-01,117.7614,102.1247,100.6043,51.5157,40.2741,20.864,93.036,1.8835,102.60486
FMISV2_0001593,RUBBER|NA|SUP_RB_02,RUBBER,NA,SUP_RB_02,2022-09-01,2022-08-01,107.0092,95.0342,99.4377,51.8277,40.9866,21.842,95.822,1.3335,101.8703
FMISV2_0001594,RUBBER|NA|SUP_RB_02,RUBBER,NA,SUP_RB_02,2022-10-01,2022-09-01,112.5549,103.18,98.7513,52.9565,42.8768,14.264,95.902,1.4563,102.97128
FMISV2_0001595,RUBBER|NA|SUP_RB_02,RUBBER,NA,SUP_RB_02,2022-11-01,2022-10-01,112.6264,100.6801,101.3256,52.7293,52.0187,18.341,93.014,2.0098,104.4663
FMISV2_0001596,RUBBER|NA|SUP_RB_02,RUBBER,NA,SUP_RB_02,2022-12-01,2022-11-01,119.7558,102.1387,104.6459,51.9272,57.4425,20.024,95.765,2.1096,107.2285
FMISV2_0001597,RUBBER|NA|SUP_RB_02,RUBBER,NA,SUP_RB_02,2023-01-01,2022-12-01,116.6644,108.2256,100.9543,49.7243,58.1623,19.803,95.154,2.3122,108.68036
FMISV2_0001598,RUBBER|NA|SUP_RB_02,RUBBER,NA,SUP_RB_02,2023-02-01,2023-01-01,118.8731,114.9764,102.8525,50.5961,47.0902,15.511,96.094,1.5063,110.20048
FMISV2_0001599,RUBBER|NA|SUP_RB_02,RUBBER,NA,SUP_RB_02,2023-03-01,2023-02-01,122.1048,112.1693,103.7769,49.2389,34.0285,19.062,95.218,2.0568,111.09
FMISV2_0001600,RUBBER|NA|SUP_RB_02,RUBBER,NA,SUP_RB_02,2023-04-01,2023-03-01,121.5099,111.6855,106.7059,51.7497,38.5977,17.868,94.667,2.4799,110.84469
FMISV2_0001601,RUBBER|NA|SUP_RB_02,RUBBER,NA,SUP_RB_02,2023-05-01,2023-04-01,120.5085,107.1975,107.5314,48.0522,43.8878,17.574,95.222,1.6573,110.1364
FMISV2_0001602,RUBBER|NA|SUP_RB_02,RUBBER,NA,SUP_RB_02,2023-06-01,2023-05-01,117.5433,107.3286,104.3288,46.8898,33.7447,20.102,97.189,1.9299,109.03011
FMISV2_0001603,RUBBER|NA|SUP_RB_02,RUBBER,NA,SUP_RB_02,2023-07-01,2023-06-01,120.1308,101.7859,104.7741,46.994,36.5958,20.088,94.217,1.8586,106.22274
FMISV2_0001604,RUBBER|NA|SUP_RB_02,RUBBER,NA,SUP_RB_02,2023-08-01,2023-07-01,116.5932,99.4298,101.7192,45.6769,45.0821,19.004,96.398,2.3794,105.08893
FMISV2_0001605,RUBBER|NA|SUP_RB_02,RUBBER,NA,SUP_RB_02,2023-09-01,2023-08-01,119.9535,102.9296,100.5801,47.7256,48.7099,22.521,96.328,2.2829,106.28938
FMISV2_0001606,RUBBER|NA|SUP_RB_02,RUBBER,NA,SUP_RB_02,2023-10-01,2023-09-01,117.4428,107.1494,99.6571,48.2576,48.8767,15.77,95.188,1.835,105.61879
FMISV2_0001607,RUBBER|NA|SUP_RB_02,RUBBER,NA,SUP_RB_02,2023-11-01,2023-10-01,116.1112,97.4167,102.8401,47.0184,50.484,20.649,94.384,2.0554,104.17862
FMISV2_0001608,RUBBER|NA|SUP_RB_02,RUBBER,NA,SUP_RB_02,2023-12-01,2023-11-01,116.4076,105.556,101.2316,49.4617,51.8451,17.565,93.648,2.4125,106.66693
FMISV2_0001609,RUBBER|NA|SUP_RB_02,RUBBER,NA,SUP_RB_02,2024-01-01,2023-12-01,117.4845,115.6111,104.4018,50.6718,46.8861,20.811,94.027,2.0579,106.96617
FMISV2_0001610,RUBBER|NA|SUP_RB_02,RUBBER,NA,SUP_RB_02,2024-02-01,2024-01-01,117.8622,118.6903,107.7228,53.9543,49.0509,17.044,93.151,2.599,108.13856
FMISV2_0001611,RUBBER|NA|SUP_RB_02,RUBBER,NA,SUP_RB_02,2024-03-01,2024-02-01,127.4457,115.9259,108.1017,51.2903,43.3594,16.769,97.408,3.259,111.7667
FMISV2_0001612,RUBBER|NA|SUP_RB_02,RUBBER,NA,SUP_RB_02,2024-04-01,2024-03-01,128.731,115.0208,105.759,52.6001,40.3482,22.391,94.996,2.4236,113.4592
FMISV2_0001613,RUBBER|NA|SUP_RB_02,RUBBER,NA,SUP_RB_02,2024-05-01,2024-04-01,124.2926,114.35,107.5875,54.2701,40.2109,23.399,94.821,2.2645,113.5261
FMISV2_0001614,RUBBER|NA|SUP_RB_02,RUBBER,NA,SUP_RB_02,2024-06-01,2024-05-01,119.1319,108.8524,103.5058,53.1257,30.6917,16.432,95.375,2.113,109.86913
FMISV2_0001615,RUBBER|NA|SUP_RB_02,RUBBER,NA,SUP_RB_02,2024-07-01,2024-06-01,122.1279,102.1748,103.6209,53.1732,41.7271,16.12,95.656,2.4755,108.94666
FMISV2_0001616,RUBBER|NA|SUP_RB_02,RUBBER,NA,SUP_RB_02,2024-08-01,2024-07-01,121.4915,100.0442,101.7866,49.9254,43.1696,21.536,95.382,1.925,108.22489
FMISV2_0001617,RUBBER|NA|SUP_RB_02,RUBBER,NA,SUP_RB_02,2024-09-01,2024-08-01,116.8088,106.9974,102.6521,51.7429,43.7449,18.782,94.918,2.6556,107.93775
FMISV2_0001618,RUBBER|NA|SUP_RB_02,RUBBER,NA,SUP_RB_02,2024-10-01,2024-09-01,120.5409,107.4528,101.0196,50.1718,44.5531,19.988,93.056,1.843,108.22243
FMISV2_0001619,RUBBER|NA|SUP_RB_02,RUBBER,NA,SUP_RB_02,2024-11-01,2024-10-01,121.8495,112.1516,103.1448,46.0944,62.486,18.704,94.881,2.2267,109.93727
FMISV2_0001620,RUBBER|NA|SUP_RB_02,RUBBER,NA,SUP_RB_02,2024-12-01,2024-11-01,119.2886,110.8493,98.549,47.805,56.3391,15.742,94.908,2.71,110.85818
FMISV2_0001621,RUBBER|NA|SUP_RB_02,RUBBER,NA,SUP_RB_02,2025-01-01,2024-12-01,122.7039,115.5027,104.6109,48.0898,50.8256,17.332,96.659,2.2948,113.56324
FMISV2_0001622,RUBBER|NA|SUP_RB_02,RUBBER,NA,SUP_RB_02,2025-02-01,2025-01-01,126.956,117.1364,106.393,46.2308,40.1366,18.642,95.831,2.0643,114.53815
FMISV2_0001623,RUBBER|NA|SUP_RB_02,RUBBER,NA,SUP_RB_02,2025-03-01,2025-02-01,125.8724,113.8069,109.605,46.5923,42.2164,19.592,96.006,2.5289,117.63602
FMISV2_0001624,RUBBER|NA|SUP_RB_02,RUBBER,NA,SUP_RB_02,2025-04-01,2025-03-01,125.8778,115.5665,109.0009,47.5916,47.7817,18.084,96.998,1.9361,116.45106
FMISV2_0001625,RUBBER|NA|SUP_RB_02,RUBBER,NA,SUP_RB_02,2025-05-01,2025-04-01,130.4023,108.1206,104.6311,48.8451,34.3671,19.366,95.812,2.4727,114.99806
FMISV2_0001626,RUBBER|NA|SUP_RB_02,RUBBER,NA,SUP_RB_02,2025-06-01,2025-05-01,131.4832,108.1694,107.5852,47.773,28.9754,17.762,97.091,2.619,111.75308
FMISV2_0001627,RUBBER|NA|SUP_RB_02,RUBBER,NA,SUP_RB_02,2025-07-01,2025-06-01,120.0944,108.2497,104.2614,49.3896,42.5897,19.747,94.808,3.4783,113.19067
FMISV2_0001628,RUBBER|NA|SUP_RB_02,RUBBER,NA,SUP_RB_02,2025-08-01,2025-07-01,125.0966,109.1851,106.5305,52.9039,39.7252,14.965,97.418,2.8799,112.17911
FMISV2_0001629,RUBBER|NA|SUP_RB_02,RUBBER,NA,SUP_RB_02,2025-09-01,2025-08-01,119.1498,102.1444,101.0231,51.1776,42.7608,17.367,94.163,2.9289,109.5588
FMISV2_0001630,RUBBER|NA|SUP_RB_02,RUBBER,NA,SUP_RB_02,2025-10-01,2025-09-01,121.2697,100.6346,102.5675,51.6835,48.0615,22.638,96.326,2.2587,108.46799
FMISV2_0001631,RUBBER|NA|SUP_RB_02,RUBBER,NA,SUP_RB_02,2025-11-01,2025-10-01,123.2357,110.9781,102.4144,53.3797,56.8966,17.969,93.215,2.3771,109.41738
FMISV2_0001632,RUBBER|NA|SUP_RB_02,RUBBER,NA,SUP_RB_02,2025-12-01,2025-11-01,126.6494,116.7064,101.2156,52.3006,43.2784,19.13,95.125,2.8798,109.93892
FMISV2_0001633,RUBBER|EU|SUP_RB_01,RUBBER,EU,SUP_RB_01,2018-01-01,2017-12-01,102.9351,106.2305,102.794,48.6363,56.1335,28.017,87.76,1.1437,101.17231
FMISV2_0001634,RUBBER|EU|SUP_RB_01,RUBBER,EU,SUP_RB_01,2018-02-01,2018-01-01,104.463,102.7035,103.7404,50.9948,41.8915,25.837,89.906,1.8241,102.76128
FMISV2_0001635,RUBBER|EU|SUP_RB_01,RUBBER,EU,SUP_RB_01,2018-03-01,2018-02-01,104.2012,103.5918,105.5808,49.4252,54.977,27.15,88.022,1.2062,103.94001
FMISV2_0001636,RUBBER|EU|SUP_RB_01,RUBBER,EU,SUP_RB_01,2018-04-01,2018-03-01,105.138,103.5876,106.4311,51.3662,47.1506,24.941,90.572,1.2691,104.53058
FMISV2_0001637,RUBBER|EU|SUP_RB_01,RUBBER,EU,SUP_RB_01,2018-05-01,2018-04-01,108.9989,107.7421,104.8595,51.5444,44.6762,32.902,89.918,1.6373,105.99909
FMISV2_0001638,RUBBER|EU|SUP_RB_01,RUBBER,EU,SUP_RB_01,2018-06-01,2018-05-01,103.0247,89.8612,103.6112,51.4006,42.9213,24.854,88.899,1.1931,104.68831
FMISV2_0001639,RUBBER|EU|SUP_RB_01,RUBBER,EU,SUP_RB_01,2018-07-01,2018-06-01,101.6263,97.8658,100.8588,50.5753,34.2305,24.005,89.692,1.4437,103.87957
FMISV2_0001640,RUBBER|EU|SUP_RB_01,RUBBER,EU,SUP_RB_01,2018-08-01,2018-07-01,95.1124,98.4985,101.6747,50.5688,36.0903,29.962,90.538,1.5197,100.96305
FMISV2_0001641,RUBBER|EU|SUP_RB_01,RUBBER,EU,SUP_RB_01,2018-09-01,2018-08-01,100.7065,95.9444,101.6933,48.5661,40.7119,24.841,89.55,1.6382,100.26977
FMISV2_0001642,RUBBER|EU|SUP_RB_01,RUBBER,EU,SUP_RB_01,2018-10-01,2018-09-01,102.8332,96.9808,100.2826,48.9839,43.0843,26.57,90.704,1.8101,100.36667
FMISV2_0001643,RUBBER|EU|SUP_RB_01,RUBBER,EU,SUP_RB_01,2018-11-01,2018-10-01,94.31,101.6977,102.7052,48.472,52.8899,30.487,88.931,1.011,99.47647
FMISV2_0001644,RUBBER|EU|SUP_RB_01,RUBBER,EU,SUP_RB_01,2018-12-01,2018-11-01,106.2305,103.9334,102.4709,46.8643,59.6302,28.543,89.793,1.4835,101.07355
FMISV2_0001645,RUBBER|EU|SUP_RB_01,RUBBER,EU,SUP_RB_01,2019-01-01,2018-12-01,104.4059,108.9392,105.3752,48.2305,39.572,33.067,88.725,1.4648,102.35869
FMISV2_0001646,RUBBER|EU|SUP_RB_01,RUBBER,EU,SUP_RB_01,2019-02-01,2019-01-01,104.8837,103.178,104.3734,46.8929,45.2941,25.602,88.319,1.8803,103.60664
FMISV2_0001647,RUBBER|EU|SUP_RB_01,RUBBER,EU,SUP_RB_01,2019-03-01,2019-02-01,109.3531,108.4711,104.6556,50.1918,48.6169,22.226,88.293,2.1545,105.25104
FMISV2_0001648,RUBBER|EU|SUP_RB_01,RUBBER,EU,SUP_RB_01,2019-04-01,2019-03-01,109.7496,102.3998,105.3819,49.2565,41.3393,26.436,90.008,1.4612,104.64064
FMISV2_0001649,RUBBER|EU|SUP_RB_01,RUBBER,EU,SUP_RB_01,2019-05-01,2019-04-01,110.2095,106.756,106.1848,49.2849,39.8617,26.916,89.135,1.6045,104.19018
FMISV2_0001650,RUBBER|EU|SUP_RB_01,RUBBER,EU,SUP_RB_01,2019-06-01,2019-05-01,108.2254,97.9224,105.7843,52.3753,47.4373,20.54,90.067,0.9112,105.53489
FMISV2_0001651,RUBBER|EU|SUP_RB_01,RUBBER,EU,SUP_RB_01,2019-07-01,2019-06-01,99.5688,94.3285,100.7949,51.466,38.0408,24.766,89.354,1.2124,103.61563
FMISV2_0001652,RUBBER|EU|SUP_RB_01,RUBBER,EU,SUP_RB_01,2019-08-01,2019-07-01,103.3714,94.6544,102.1359,50.7377,39.4323,27.68,90.56,1.5254,102.89163
FMISV2_0001653,RUBBER|EU|SUP_RB_01,RUBBER,EU,SUP_RB_01,2019-09-01,2019-08-01,98.0391,93.4916,100.9066,54.667,57.5192,30.009,90.871,1.2239,102.69005
FMISV2_0001654,RUBBER|EU|SUP_RB_01,RUBBER,EU,SUP_RB_01,2019-10-01,2019-09-01,102.989,103.6798,101.5174,53.6604,61.5225,27.839,89.796,1.7541,102.44464
FMISV2_0001655,RUBBER|EU|SUP_RB_01,RUBBER,EU,SUP_RB_01,2019-11-01,2019-10-01,102.0679,106.9712,102.9435,50.0924,51.0232,28.681,89.218,1.3443,104.75558
FMISV2_0001656,RUBBER|EU|SUP_RB_01,RUBBER,EU,SUP_RB_01,2019-12-01,2019-11-01,102.9959,112.5474,102.5459,51.9865,47.8538,27.432,90.225,1.2532,103.79554
FMISV2_0001657,RUBBER|EU|SUP_RB_01,RUBBER,EU,SUP_RB_01,2020-01-01,2019-12-01,110.1435,110.9353,105.5971,53.376,48.3364,26.757,90.296,1.7738,106.17561
FMISV2_0001658,RUBBER|EU|SUP_RB_01,RUBBER,EU,SUP_RB_01,2020-02-01,2020-01-01,115.7955,113.3031,104.6329,53.1077,49.9563,27.413,90.679,1.6397,107.26705
FMISV2_0001659,RUBBER|EU|SUP_RB_01,RUBBER,EU,SUP_RB_01,2020-03-01,2020-02-01,109.2858,112.4017,105.2086,51.2515,54.1833,29.224,90.485,1.8066,109.24123
FMISV2_0001660,RUBBER|EU|SUP_RB_01,RUBBER,EU,SUP_RB_01,2020-04-01,2020-03-01,110.9579,102.4057,106.1686,48.2291,44.104,28.818,89.792,1.7385,115.04987
FMISV2_0001661,RUBBER|EU|SUP_RB_01,RUBBER,EU,SUP_RB_01,2020-05-01,2020-04-01,109.7981,104.8867,106.6178,47.3081,33.3903,21.425,87.726,0.887,112.41431
FMISV2_0001662,RUBBER|EU|SUP_RB_01,RUBBER,EU,SUP_RB_01,2020-06-01,2020-05-01,117.5258,97.4377,105.4185,49.9225,40.85,22.78,91.199,1.5485,110.67525
FMISV2_0001663,RUBBER|EU|SUP_RB_01,RUBBER,EU,SUP_RB_01,2020-07-01,2020-06-01,103.2119,105.1801,104.481,47.1907,36.2782,26.008,88.869,2.0134,107.49246
FMISV2_0001664,RUBBER|EU|SUP_RB_01,RUBBER,EU,SUP_RB_01,2020-08-01,2020-07-01,104.6328,101.2908,103.2117,45.8148,35.0467,26.126,89.154,1.3685,105.88576
FMISV2_0001665,RUBBER|EU|SUP_RB_01,RUBBER,EU,SUP_RB_01,2020-09-01,2020-08-01,104.6045,93.7309,103.9079,45.0372,52.271,23.547,89.841,1.9452,103.84981
FMISV2_0001666,RUBBER|EU|SUP_RB_01,RUBBER,EU,SUP_RB_01,2020-10-01,2020-09-01,106.7902,105.8281,105.173,50.1332,42.8674,25.925,90.168,1.239,103.46342
FMISV2_0001667,RUBBER|EU|SUP_RB_01,RUBBER,EU,SUP_RB_01,2020-11-01,2020-10-01,103.5774,100.6185,103.1478,48.5166,49.1294,26.339,90.098,1.7289,103.79493
FMISV2_0001668,RUBBER|EU|SUP_RB_01,RUBBER,EU,SUP_RB_01,2020-12-01,2020-11-01,106.6203,106.4558,103.3378,49.6546,44.2504,26.521,89.466,1.7525,104.00339
FMISV2_0001669,RUBBER|EU|SUP_RB_01,RUBBER,EU,SUP_RB_01,2021-01-01,2020-12-01,109.3489,114.0991,104.2502,52.8361,53.2156,28.164,89.056,2.0634,105.44621
FMISV2_0001670,RUBBER|EU|SUP_RB_01,RUBBER,EU,SUP_RB_01,2021-02-01,2021-01-01,115.0235,104.2425,109.4267,51.3815,58.0388,26.996,89.288,1.6385,105.75617
FMISV2_0001671,RUBBER|EU|SUP_RB_01,RUBBER,EU,SUP_RB_01,2021-03-01,2021-02-01,111.9497,104.6707,107.6212,53.4874,39.5819,24.516,89.107,2.3364,106.93354
FMISV2_0001672,RUBBER|EU|SUP_RB_01,RUBBER,EU,SUP_RB_01,2021-04-01,2021-03-01,119.6959,108.6164,106.4682,53.3608,46.4441,24.169,88.668,1.5508,109.3149
FMISV2_0001673,RUBBER|EU|SUP_RB_01,RUBBER,EU,SUP_RB_01,2021-05-01,2021-04-01,112.7161,96.394,106.0473,53.6997,38.7841,22.248,89.213,1.3106,110.13605
FMISV2_0001674,RUBBER|EU|SUP_RB_01,RUBBER,EU,SUP_RB_01,2021-06-01,2021-05-01,115.5709,99.8472,105.7919,52.1906,35.5554,28.097,88.905,2.2195,108.57543
FMISV2_0001675,RUBBER|EU|SUP_RB_01,RUBBER,EU,SUP_RB_01,2021-07-01,2021-06-01,110.2152,96.8253,103.2733,51.9469,35.4923,25.221,88.899,1.5459,107.55836
FMISV2_0001676,RUBBER|EU|SUP_RB_01,RUBBER,EU,SUP_RB_01,2021-08-01,2021-07-01,110.1049,94.9334,102.0613,49.9846,35.6575,23.71,91.249,1.2699,106.35959
FMISV2_0001677,RUBBER|EU|SUP_RB_01,RUBBER,EU,SUP_RB_01,2021-09-01,2021-08-01,106.7397,107.617,104.793,50.4862,41.908,27.225,89.986,2.0889,106.52535
FMISV2_0001678,RUBBER|EU|SUP_RB_01,RUBBER,EU,SUP_RB_01,2021-10-01,2021-09-01,110.6796,103.1365,101.0746,51.3607,42.8419,30.212,91.251,1.8658,111.38105
FMISV2_0001679,RUBBER|EU|SUP_RB_01,RUBBER,EU,SUP_RB_01,2021-11-01,2021-10-01,115.1356,105.9621,103.0139,49.3118,54.4724,23.715,89.255,1.9831,111.21307
FMISV2_0001680,RUBBER|EU|SUP_RB_01,RUBBER,EU,SUP_RB_01,2021-12-01,2021-11-01,111.337,105.5673,105.6223,46.4528,55.7673,29.122,90.553,1.6242,112.25721
FMISV2_0001681,RUBBER|EU|SUP_RB_01,RUBBER,EU,SUP_RB_01,2022-01-01,2021-12-01,112.1994,123.5805,106.942,46.7115,48.5703,23.978,88.281,2.0095,114.65874
FMISV2_0001682,RUBBER|EU|SUP_RB_01,RUBBER,EU,SUP_RB_01,2022-02-01,2022-01-01,111.0395,108.0289,105.4393,46.3247,53.8425,31.34,91.066,2.4871,111.26183
FMISV2_0001683,RUBBER|EU|SUP_RB_01,RUBBER,EU,SUP_RB_01,2022-03-01,2022-02-01,117.252,112.121,105.8934,47.844,46.8625,26.43,91.172,1.9536,117.94449
FMISV2_0001684,RUBBER|EU|SUP_RB_01,RUBBER,EU,SUP_RB_01,2022-04-01,2022-03-01,121.0944,101.5237,106.888,48.0325,40.8477,27.467,90.905,2.4294,117.33543
FMISV2_0001685,RUBBER|EU|SUP_RB_01,RUBBER,EU,SUP_RB_01,2022-05-01,2022-04-01,114.3896,107.384,109.0499,46.61,52.7075,30.846,88.822,2.158,115.10275
FMISV2_0001686,RUBBER|EU|SUP_RB_01,RUBBER,EU,SUP_RB_01,2022-06-01,2022-05-01,113.7828,101.4587,101.9718,46.9302,38.2018,25.92,90.55,1.7328,113.91505
FMISV2_0001687,RUBBER|EU|SUP_RB_01,RUBBER,EU,SUP_RB_01,2022-07-01,2022-06-01,114.0836,102.0775,100.7957,51.5686,39.4617,29.731,89.99,2.1707,111.19012
FMISV2_0001688,RUBBER|EU|SUP_RB_01,RUBBER,EU,SUP_RB_01,2022-08-01,2022-07-01,117.7614,102.1247,102.5155,51.5157,40.2741,26.008,89.948,2.4755,111.18271
FMISV2_0001689,RUBBER|EU|SUP_RB_01,RUBBER,EU,SUP_RB_01,2022-09-01,2022-08-01,107.0092,95.0342,102.3921,51.8277,40.9866,23.376,88.808,2.4906,111.39105
FMISV2_0001690,RUBBER|EU|SUP_RB_01,RUBBER,EU,SUP_RB_01,2022-10-01,2022-09-01,112.5549,103.18,102.8225,52.9565,42.8768,26.847,92.121,2.2899,111.68654
FMISV2_0001691,RUBBER|EU|SUP_RB_01,RUBBER,EU,SUP_RB_01,2022-11-01,2022-10-01,112.6264,100.6801,103.8052,52.7293,52.0187,26.076,87.708,1.9507,112.10139
FMISV2_0001692,RUBBER|EU|SUP_RB_01,RUBBER,EU,SUP_RB_01,2022-12-01,2022-11-01,119.7558,102.1387,105.2306,51.9272,57.4425,27.924,90.057,1.8285,111.71143
FMISV2_0001693,RUBBER|EU|SUP_RB_01,RUBBER,EU,SUP_RB_01,2023-01-01,2022-12-01,116.6644,108.2256,105.9354,49.7243,58.1623,28.838,88.068,1.8994,114.23843
FMISV2_0001694,RUBBER|EU|SUP_RB_01,RUBBER,EU,SUP_RB_01,2023-02-01,2023-01-01,118.8731,114.9764,109.8009,50.5961,47.0902,26.122,89.877,1.8541,115.41756
FMISV2_0001695,RUBBER|EU|SUP_RB_01,RUBBER,EU,SUP_RB_01,2023-03-01,2023-02-01,122.1048,112.1693,107.8853,49.2389,34.0285,24.737,88.706,1.5488,115.51375
FMISV2_0001696,RUBBER|EU|SUP_RB_01,RUBBER,EU,SUP_RB_01,2023-04-01,2023-03-01,121.5099,111.6855,104.906,51.7497,38.5977,22.964,89.847,2.2245,115.83103
FMISV2_0001697,RUBBER|EU|SUP_RB_01,RUBBER,EU,SUP_RB_01,2023-05-01,2023-04-01,120.5085,107.1975,106.3709,48.0522,43.8878,27.232,91.058,1.505,117.50832
FMISV2_0001698,RUBBER|EU|SUP_RB_01,RUBBER,EU,SUP_RB_01,2023-06-01,2023-05-01,117.5433,107.3286,109.9981,46.8898,33.7447,23.025,88.711,2.2949,116.10207
FMISV2_0001699,RUBBER|EU|SUP_RB_01,RUBBER,EU,SUP_RB_01,2023-07-01,2023-06-01,120.1308,101.7859,107.4673,46.994,36.5958,28.034,91.641,1.6154,114.22679
FMISV2_0001700,RUBBER|EU|SUP_RB_01,RUBBER,EU,SUP_RB_01,2023-08-01,2023-07-01,116.5932,99.4298,103.3936,45.6769,45.0821,26.227,88.863,2.4911,110.21427
FMISV2_0001701,RUBBER|EU|SUP_RB_01,RUBBER,EU,SUP_RB_01,2023-09-01,2023-08-01,119.9535,102.9296,103.3906,47.7256,48.7099,26.694,86.581,2.6794,109.46475
FMISV2_0001702,RUBBER|EU|SUP_RB_01,RUBBER,EU,SUP_RB_01,2023-10-01,2023-09-01,117.4428,107.1494,103.5744,48.2576,48.8767,24.588,89.865,2.0843,110.3282
FMISV2_0001703,RUBBER|EU|SUP_RB_01,RUBBER,EU,SUP_RB_01,2023-11-01,2023-10-01,116.1112,97.4167,101.7829,47.0184,50.484,30.612,90.362,2.1039,110.36016
FMISV2_0001704,RUBBER|EU|SUP_RB_01,RUBBER,EU,SUP_RB_01,2023-12-01,2023-11-01,116.4076,105.556,108.4904,49.4617,51.8451,24.22,89.273,2.9102,113.9287
FMISV2_0001705,RUBBER|EU|SUP_RB_01,RUBBER,EU,SUP_RB_01,2024-01-01,2023-12-01,117.4845,115.6111,109.9964,50.6718,46.8861,22.861,90.501,2.0678,115.7113
FMISV2_0001706,RUBBER|EU|SUP_RB_01,RUBBER,EU,SUP_RB_01,2024-02-01,2024-01-01,117.8622,118.6903,107.539,53.9543,49.0509,25.058,88.375,2.5975,117.87508
FMISV2_0001707,RUBBER|EU|SUP_RB_01,RUBBER,EU,SUP_RB_01,2024-03-01,2024-02-01,127.4457,115.9259,108.095,51.2903,43.3594,23.288,91.444,1.3106,119.74475
FMISV2_0001708,RUBBER|EU|SUP_RB_01,RUBBER,EU,SUP_RB_01,2024-04-01,2024-03-01,128.731,115.0208,110.9602,52.6001,40.3482,23.127,91.632,2.0205,119.39189
FMISV2_0001709,RUBBER|EU|SUP_RB_01,RUBBER,EU,SUP_RB_01,2024-05-01,2024-04-01,124.2926,114.35,104.3277,54.2701,40.2109,28.216,89.338,1.6513,119.42589
FMISV2_0001710,RUBBER|EU|SUP_RB_01,RUBBER,EU,SUP_RB_01,2024-06-01,2024-05-01,119.1319,108.8524,110.4611,53.1257,30.6917,25.96,90.632,2.5235,118.9398
FMISV2_0001711,RUBBER|EU|SUP_RB_01,RUBBER,EU,SUP_RB_01,2024-07-01,2024-06-01,122.1279,102.1748,106.0746,53.1732,41.7271,23.351,90.843,2.5582,115.49645
FMISV2_0001712,RUBBER|EU|SUP_RB_01,RUBBER,EU,SUP_RB_01,2024-08-01,2024-07-01,121.4915,100.0442,104.7233,49.9254,43.1696,25.456,89.548,2.5366,115.56366
FMISV2_0001713,RUBBER|EU|SUP_RB_01,RUBBER,EU,SUP_RB_01,2024-09-01,2024-08-01,116.8088,106.9974,107.3115,51.7429,43.7449,24.431,88.674,1.9871,116.12325
FMISV2_0001714,RUBBER|EU|SUP_RB_01,RUBBER,EU,SUP_RB_01,2024-10-01,2024-09-01,120.5409,107.4528,106.521,50.1718,44.5531,29.521,90.122,1.9497,115.90253
FMISV2_0001715,RUBBER|EU|SUP_RB_01,RUBBER,EU,SUP_RB_01,2024-11-01,2024-10-01,121.8495,112.1516,107.1568,46.0944,62.486,25.344,90.758,2.244,116.11178
FMISV2_0001716,RUBBER|EU|SUP_RB_01,RUBBER,EU,SUP_RB_01,2024-12-01,2024-11-01,119.2886,110.8493,105.5674,47.805,56.3391,25.843,91.588,2.7626,117.60894
FMISV2_0001717,RUBBER|EU|SUP_RB_01,RUBBER,EU,SUP_RB_01,2025-01-01,2024-12-01,122.7039,115.5027,110.3809,48.0898,50.8256,25.726,90.939,2.8643,118.02426
FMISV2_0001718,RUBBER|EU|SUP_RB_01,RUBBER,EU,SUP_RB_01,2025-02-01,2025-01-01,126.956,117.1364,108.7125,46.2308,40.1366,23.757,88.519,2.5677,118.52186
FMISV2_0001719,RUBBER|EU|SUP_RB_01,RUBBER,EU,SUP_RB_01,2025-03-01,2025-02-01,125.8724,113.8069,109.8432,46.5923,42.2164,24.955,89.04,2.5933,119.54278
FMISV2_0001720,RUBBER|EU|SUP_RB_01,RUBBER,EU,SUP_RB_01,2025-04-01,2025-03-01,125.8778,115.5665,107.8689,47.5916,47.7817,32.352,87.578,1.983,121.63272
FMISV2_0001721,RUBBER|EU|SUP_RB_01,RUBBER,EU,SUP_RB_01,2025-05-01,2025-04-01,130.4023,108.1206,107.8746,48.8451,34.3671,22.342,88.769,2.9048,119.64247
FMISV2_0001722,RUBBER|EU|SUP_RB_01,RUBBER,EU,SUP_RB_01,2025-06-01,2025-05-01,131.4832,108.1694,108.5065,47.773,28.9754,28.21,88.086,2.3917,117.98704
FMISV2_0001723,RUBBER|EU|SUP_RB_01,RUBBER,EU,SUP_RB_01,2025-07-01,2025-06-01,120.0944,108.2497,107.1863,49.3896,42.5897,26.393,90.925,2.4116,117.33878
FMISV2_0001724,RUBBER|EU|SUP_RB_01,RUBBER,EU,SUP_RB_01,2025-08-01,2025-07-01,125.0966,109.1851,106.2045,52.9039,39.7252,23.532,90.39,3.3586,117.18008
FMISV2_0001725,RUBBER|EU|SUP_RB_01,RUBBER,EU,SUP_RB_01,2025-09-01,2025-08-01,119.1498,102.1444,105.8486,51.1776,42.7608,31.817,87.519,2.7283,117.17394
FMISV2_0001726,RUBBER|EU|SUP_RB_01,RUBBER,EU,SUP_RB_01,2025-10-01,2025-09-01,121.2697,100.6346,104.0455,51.6835,48.0615,22.317,90.637,2.1329,115.32292
FMISV2_0001727,RUBBER|EU|SUP_RB_01,RUBBER,EU,SUP_RB_01,2025-11-01,2025-10-01,123.2357,110.9781,106.9493,53.3797,56.8966,29.759,90.464,2.5756,116.0875
FMISV2_0001728,RUBBER|EU|SUP_RB_01,RUBBER,EU,SUP_RB_01,2025-12-01,2025-11-01,126.6494,116.7064,109.0786,52.3006,43.2784,25.926,89.436,2.9222,117.74491
FMISV2_0001729,RUBBER|EU|SUP_RB_02,RUBBER,EU,SUP_RB_02,2018-01-01,2017-12-01,102.9351,106.2305,104.6147,48.6363,56.1335,25.139,92.731,1.6502,100.07358
FMISV2_0001730,RUBBER|EU|SUP_RB_02,RUBBER,EU,SUP_RB_02,2018-02-01,2018-01-01,104.463,102.7035,102.0202,50.9948,41.8915,22.726,95.691,1.5876,102.58413
FMISV2_0001731,RUBBER|EU|SUP_RB_02,RUBBER,EU,SUP_RB_02,2018-03-01,2018-02-01,104.2012,103.5918,104.7022,49.4252,54.977,20.162,94.768,1.2459,103.60209
FMISV2_0001732,RUBBER|EU|SUP_RB_02,RUBBER,EU,SUP_RB_02,2018-04-01,2018-03-01,105.138,103.5876,105.3362,51.3662,47.1506,20.444,97.094,1.3352,103.3893
FMISV2_0001733,RUBBER|EU|SUP_RB_02,RUBBER,EU,SUP_RB_02,2018-05-01,2018-04-01,108.9989,107.7421,100.9801,51.5444,44.6762,19.919,94.455,1.0368,104.31841
FMISV2_0001734,RUBBER|EU|SUP_RB_02,RUBBER,EU,SUP_RB_02,2018-06-01,2018-05-01,103.0247,89.8612,99.924,51.4006,42.9213,20.758,94.464,0.8024,101.28481
FMISV2_0001735,RUBBER|EU|SUP_RB_02,RUBBER,EU,SUP_RB_02,2018-07-01,2018-06-01,101.6263,97.8658,101.6279,50.5753,34.2305,18.841,95.759,0.5336,98.55274
FMISV2_0001736,RUBBER|EU|SUP_RB_02,RUBBER,EU,SUP_RB_02,2018-08-01,2018-07-01,95.1124,98.4985,101.4401,50.5688,36.0903,19.7,94.057,1.1489,98.10708
FMISV2_0001737,RUBBER|EU|SUP_RB_02,RUBBER,EU,SUP_RB_02,2018-09-01,2018-08-01,100.7065,95.9444,98.8775,48.5661,40.7119,21.84,97.444,1.6568,96.73433
FMISV2_0001738,RUBBER|EU|SUP_RB_02,RUBBER,EU,SUP_RB_02,2018-10-01,2018-09-01,102.8332,96.9808,102.8019,48.9839,43.0843,23.579,96.245,1.2378,95.32053
FMISV2_0001739,RUBBER|EU|SUP_RB_02,RUBBER,EU,SUP_RB_02,2018-11-01,2018-10-01,94.31,101.6977,102.3241,48.472,52.8899,24.104,94.08,1.6248,97.47592
FMISV2_0001740,RUBBER|EU|SUP_RB_02,RUBBER,EU,SUP_RB_02,2018-12-01,2018-11-01,106.2305,103.9334,103.5582,46.8643,59.6302,25.932,98.755,1.6651,100.03486
FMISV2_0001741,RUBBER|EU|SUP_RB_02,RUBBER,EU,SUP_RB_02,2019-01-01,2018-12-01,104.4059,108.9392,103.812,48.2305,39.572,24.916,93.211,1.761,101.23651
FMISV2_0001742,RUBBER|EU|SUP_RB_02,RUBBER,EU,SUP_RB_02,2019-02-01,2019-01-01,104.8837,103.178,105.0529,46.8929,45.2941,23.28,94.892,1.7079,102.65399
FMISV2_0001743,RUBBER|EU|SUP_RB_02,RUBBER,EU,SUP_RB_02,2019-03-01,2019-02-01,109.3531,108.4711,105.2845,50.1918,48.6169,23.478,95.107,1.0785,104.8839
FMISV2_0001744,RUBBER|EU|SUP_RB_02,RUBBER,EU,SUP_RB_02,2019-04-01,2019-03-01,109.7496,102.3998,105.3057,49.2565,41.3393,17.022,96.086,1.9218,105.62167
FMISV2_0001745,RUBBER|EU|SUP_RB_02,RUBBER,EU,SUP_RB_02,2019-05-01,2019-04-01,110.2095,106.756,106.0716,49.2849,39.8617,17.762,96.133,1.5335,104.01499
FMISV2_0001746,RUBBER|EU|SUP_RB_02,RUBBER,EU,SUP_RB_02,2019-06-01,2019-05-01,108.2254,97.9224,103.1643,52.3753,47.4373,25.472,95.345,1.8331,103.75047
FMISV2_0001747,RUBBER|EU|SUP_RB_02,RUBBER,EU,SUP_RB_02,2019-07-01,2019-06-01,99.5688,94.3285,102.1066,51.466,38.0408,24.17,95.236,1.1779,100.16684
FMISV2_0001748,RUBBER|EU|SUP_RB_02,RUBBER,EU,SUP_RB_02,2019-08-01,2019-07-01,103.3714,94.6544,103.5735,50.7377,39.4323,23.659,96.219,1.1197,100.57339
FMISV2_0001749,RUBBER|EU|SUP_RB_02,RUBBER,EU,SUP_RB_02,2019-09-01,2019-08-01,98.0391,93.4916,100.5445,54.667,57.5192,21.933,95.613,1.434,99.34253
FMISV2_0001750,RUBBER|EU|SUP_RB_02,RUBBER,EU,SUP_RB_02,2019-10-01,2019-09-01,102.989,103.6798,101.4407,53.6604,61.5225,24.038,96.472,1.9461,99.87942
FMISV2_0001751,RUBBER|EU|SUP_RB_02,RUBBER,EU,SUP_RB_02,2019-11-01,2019-10-01,102.0679,106.9712,103.957,50.0924,51.0232,22.66,95.478,1.5362,102.39644
FMISV2_0001752,RUBBER|EU|SUP_RB_02,RUBBER,EU,SUP_RB_02,2019-12-01,2019-11-01,102.9959,112.5474,105.5177,51.9865,47.8538,20.429,94.851,1.4106,104.73399
FMISV2_0001753,RUBBER|EU|SUP_RB_02,RUBBER,EU,SUP_RB_02,2020-01-01,2019-12-01,110.1435,110.9353,106.9109,53.376,48.3364,22.394,96.93,1.447,108.1488
FMISV2_0001754,RUBBER|EU|SUP_RB_02,RUBBER,EU,SUP_RB_02,2020-02-01,2020-01-01,115.7955,113.3031,107.8318,53.1077,49.9563,23.162,95.736,1.3411,109.66316
FMISV2_0001755,RUBBER|EU|SUP_RB_02,RUBBER,EU,SUP_RB_02,2020-03-01,2020-02-01,109.2858,112.4017,104.5941,51.2515,54.1833,29.035,95.621,1.744,109.18914
FMISV2_0001756,RUBBER|EU|SUP_RB_02,RUBBER,EU,SUP_RB_02,2020-04-01,2020-03-01,110.9579,102.4057,107.7433,48.2291,44.104,22.485,93.035,1.6623,113.67207
FMISV2_0001757,RUBBER|EU|SUP_RB_02,RUBBER,EU,SUP_RB_02,2020-05-01,2020-04-01,109.7981,104.8867,104.5616,47.3081,33.3903,21.269,95.986,1.1593,111.4771
FMISV2_0001758,RUBBER|EU|SUP_RB_02,RUBBER,EU,SUP_RB_02,2020-06-01,2020-05-01,117.5258,97.4377,103.9183,49.9225,40.85,21.604,94.547,1.7581,108.81564
FMISV2_0001759,RUBBER|EU|SUP_RB_02,RUBBER,EU,SUP_RB_02,2020-07-01,2020-06-01,103.2119,105.1801,101.6731,47.1907,36.2782,21.539,93.953,1.7856,108.10423
FMISV2_0001760,RUBBER|EU|SUP_RB_02,RUBBER,EU,SUP_RB_02,2020-08-01,2020-07-01,104.6328,101.2908,102.9156,45.8148,35.0467,18.018,95.618,1.7499,104.24241
FMISV2_0001761,RUBBER|EU|SUP_RB_02,RUBBER,EU,SUP_RB_02,2020-09-01,2020-08-01,104.6045,93.7309,102.4701,45.0372,52.271,23.594,97.478,2.1113,103.38094
FMISV2_0001762,RUBBER|EU|SUP_RB_02,RUBBER,EU,SUP_RB_02,2020-10-01,2020-09-01,106.7902,105.8281,101.9118,50.1332,42.8674,23.866,95.592,1.7813,104.16014
FMISV2_0001763,RUBBER|EU|SUP_RB_02,RUBBER,EU,SUP_RB_02,2020-11-01,2020-10-01,103.5774,100.6185,106.1645,48.5166,49.1294,23.173,95.35,1.2401,104.56708
FMISV2_0001764,RUBBER|EU|SUP_RB_02,RUBBER,EU,SUP_RB_02,2020-12-01,2020-11-01,106.6203,106.4558,107.186,49.6546,44.2504,24.216,95.541,1.2112,105.34091
FMISV2_0001765,RUBBER|EU|SUP_RB_02,RUBBER,EU,SUP_RB_02,2021-01-01,2020-12-01,109.3489,114.0991,107.7357,52.8361,53.2156,22.74,96.744,1.5082,109.92801
FMISV2_0001766,RUBBER|EU|SUP_RB_02,RUBBER,EU,SUP_RB_02,2021-02-01,2021-01-01,115.0235,104.2425,104.8186,51.3815,58.0388,26.592,98.27,1.4464,111.77806
FMISV2_0001767,RUBBER|EU|SUP_RB_02,RUBBER,EU,SUP_RB_02,2021-03-01,2021-02-01,111.9497,104.6707,105.707,53.4874,39.5819,24.206,95.748,1.8237,113.65184
FMISV2_0001768,RUBBER|EU|SUP_RB_02,RUBBER,EU,SUP_RB_02,2021-04-01,2021-03-01,119.6959,108.6164,110.6936,53.3608,46.4441,23.139,95.355,1.5058,112.84241
FMISV2_0001769,RUBBER|EU|SUP_RB_02,RUBBER,EU,SUP_RB_02,2021-05-01,2021-04-01,112.7161,96.394,108.4411,53.6997,38.7841,24.645,94.769,1.3765,110.8262
FMISV2_0001770,RUBBER|EU|SUP_RB_02,RUBBER,EU,SUP_RB_02,2021-06-01,2021-05-01,115.5709,99.8472,105.2786,52.1906,35.5554,24.428,96.068,1.391,109.68348
FMISV2_0001771,RUBBER|EU|SUP_RB_02,RUBBER,EU,SUP_RB_02,2021-07-01,2021-06-01,110.2152,96.8253,105.3477,51.9469,35.4923,21.498,95.629,1.9375,106.42991
FMISV2_0001772,RUBBER|EU|SUP_RB_02,RUBBER,EU,SUP_RB_02,2021-08-01,2021-07-01,110.1049,94.9334,100.4571,49.9846,35.6575,23.132,94.424,2.0948,104.96478
FMISV2_0001773,RUBBER|EU|SUP_RB_02,RUBBER,EU,SUP_RB_02,2021-09-01,2021-08-01,106.7397,107.617,102.1898,50.4862,41.908,23.624,97.052,1.8874,105.77264
FMISV2_0001774,RUBBER|EU|SUP_RB_02,RUBBER,EU,SUP_RB_02,2021-10-01,2021-09-01,110.6796,103.1365,102.7147,51.3607,42.8419,21.937,94.256,2.0292,110.08339
FMISV2_0001775,RUBBER|EU|SUP_RB_02,RUBBER,EU,SUP_RB_02,2021-11-01,2021-10-01,115.1356,105.9621,104.7641,49.3118,54.4724,23.073,93.431,2.4463,110.36253
FMISV2_0001776,RUBBER|EU|SUP_RB_02,RUBBER,EU,SUP_RB_02,2021-12-01,2021-11-01,111.337,105.5673,107.1254,46.4528,55.7673,25.292,96.818,1.6752,111.71162
FMISV2_0001777,RUBBER|EU|SUP_RB_02,RUBBER,EU,SUP_RB_02,2022-01-01,2021-12-01,112.1994,123.5805,106.6148,46.7115,48.5703,19.943,94.478,2.2764,111.59049
FMISV2_0001778,RUBBER|EU|SUP_RB_02,RUBBER,EU,SUP_RB_02,2022-02-01,2022-01-01,111.0395,108.0289,104.8485,46.3247,53.8425,22.864,96.142,1.3759,112.47269
FMISV2_0001779,RUBBER|EU|SUP_RB_02,RUBBER,EU,SUP_RB_02,2022-03-01,2022-02-01,117.252,112.121,107.5754,47.844,46.8625,21.598,94.992,2.2991,119.77754
FMISV2_0001780,RUBBER|EU|SUP_RB_02,RUBBER,EU,SUP_RB_02,2022-04-01,2022-03-01,121.0944,101.5237,106.3043,48.0325,40.8477,27.407,93.072,1.4138,115.2835
FMISV2_0001781,RUBBER|EU|SUP_RB_02,RUBBER,EU,SUP_RB_02,2022-05-01,2022-04-01,114.3896,107.384,108.4203,46.61,52.7075,24.302,96.237,2.217,114.00829
FMISV2_0001782,RUBBER|EU|SUP_RB_02,RUBBER,EU,SUP_RB_02,2022-06-01,2022-05-01,113.7828,101.4587,106.4942,46.9302,38.2018,23.592,92.773,2.0886,111.23841
FMISV2_0001783,RUBBER|EU|SUP_RB_02,RUBBER,EU,SUP_RB_02,2022-07-01,2022-06-01,114.0836,102.0775,106.2606,51.5686,39.4617,24.562,95.526,1.8222,109.73808
FMISV2_0001784,RUBBER|EU|SUP_RB_02,RUBBER,EU,SUP_RB_02,2022-08-01,2022-07-01,117.7614,102.1247,101.5542,51.5157,40.2741,27.478,92.761,2.5317,109.05702
FMISV2_0001785,RUBBER|EU|SUP_RB_02,RUBBER,EU,SUP_RB_02,2022-09-01,2022-08-01,107.0092,95.0342,100.8165,51.8277,40.9866,15.575,96.719,2.4941,107.70001
FMISV2_0001786,RUBBER|EU|SUP_RB_02,RUBBER,EU,SUP_RB_02,2022-10-01,2022-09-01,112.5549,103.18,104.4838,52.9565,42.8768,18.655,92.414,2.2372,108.51933
FMISV2_0001787,RUBBER|EU|SUP_RB_02,RUBBER,EU,SUP_RB_02,2022-11-01,2022-10-01,112.6264,100.6801,107.9325,52.7293,52.0187,18.998,95.866,2.0216,109.90626
FMISV2_0001788,RUBBER|EU|SUP_RB_02,RUBBER,EU,SUP_RB_02,2022-12-01,2022-11-01,119.7558,102.1387,105.1674,51.9272,57.4425,21.589,94.512,2.1466,110.29404
FMISV2_0001789,RUBBER|EU|SUP_RB_02,RUBBER,EU,SUP_RB_02,2023-01-01,2022-12-01,116.6644,108.2256,107.1666,49.7243,58.1623,18.934,95.293,1.9978,108.92581
FMISV2_0001790,RUBBER|EU|SUP_RB_02,RUBBER,EU,SUP_RB_02,2023-02-01,2023-01-01,118.8731,114.9764,105.6973,50.5961,47.0902,26.83,95.52,2.2888,111.25865
FMISV2_0001791,RUBBER|EU|SUP_RB_02,RUBBER,EU,SUP_RB_02,2023-03-01,2023-02-01,122.1048,112.1693,104.3988,49.2389,34.0285,25.505,94.788,2.4203,112.5497
FMISV2_0001792,RUBBER|EU|SUP_RB_02,RUBBER,EU,SUP_RB_02,2023-04-01,2023-03-01,121.5099,111.6855,106.0061,51.7497,38.5977,17.61,95.578,2.6559,113.44307
FMISV2_0001793,RUBBER|EU|SUP_RB_02,RUBBER,EU,SUP_RB_02,2023-05-01,2023-04-01,120.5085,107.1975,104.0892,48.0522,43.8878,20.885,94.755,2.5242,113.2388
FMISV2_0001794,RUBBER|EU|SUP_RB_02,RUBBER,EU,SUP_RB_02,2023-06-01,2023-05-01,117.5433,107.3286,104.5342,46.8898,33.7447,23.427,96.01,2.3904,111.8474
FMISV2_0001795,RUBBER|EU|SUP_RB_02,RUBBER,EU,SUP_RB_02,2023-07-01,2023-06-01,120.1308,101.7859,107.1861,46.994,36.5958,22.477,95.82,2.2186,113.35821
FMISV2_0001796,RUBBER|EU|SUP_RB_02,RUBBER,EU,SUP_RB_02,2023-08-01,2023-07-01,116.5932,99.4298,103.9514,45.6769,45.0821,23.119,93.76,2.6326,109.42901
FMISV2_0001797,RUBBER|EU|SUP_RB_02,RUBBER,EU,SUP_RB_02,2023-09-01,2023-08-01,119.9535,102.9296,104.3993,47.7256,48.7099,21.553,96.62,2.066,108.38225
FMISV2_0001798,RUBBER|EU|SUP_RB_02,RUBBER,EU,SUP_RB_02,2023-10-01,2023-09-01,117.4428,107.1494,106.2442,48.2576,48.8767,20.784,96.165,2.5244,110.13414
FMISV2_0001799,RUBBER|EU|SUP_RB_02,RUBBER,EU,SUP_RB_02,2023-11-01,2023-10-01,116.1112,97.4167,105.3378,47.0184,50.484,25.943,94.266,2.4066,109.68753
FMISV2_0001800,RUBBER|EU|SUP_RB_02,RUBBER,EU,SUP_RB_02,2023-12-01,2023-11-01,116.4076,105.556,105.6309,49.4617,51.8451,24.307,94.88,1.7537,112.2685
FMISV2_0001801,RUBBER|EU|SUP_RB_02,RUBBER,EU,SUP_RB_02,2024-01-01,2023-12-01,117.4845,115.6111,110.429,50.6718,46.8861,22.069,97.319,2.394,113.9017
FMISV2_0001802,RUBBER|EU|SUP_RB_02,RUBBER,EU,SUP_RB_02,2024-02-01,2024-01-01,117.8622,118.6903,107.0284,53.9543,49.0509,26.445,94.785,2.2398,115.77593
FMISV2_0001803,RUBBER|EU|SUP_RB_02,RUBBER,EU,SUP_RB_02,2024-03-01,2024-02-01,127.4457,115.9259,109.1078,51.2903,43.3594,18.694,95.317,2.3287,116.89191
FMISV2_0001804,RUBBER|EU|SUP_RB_02,RUBBER,EU,SUP_RB_02,2024-04-01,2024-03-01,128.731,115.0208,107.3952,52.6001,40.3482,25.269,95.026,2.8416,117.85257
FMISV2_0001805,RUBBER|EU|SUP_RB_02,RUBBER,EU,SUP_RB_02,2024-05-01,2024-04-01,124.2926,114.35,106.1912,54.2701,40.2109,20.9,94.763,2.5689,118.30489
FMISV2_0001806,RUBBER|EU|SUP_RB_02,RUBBER,EU,SUP_RB_02,2024-06-01,2024-05-01,119.1319,108.8524,104.8976,53.1257,30.6917,25.691,94.212,2.1778,119.27224
FMISV2_0001807,RUBBER|EU|SUP_RB_02,RUBBER,EU,SUP_RB_02,2024-07-01,2024-06-01,122.1279,102.1748,107.9576,53.1732,41.7271,22.419,95.463,2.3131,117.27448
FMISV2_0001808,RUBBER|EU|SUP_RB_02,RUBBER,EU,SUP_RB_02,2024-08-01,2024-07-01,121.4915,100.0442,104.1689,49.9254,43.1696,20.001,96.333,1.8036,113.53849
FMISV2_0001809,RUBBER|EU|SUP_RB_02,RUBBER,EU,SUP_RB_02,2024-09-01,2024-08-01,116.8088,106.9974,104.2102,51.7429,43.7449,20.504,96.664,2.2176,113.638
FMISV2_0001810,RUBBER|EU|SUP_RB_02,RUBBER,EU,SUP_RB_02,2024-10-01,2024-09-01,120.5409,107.4528,105.0173,50.1718,44.5531,25.156,96.02,2.7898,114.10686
FMISV2_0001811,RUBBER|EU|SUP_RB_02,RUBBER,EU,SUP_RB_02,2024-11-01,2024-10-01,121.8495,112.1516,109.8197,46.0944,62.486,25.263,94.341,2.4738,114.3983
FMISV2_0001812,RUBBER|EU|SUP_RB_02,RUBBER,EU,SUP_RB_02,2024-12-01,2024-11-01,119.2886,110.8493,104.3306,47.805,56.3391,25.59,96.199,2.1922,116.24237
FMISV2_0001813,RUBBER|EU|SUP_RB_02,RUBBER,EU,SUP_RB_02,2025-01-01,2024-12-01,122.7039,115.5027,108.1207,48.0898,50.8256,24.318,96.584,2.9842,117.07966
FMISV2_0001814,RUBBER|EU|SUP_RB_02,RUBBER,EU,SUP_RB_02,2025-02-01,2025-01-01,126.956,117.1364,108.0263,46.2308,40.1366,21.172,93.877,1.9802,117.47373
FMISV2_0001815,RUBBER|EU|SUP_RB_02,RUBBER,EU,SUP_RB_02,2025-03-01,2025-02-01,125.8724,113.8069,110.1819,46.5923,42.2164,21.538,96.75,3.2016,119.4629
FMISV2_0001816,RUBBER|EU|SUP_RB_02,RUBBER,EU,SUP_RB_02,2025-04-01,2025-03-01,125.8778,115.5665,107.6893,47.5916,47.7817,22.637,94.16,2.591,118.04336
FMISV2_0001817,RUBBER|EU|SUP_RB_02,RUBBER,EU,SUP_RB_02,2025-05-01,2025-04-01,130.4023,108.1206,107.852,48.8451,34.3671,20.786,93.694,2.4282,118.12263
FMISV2_0001818,RUBBER|EU|SUP_RB_02,RUBBER,EU,SUP_RB_02,2025-06-01,2025-05-01,131.4832,108.1694,108.9235,47.773,28.9754,20.221,96.289,2.1748,116.18799
FMISV2_0001819,RUBBER|EU|SUP_RB_02,RUBBER,EU,SUP_RB_02,2025-07-01,2025-06-01,120.0944,108.2497,106.1235,49.3896,42.5897,25.74,95.639,2.1012,115.38154
FMISV2_0001820,RUBBER|EU|SUP_RB_02,RUBBER,EU,SUP_RB_02,2025-08-01,2025-07-01,125.0966,109.1851,105.5921,52.9039,39.7252,23.455,96.757,2.1571,114.42673
FMISV2_0001821,RUBBER|EU|SUP_RB_02,RUBBER,EU,SUP_RB_02,2025-09-01,2025-08-01,119.1498,102.1444,104.9442,51.1776,42.7608,27.574,97.224,2.892,114.36539
FMISV2_0001822,RUBBER|EU|SUP_RB_02,RUBBER,EU,SUP_RB_02,2025-10-01,2025-09-01,121.2697,100.6346,103.2308,51.6835,48.0615,23.5,97.061,2.4892,112.38425
FMISV2_0001823,RUBBER|EU|SUP_RB_02,RUBBER,EU,SUP_RB_02,2025-11-01,2025-10-01,123.2357,110.9781,108.5569,53.3797,56.8966,23.216,97.02,2.5943,114.49754
FMISV2_0001824,RUBBER|EU|SUP_RB_02,RUBBER,EU,SUP_RB_02,2025-12-01,2025-11-01,126.6494,116.7064,107.3882,52.3006,43.2784,19.803,95.082,2.2922,115.97312
FMISV2_0001825,RUBBER|APAC|SUP_RB_01,RUBBER,APAC,SUP_RB_01,2018-01-01,2017-12-01,102.9351,106.2305,101.4124,48.6363,56.1335,23.99,90.734,0.9721,93.83176
FMISV2_0001826,RUBBER|APAC|SUP_RB_01,RUBBER,APAC,SUP_RB_01,2018-02-01,2018-01-01,104.463,102.7035,100.5765,50.9948,41.8915,24.851,90.052,1.1618,94.2959
FMISV2_0001827,RUBBER|APAC|SUP_RB_01,RUBBER,APAC,SUP_RB_01,2018-03-01,2018-02-01,104.2012,103.5918,99.1696,49.4252,54.977,32.957,90.299,1.7255,92.39649
FMISV2_0001828,RUBBER|APAC|SUP_RB_01,RUBBER,APAC,SUP_RB_01,2018-04-01,2018-03-01,105.138,103.5876,99.9051,51.3662,47.1506,28.612,90.01,1.3095,91.58726
FMISV2_0001829,RUBBER|APAC|SUP_RB_01,RUBBER,APAC,SUP_RB_01,2018-05-01,2018-04-01,108.9989,107.7421,96.4792,51.5444,44.6762,26.832,89.052,1.388,94.17768
FMISV2_0001830,RUBBER|APAC|SUP_RB_01,RUBBER,APAC,SUP_RB_01,2018-06-01,2018-05-01,103.0247,89.8612,94.5372,51.4006,42.9213,28.975,87.822,2.0287,94.1654
FMISV2_0001831,RUBBER|APAC|SUP_RB_01,RUBBER,APAC,SUP_RB_01,2018-07-01,2018-06-01,101.6263,97.8658,93.9557,50.5753,34.2305,28.277,91.068,1.3193,92.99915
FMISV2_0001832,RUBBER|APAC|SUP_RB_01,RUBBER,APAC,SUP_RB_01,2018-08-01,2018-07-01,95.1124,98.4985,95.9649,50.5688,36.0903,26.34,91.882,0.6373,91.32728
FMISV2_0001833,RUBBER|APAC|SUP_RB_01,RUBBER,APAC,SUP_RB_01,2018-09-01,2018-08-01,100.7065,95.9444,97.51,48.5661,40.7119,28.791,89.762,1.5549,91.01001
FMISV2_0001834,RUBBER|APAC|SUP_RB_01,RUBBER,APAC,SUP_RB_01,2018-10-01,2018-09-01,102.8332,96.9808,95.4032,48.9839,43.0843,27.869,91.942,1.1915,90.56257
FMISV2_0001835,RUBBER|APAC|SUP_RB_01,RUBBER,APAC,SUP_RB_01,2018-11-01,2018-10-01,94.31,101.6977,100.7752,48.472,52.8899,29.648,90.027,0.8535,90.71835
FMISV2_0001836,RUBBER|APAC|SUP_RB_01,RUBBER,APAC,SUP_RB_01,2018-12-01,2018-11-01,106.2305,103.9334,100.5662,46.8643,59.6302,30.112,91.562,1.4823,88.052
FMISV2_0001837,RUBBER|APAC|SUP_RB_01,RUBBER,APAC,SUP_RB_01,2019-01-01,2018-12-01,104.4059,108.9392,100.5356,48.2305,39.572,25.949,90.455,1.3828,92.05835
FMISV2_0001838,RUBBER|APAC|SUP_RB_01,RUBBER,APAC,SUP_RB_01,2019-02-01,2019-01-01,104.8837,103.178,101.164,46.8929,45.2941,30.681,88.841,1.7576,92.92275
FMISV2_0001839,RUBBER|APAC|SUP_RB_01,RUBBER,APAC,SUP_RB_01,2019-03-01,2019-02-01,109.3531,108.4711,102.6796,50.1918,48.6169,27.481,90.561,1.1875,94.33151
FMISV2_0001840,RUBBER|APAC|SUP_RB_01,RUBBER,APAC,SUP_RB_01,2019-04-01,2019-03-01,109.7496,102.3998,104.9211,49.2565,41.3393,30.168,90.396,1.4449,97.81762
FMISV2_0001841,RUBBER|APAC|SUP_RB_01,RUBBER,APAC,SUP_RB_01,2019-05-01,2019-04-01,110.2095,106.756,96.7065,49.2849,39.8617,26.279,88.778,1.6414,98.14301
FMISV2_0001842,RUBBER|APAC|SUP_RB_01,RUBBER,APAC,SUP_RB_01,2019-06-01,2019-05-01,108.2254,97.9224,94.541,52.3753,47.4373,25.416,88.313,1.9459,97.85907
FMISV2_0001843,RUBBER|APAC|SUP_RB_01,RUBBER,APAC,SUP_RB_01,2019-07-01,2019-06-01,99.5688,94.3285,95.5199,51.466,38.0408,27.204,88.247,1.8884,97.65392
FMISV2_0001844,RUBBER|APAC|SUP_RB_01,RUBBER,APAC,SUP_RB_01,2019-08-01,2019-07-01,103.3714,94.6544,98.2807,50.7377,39.4323,24.402,88.734,1.2076,96.87539
FMISV2_0001845,RUBBER|APAC|SUP_RB_01,RUBBER,APAC,SUP_RB_01,2019-09-01,2019-08-01,98.0391,93.4916,95.1682,54.667,57.5192,33.055,89.372,1.6371,95.7476
FMISV2_0001846,RUBBER|APAC|SUP_RB_01,RUBBER,APAC,SUP_RB_01,2019-10-01,2019-09-01,102.989,103.6798,98.4642,53.6604,61.5225,32.274,90.349,1.3876,96.17962
FMISV2_0001847,RUBBER|APAC|SUP_RB_01,RUBBER,APAC,SUP_RB_01,2019-11-01,2019-10-01,102.0679,106.9712,99.3708,50.0924,51.0232,28.548,92.821,1.4057,95.38831
FMISV2_0001848,RUBBER|APAC|SUP_RB_01,RUBBER,APAC,SUP_RB_01,2019-12-01,2019-11-01,102.9959,112.5474,100.5025,51.9865,47.8538,28.5,87.412,1.5933,97.34666
FMISV2_0001849,RUBBER|APAC|SUP_RB_01,RUBBER,APAC,SUP_RB_01,2020-01-01,2019-12-01,110.1435,110.9353,104.6,53.376,48.3364,30.59,88.229,1.6158,97.15789
FMISV2_0001850,RUBBER|APAC|SUP_RB_01,RUBBER,APAC,SUP_RB_01,2020-02-01,2020-01-01,115.7955,113.3031,100.3678,53.1077,49.9563,29.854,89.907,1.6706,100.58872
FMISV2_0001851,RUBBER|APAC|SUP_RB_01,RUBBER,APAC,SUP_RB_01,2020-03-01,2020-02-01,109.2858,112.4017,100.9951,51.2515,54.1833,29.539,90.579,1.1322,102.13901
FMISV2_0001852,RUBBER|APAC|SUP_RB_01,RUBBER,APAC,SUP_RB_01,2020-04-01,2020-03-01,110.9579,102.4057,102.0328,48.2291,44.104,32.105,89.546,1.1162,106.9008
FMISV2_0001853,RUBBER|APAC|SUP_RB_01,RUBBER,APAC,SUP_RB_01,2020-05-01,2020-04-01,109.7981,104.8867,99.8183,47.3081,33.3903,26.47,89.614,1.5102,105.15015
FMISV2_0001854,RUBBER|APAC|SUP_RB_01,RUBBER,APAC,SUP_RB_01,2020-06-01,2020-05-01,117.5258,97.4377,98.478,49.9225,40.85,27.068,91.575,1.3715,104.1573
FMISV2_0001855,RUBBER|APAC|SUP_RB_01,RUBBER,APAC,SUP_RB_01,2020-07-01,2020-06-01,103.2119,105.1801,98.4938,47.1907,36.2782,27.943,90.362,1.7361,102.48701
FMISV2_0001856,RUBBER|APAC|SUP_RB_01,RUBBER,APAC,SUP_RB_01,2020-08-01,2020-07-01,104.6328,101.2908,95.6468,45.8148,35.0467,28.38,88.129,1.4213,99.15726
FMISV2_0001857,RUBBER|APAC|SUP_RB_01,RUBBER,APAC,SUP_RB_01,2020-09-01,2020-08-01,104.6045,93.7309,95.0999,45.0372,52.271,29.595,91.27,1.5561,96.97413
FMISV2_0001858,RUBBER|APAC|SUP_RB_01,RUBBER,APAC,SUP_RB_01,2020-10-01,2020-09-01,106.7902,105.8281,96.7152,50.1332,42.8674,26.127,90.095,1.727,97.38159
FMISV2_0001859,RUBBER|APAC|SUP_RB_01,RUBBER,APAC,SUP_RB_01,2020-11-01,2020-10-01,103.5774,100.6185,100.1345,48.5166,49.1294,30.177,88.546,1.1678,98.41783
FMISV2_0001860,RUBBER|APAC|SUP_RB_01,RUBBER,APAC,SUP_RB_01,2020-12-01,2020-11-01,106.6203,106.4558,102.3008,49.6546,44.2504,24.795,91.293,1.7718,99.06688
FMISV2_0001861,RUBBER|APAC|SUP_RB_01,RUBBER,APAC,SUP_RB_01,2021-01-01,2020-12-01,109.3489,114.0991,102.3501,52.8361,53.2156,27.845,89.876,1.7953,99.29712
FMISV2_0001862,RUBBER|APAC|SUP_RB_01,RUBBER,APAC,SUP_RB_01,2021-02-01,2021-01-01,115.0235,104.2425,99.7231,51.3815,58.0388,26.606,89.18,1.8009,99.7899
FMISV2_0001863,RUBBER|APAC|SUP_RB_01,RUBBER,APAC,SUP_RB_01,2021-03-01,2021-02-01,111.9497,104.6707,101.9786,53.4874,39.5819,29.014,90.513,1.4682,100.91702
FMISV2_0001864,RUBBER|APAC|SUP_RB_01,RUBBER,APAC,SUP_RB_01,2021-04-01,2021-03-01,119.6959,108.6164,102.2676,53.3608,46.4441,33.137,91.616,1.8881,100.99555
FMISV2_0001865,RUBBER|APAC|SUP_RB_01,RUBBER,APAC,SUP_RB_01,2021-05-01,2021-04-01,112.7161,96.394,101.0474,53.6997,38.7841,27.223,87.946,1.6935,100.59202
FMISV2_0001866,RUBBER|APAC|SUP_RB_01,RUBBER,APAC,SUP_RB_01,2021-06-01,2021-05-01,115.5709,99.8472,98.7647,52.1906,35.5554,28.416,88.594,1.599,100.19395
FMISV2_0001867,RUBBER|APAC|SUP_RB_01,RUBBER,APAC,SUP_RB_01,2021-07-01,2021-06-01,110.2152,96.8253,98.6079,51.9469,35.4923,30.691,90.869,1.6041,98.49928
FMISV2_0001868,RUBBER|APAC|SUP_RB_01,RUBBER,APAC,SUP_RB_01,2021-08-01,2021-07-01,110.1049,94.9334,99.4505,49.9846,35.6575,25.774,90.271,2.1163,96.31526
FMISV2_0001869,RUBBER|APAC|SUP_RB_01,RUBBER,APAC,SUP_RB_01,2021-09-01,2021-08-01,106.7397,107.617,97.1761,50.4862,41.908,24.733,90.315,1.692,98.65227
FMISV2_0001870,RUBBER|APAC|SUP_RB_01,RUBBER,APAC,SUP_RB_01,2021-10-01,2021-09-01,110.6796,103.1365,99.1544,51.3607,42.8419,31.06,91.48,1.1401,103.14973
FMISV2_0001871,RUBBER|APAC|SUP_RB_01,RUBBER,APAC,SUP_RB_01,2021-11-01,2021-10-01,115.1356,105.9621,98.9014,49.3118,54.4724,31.568,88.479,2.5573,104.80149
FMISV2_0001872,RUBBER|APAC|SUP_RB_01,RUBBER,APAC,SUP_RB_01,2021-12-01,2021-11-01,111.337,105.5673,101.9412,46.4528,55.7673,27.175,89.586,1.3441,105.83315
FMISV2_0001873,RUBBER|APAC|SUP_RB_01,RUBBER,APAC,SUP_RB_01,2022-01-01,2021-12-01,112.1994,123.5805,101.6078,46.7115,48.5703,30.739,89.667,2.2448,106.78196
FMISV2_0001874,RUBBER|APAC|SUP_RB_01,RUBBER,APAC,SUP_RB_01,2022-02-01,2022-01-01,111.0395,108.0289,105.0315,46.3247,53.8425,23.393,90.645,1.714,106.19399
FMISV2_0001875,RUBBER|APAC|SUP_RB_01,RUBBER,APAC,SUP_RB_01,2022-03-01,2022-02-01,117.252,112.121,104.6491,47.844,46.8625,28.519,91.007,2.0205,112.22843
FMISV2_0001876,RUBBER|APAC|SUP_RB_01,RUBBER,APAC,SUP_RB_01,2022-04-01,2022-03-01,121.0944,101.5237,98.9937,48.0325,40.8477,27.082,90.201,1.8859,109.68613
FMISV2_0001877,RUBBER|APAC|SUP_RB_01,RUBBER,APAC,SUP_RB_01,2022-05-01,2022-04-01,114.3896,107.384,102.0483,46.61,52.7075,29.839,90.732,2.001,108.87302
FMISV2_0001878,RUBBER|APAC|SUP_RB_01,RUBBER,APAC,SUP_RB_01,2022-06-01,2022-05-01,113.7828,101.4587,98.7545,46.9302,38.2018,24.147,92.841,2.5309,104.27011
FMISV2_0001879,RUBBER|APAC|SUP_RB_01,RUBBER,APAC,SUP_RB_01,2022-07-01,2022-06-01,114.0836,102.0775,99.2544,51.5686,39.4617,29.93,88.388,1.6302,102.11342
FMISV2_0001880,RUBBER|APAC|SUP_RB_01,RUBBER,APAC,SUP_RB_01,2022-08-01,2022-07-01,117.7614,102.1247,97.1973,51.5157,40.2741,29.457,89.86,1.2181,102.2656
FMISV2_0001881,RUBBER|APAC|SUP_RB_01,RUBBER,APAC,SUP_RB_01,2022-09-01,2022-08-01,107.0092,95.0342,100.1307,51.8277,40.9866,22.866,90.891,2.0021,99.25174
FMISV2_0001882,RUBBER|APAC|SUP_RB_01,RUBBER,APAC,SUP_RB_01,2022-10-01,2022-09-01,112.5549,103.18,96.869,52.9565,42.8768,29.42,91.091,1.3868,98.39982
FMISV2_0001883,RUBBER|APAC|SUP_RB_01,RUBBER,APAC,SUP_RB_01,2022-11-01,2022-10-01,112.6264,100.6801,101.1452,52.7293,52.0187,29.425,88.939,2.0046,96.94722
FMISV2_0001884,RUBBER|APAC|SUP_RB_01,RUBBER,APAC,SUP_RB_01,2022-12-01,2022-11-01,119.7558,102.1387,101.0029,51.9272,57.4425,27.555,90.75,1.9129,100.34829
FMISV2_0001885,RUBBER|APAC|SUP_RB_01,RUBBER,APAC,SUP_RB_01,2023-01-01,2022-12-01,116.6644,108.2256,102.3447,49.7243,58.1623,31.215,91.466,2.265,102.71659
FMISV2_0001886,RUBBER|APAC|SUP_RB_01,RUBBER,APAC,SUP_RB_01,2023-02-01,2023-01-01,118.8731,114.9764,102.4409,50.5961,47.0902,24.324,90.579,2.6483,107.08694
FMISV2_0001887,RUBBER|APAC|SUP_RB_01,RUBBER,APAC,SUP_RB_01,2023-03-01,2023-02-01,122.1048,112.1693,101.6468,49.2389,34.0285,28.225,90.372,2.4713,108.08774
FMISV2_0001888,RUBBER|APAC|SUP_RB_01,RUBBER,APAC,SUP_RB_01,2023-04-01,2023-03-01,121.5099,111.6855,102.505,51.7497,38.5977,29.106,89.847,1.9462,108.31459
FMISV2_0001889,RUBBER|APAC|SUP_RB_01,RUBBER,APAC,SUP_RB_01,2023-05-01,2023-04-01,120.5085,107.1975,103.0638,48.0522,43.8878,28.405,90.575,2.2037,108.98869
FMISV2_0001890,RUBBER|APAC|SUP_RB_01,RUBBER,APAC,SUP_RB_01,2023-06-01,2023-05-01,117.5433,107.3286,100.6382,46.8898,33.7447,27.79,89.446,2.3459,106.1386
FMISV2_0001891,RUBBER|APAC|SUP_RB_01,RUBBER,APAC,SUP_RB_01,2023-07-01,2023-06-01,120.1308,101.7859,102.0517,46.994,36.5958,30.962,87.959,2.0891,104.64644
FMISV2_0001892,RUBBER|APAC|SUP_RB_01,RUBBER,APAC,SUP_RB_01,2023-08-01,2023-07-01,116.5932,99.4298,98.4581,45.6769,45.0821,28.0,90.303,2.053,103.21512
FMISV2_0001893,RUBBER|APAC|SUP_RB_01,RUBBER,APAC,SUP_RB_01,2023-09-01,2023-08-01,119.9535,102.9296,96.7058,47.7256,48.7099,27.768,90.731,1.6104,101.87919
FMISV2_0001894,RUBBER|APAC|SUP_RB_01,RUBBER,APAC,SUP_RB_01,2023-10-01,2023-09-01,117.4428,107.1494,99.3262,48.2576,48.8767,29.633,91.017,1.9711,102.73946
FMISV2_0001895,RUBBER|APAC|SUP_RB_01,RUBBER,APAC,SUP_RB_01,2023-11-01,2023-10-01,116.1112,97.4167,101.8547,47.0184,50.484,30.482,89.706,2.2981,103.0021
FMISV2_0001896,RUBBER|APAC|SUP_RB_01,RUBBER,APAC,SUP_RB_01,2023-12-01,2023-11-01,116.4076,105.556,104.6493,49.4617,51.8451,30.526,87.662,2.1118,104.8473
FMISV2_0001897,RUBBER|APAC|SUP_RB_01,RUBBER,APAC,SUP_RB_01,2024-01-01,2023-12-01,117.4845,115.6111,104.1951,50.6718,46.8861,31.076,88.281,2.2418,109.19622
FMISV2_0001898,RUBBER|APAC|SUP_RB_01,RUBBER,APAC,SUP_RB_01,2024-02-01,2024-01-01,117.8622,118.6903,102.3208,53.9543,49.0509,28.785,88.855,1.7264,110.00504
FMISV2_0001899,RUBBER|APAC|SUP_RB_01,RUBBER,APAC,SUP_RB_01,2024-03-01,2024-02-01,127.4457,115.9259,104.5798,51.2903,43.3594,27.884,89.297,2.4001,111.24786
FMISV2_0001900,RUBBER|APAC|SUP_RB_01,RUBBER,APAC,SUP_RB_01,2024-04-01,2024-03-01,128.731,115.0208,104.9525,52.6001,40.3482,29.319,89.911,2.313,111.68266
FMISV2_0001901,RUBBER|APAC|SUP_RB_01,RUBBER,APAC,SUP_RB_01,2024-05-01,2024-04-01,124.2926,114.35,102.3939,54.2701,40.2109,27.537,89.921,1.6696,111.66641
FMISV2_0001902,RUBBER|APAC|SUP_RB_01,RUBBER,APAC,SUP_RB_01,2024-06-01,2024-05-01,119.1319,108.8524,101.3182,53.1257,30.6917,27.837,89.486,2.3428,111.4331
FMISV2_0001903,RUBBER|APAC|SUP_RB_01,RUBBER,APAC,SUP_RB_01,2024-07-01,2024-06-01,122.1279,102.1748,101.3125,53.1732,41.7271,26.876,89.681,2.5201,109.34022
FMISV2_0001904,RUBBER|APAC|SUP_RB_01,RUBBER,APAC,SUP_RB_01,2024-08-01,2024-07-01,121.4915,100.0442,97.5842,49.9254,43.1696,31.119,90.887,2.2139,107.96072
FMISV2_0001905,RUBBER|APAC|SUP_RB_01,RUBBER,APAC,SUP_RB_01,2024-09-01,2024-08-01,116.8088,106.9974,100.5653,51.7429,43.7449,27.838,88.98,2.5328,107.31608
FMISV2_0001906,RUBBER|APAC|SUP_RB_01,RUBBER,APAC,SUP_RB_01,2024-10-01,2024-09-01,120.5409,107.4528,102.7371,50.1718,44.5531,32.424,87.735,2.4342,106.95141
FMISV2_0001907,RUBBER|APAC|SUP_RB_01,RUBBER,APAC,SUP_RB_01,2024-11-01,2024-10-01,121.8495,112.1516,100.7644,46.0944,62.486,30.036,89.675,3.0473,104.91804
FMISV2_0001908,RUBBER|APAC|SUP_RB_01,RUBBER,APAC,SUP_RB_01,2024-12-01,2024-11-01,119.2886,110.8493,104.3919,47.805,56.3391,29.999,90.211,2.3733,105.69455
FMISV2_0001909,RUBBER|APAC|SUP_RB_01,RUBBER,APAC,SUP_RB_01,2025-01-01,2024-12-01,122.7039,115.5027,106.1986,48.0898,50.8256,30.082,90.598,2.4842,108.21386
FMISV2_0001910,RUBBER|APAC|SUP_RB_01,RUBBER,APAC,SUP_RB_01,2025-02-01,2025-01-01,126.956,117.1364,105.2805,46.2308,40.1366,26.54,89.247,2.224,109.67777
FMISV2_0001911,RUBBER|APAC|SUP_RB_01,RUBBER,APAC,SUP_RB_01,2025-03-01,2025-02-01,125.8724,113.8069,102.2735,46.5923,42.2164,35.089,88.986,2.2201,111.322
FMISV2_0001912,RUBBER|APAC|SUP_RB_01,RUBBER,APAC,SUP_RB_01,2025-04-01,2025-03-01,125.8778,115.5665,105.2808,47.5916,47.7817,28.666,87.906,1.8968,114.39541
FMISV2_0001913,RUBBER|APAC|SUP_RB_01,RUBBER,APAC,SUP_RB_01,2025-05-01,2025-04-01,130.4023,108.1206,104.5897,48.8451,34.3671,30.432,91.376,1.9869,113.39849
FMISV2_0001914,RUBBER|APAC|SUP_RB_01,RUBBER,APAC,SUP_RB_01,2025-06-01,2025-05-01,131.4832,108.1694,100.7363,47.773,28.9754,23.569,89.121,2.7143,113.25103
FMISV2_0001915,RUBBER|APAC|SUP_RB_01,RUBBER,APAC,SUP_RB_01,2025-07-01,2025-06-01,120.0944,108.2497,99.2712,49.3896,42.5897,28.67,90.593,3.0103,113.71426
FMISV2_0001916,RUBBER|APAC|SUP_RB_01,RUBBER,APAC,SUP_RB_01,2025-08-01,2025-07-01,125.0966,109.1851,99.7621,52.9039,39.7252,27.801,89.092,2.4217,112.96523
FMISV2_0001917,RUBBER|APAC|SUP_RB_01,RUBBER,APAC,SUP_RB_01,2025-09-01,2025-08-01,119.1498,102.1444,100.445,51.1776,42.7608,28.812,89.944,2.302,112.05931
FMISV2_0001918,RUBBER|APAC|SUP_RB_01,RUBBER,APAC,SUP_RB_01,2025-10-01,2025-09-01,121.2697,100.6346,99.6083,51.6835,48.0615,30.864,88.556,2.4448,110.82209
FMISV2_0001919,RUBBER|APAC|SUP_RB_01,RUBBER,APAC,SUP_RB_01,2025-11-01,2025-10-01,123.2357,110.9781,101.27,53.3797,56.8966,32.411,87.569,2.5902,109.86823
FMISV2_0001920,RUBBER|APAC|SUP_RB_01,RUBBER,APAC,SUP_RB_01,2025-12-01,2025-11-01,126.6494,116.7064,102.3986,52.3006,43.2784,32.505,88.251,2.8078,112.80666
FMISV2_0001921,RUBBER|APAC|SUP_RB_02,RUBBER,APAC,SUP_RB_02,2018-01-01,2017-12-01,102.9351,106.2305,102.9098,48.6363,56.1335,27.968,95.202,1.3417,91.46406
FMISV2_0001922,RUBBER|APAC|SUP_RB_02,RUBBER,APAC,SUP_RB_02,2018-02-01,2018-01-01,104.463,102.7035,100.7799,50.9948,41.8915,24.127,93.465,1.7408,92.78763
FMISV2_0001923,RUBBER|APAC|SUP_RB_02,RUBBER,APAC,SUP_RB_02,2018-03-01,2018-02-01,104.2012,103.5918,100.622,49.4252,54.977,25.399,95.333,1.4268,94.98506
FMISV2_0001924,RUBBER|APAC|SUP_RB_02,RUBBER,APAC,SUP_RB_02,2018-04-01,2018-03-01,105.138,103.5876,98.8107,51.3662,47.1506,25.831,95.663,1.1328,95.45694
FMISV2_0001925,RUBBER|APAC|SUP_RB_02,RUBBER,APAC,SUP_RB_02,2018-05-01,2018-04-01,108.9989,107.7421,96.4984,51.5444,44.6762,29.413,93.561,1.0566,96.4478
FMISV2_0001926,RUBBER|APAC|SUP_RB_02,RUBBER,APAC,SUP_RB_02,2018-06-01,2018-05-01,103.0247,89.8612,96.0225,51.4006,42.9213,22.496,95.09,2.0076,93.9018
FMISV2_0001927,RUBBER|APAC|SUP_RB_02,RUBBER,APAC,SUP_RB_02,2018-07-01,2018-06-01,101.6263,97.8658,97.1205,50.5753,34.2305,20.632,96.849,1.1373,91.36899
FMISV2_0001928,RUBBER|APAC|SUP_RB_02,RUBBER,APAC,SUP_RB_02,2018-08-01,2018-07-01,95.1124,98.4985,96.3837,50.5688,36.0903,27.027,95.079,1.3767,91.01544
FMISV2_0001929,RUBBER|APAC|SUP_RB_02,RUBBER,APAC,SUP_RB_02,2018-09-01,2018-08-01,100.7065,95.9444,96.516,48.5661,40.7119,23.392,93.869,1.23,90.86352
FMISV2_0001930,RUBBER|APAC|SUP_RB_02,RUBBER,APAC,SUP_RB_02,2018-10-01,2018-09-01,102.8332,96.9808,97.5532,48.9839,43.0843,25.117,95.238,1.3034,92.51485
FMISV2_0001931,RUBBER|APAC|SUP_RB_02,RUBBER,APAC,SUP_RB_02,2018-11-01,2018-10-01,94.31,101.6977,97.4785,48.472,52.8899,28.041,96.635,1.7065,92.01992
FMISV2_0001932,RUBBER|APAC|SUP_RB_02,RUBBER,APAC,SUP_RB_02,2018-12-01,2018-11-01,106.2305,103.9334,100.2694,46.8643,59.6302,23.675,94.799,1.4178,93.53813
FMISV2_0001933,RUBBER|APAC|SUP_RB_02,RUBBER,APAC,SUP_RB_02,2019-01-01,2018-12-01,104.4059,108.9392,101.2232,48.2305,39.572,28.735,94.68,1.8133,95.90824
FMISV2_0001934,RUBBER|APAC|SUP_RB_02,RUBBER,APAC,SUP_RB_02,2019-02-01,2019-01-01,104.8837,103.178,101.7598,46.8929,45.2941,22.208,96.063,0.8655,97.54374
FMISV2_0001935,RUBBER|APAC|SUP_RB_02,RUBBER,APAC,SUP_RB_02,2019-03-01,2019-02-01,109.3531,108.4711,102.2967,50.1918,48.6169,26.243,96.243,1.6706,97.14273
FMISV2_0001936,RUBBER|APAC|SUP_RB_02,RUBBER,APAC,SUP_RB_02,2019-04-01,2019-03-01,109.7496,102.3998,102.4305,49.2565,41.3393,26.697,96.792,1.488,98.83
FMISV2_0001937,RUBBER|APAC|SUP_RB_02,RUBBER,APAC,SUP_RB_02,2019-05-01,2019-04-01,110.2095,106.756,97.7221,49.2849,39.8617,25.721,94.565,1.3577,97.52704
FMISV2_0001938,RUBBER|APAC|SUP_RB_02,RUBBER,APAC,SUP_RB_02,2019-06-01,2019-05-01,108.2254,97.9224,98.2893,52.3753,47.4373,24.819,94.763,1.7705,95.5452
FMISV2_0001939,RUBBER|APAC|SUP_RB_02,RUBBER,APAC,SUP_RB_02,2019-07-01,2019-06-01,99.5688,94.3285,97.2017,51.466,38.0408,23.507,95.685,1.459,94.86867
FMISV2_0001940,RUBBER|APAC|SUP_RB_02,RUBBER,APAC,SUP_RB_02,2019-08-01,2019-07-01,103.3714,94.6544,96.395,50.7377,39.4323,24.632,96.21,1.2031,94.63433
FMISV2_0001941,RUBBER|APAC|SUP_RB_02,RUBBER,APAC,SUP_RB_02,2019-09-01,2019-08-01,98.0391,93.4916,96.043,54.667,57.5192,26.196,97.547,1.521,94.96506
FMISV2_0001942,RUBBER|APAC|SUP_RB_02,RUBBER,APAC,SUP_RB_02,2019-10-01,2019-09-01,102.989,103.6798,99.5361,53.6604,61.5225,26.353,95.035,1.9505,96.03854
FMISV2_0001943,RUBBER|APAC|SUP_RB_02,RUBBER,APAC,SUP_RB_02,2019-11-01,2019-10-01,102.0679,106.9712,96.2681,50.0924,51.0232,22.519,93.836,1.7156,95.39077
FMISV2_0001944,RUBBER|APAC|SUP_RB_02,RUBBER,APAC,SUP_RB_02,2019-12-01,2019-11-01,102.9959,112.5474,99.3534,51.9865,47.8538,22.352,96.903,1.1287,94.04901
FMISV2_0001945,RUBBER|APAC|SUP_RB_02,RUBBER,APAC,SUP_RB_02,2020-01-01,2019-12-01,110.1435,110.9353,101.9345,53.376,48.3364,24.532,97.915,1.7597,97.27957
FMISV2_0001946,RUBBER|APAC|SUP_RB_02,RUBBER,APAC,SUP_RB_02,2020-02-01,2020-01-01,115.7955,113.3031,102.3231,53.1077,49.9563,24.925,93.301,1.7995,100.58593
FMISV2_0001947,RUBBER|APAC|SUP_RB_02,RUBBER,APAC,SUP_RB_02,2020-03-01,2020-02-01,109.2858,112.4017,103.8448,51.2515,54.1833,24.54,93.923,1.6782,101.07695
FMISV2_0001948,RUBBER|APAC|SUP_RB_02,RUBBER,APAC,SUP_RB_02,2020-04-01,2020-03-01,110.9579,102.4057,105.0638,48.2291,44.104,27.066,95.436,1.2797,107.19593
FMISV2_0001949,RUBBER|APAC|SUP_RB_02,RUBBER,APAC,SUP_RB_02,2020-05-01,2020-04-01,109.7981,104.8867,98.531,47.3081,33.3903,22.217,93.882,1.332,103.82683
FMISV2_0001950,RUBBER|APAC|SUP_RB_02,RUBBER,APAC,SUP_RB_02,2020-06-01,2020-05-01,117.5258,97.4377,97.3214,49.9225,40.85,24.0,96.164,1.5762,100.5357
FMISV2_0001951,RUBBER|APAC|SUP_RB_02,RUBBER,APAC,SUP_RB_02,2020-07-01,2020-06-01,103.2119,105.1801,96.6821,47.1907,36.2782,25.083,95.942,1.7478,99.86775
FMISV2_0001952,RUBBER|APAC|SUP_RB_02,RUBBER,APAC,SUP_RB_02,2020-08-01,2020-07-01,104.6328,101.2908,97.2512,45.8148,35.0467,21.739,93.268,1.6098,97.32784
FMISV2_0001953,RUBBER|APAC|SUP_RB_02,RUBBER,APAC,SUP_RB_02,2020-09-01,2020-08-01,104.6045,93.7309,98.7704,45.0372,52.271,28.442,95.667,1.7334,93.90696
FMISV2_0001954,RUBBER|APAC|SUP_RB_02,RUBBER,APAC,SUP_RB_02,2020-10-01,2020-09-01,106.7902,105.8281,97.6039,50.1332,42.8674,25.93,94.485,1.7279,93.22113
FMISV2_0001955,RUBBER|APAC|SUP_RB_02,RUBBER,APAC,SUP_RB_02,2020-11-01,2020-10-01,103.5774,100.6185,98.7577,48.5166,49.1294,23.175,93.036,1.5526,94.66166
FMISV2_0001956,RUBBER|APAC|SUP_RB_02,RUBBER,APAC,SUP_RB_02,2020-12-01,2020-11-01,106.6203,106.4558,101.0833,49.6546,44.2504,23.607,95.396,1.9178,94.63199
FMISV2_0001957,RUBBER|APAC|SUP_RB_02,RUBBER,APAC,SUP_RB_02,2021-01-01,2020-12-01,109.3489,114.0991,101.3621,52.8361,53.2156,28.53,96.868,1.7021,96.86788
FMISV2_0001958,RUBBER|APAC|SUP_RB_02,RUBBER,APAC,SUP_RB_02,2021-02-01,2021-01-01,115.0235,104.2425,103.7517,51.3815,58.0388,25.13,94.167,2.4748,100.33493
FMISV2_0001959,RUBBER|APAC|SUP_RB_02,RUBBER,APAC,SUP_RB_02,2021-03-01,2021-02-01,111.9497,104.6707,104.7646,53.4874,39.5819,25.161,95.701,1.7325,101.40085
FMISV2_0001960,RUBBER|APAC|SUP_RB_02,RUBBER,APAC,SUP_RB_02,2021-04-01,2021-03-01,119.6959,108.6164,99.9879,53.3608,46.4441,26.224,94.625,1.9654,102.24151
FMISV2_0001961,RUBBER|APAC|SUP_RB_02,RUBBER,APAC,SUP_RB_02,2021-05-01,2021-04-01,112.7161,96.394,95.2542,53.6997,38.7841,19.663,93.582,1.5145,101.45905
FMISV2_0001962,RUBBER|APAC|SUP_RB_02,RUBBER,APAC,SUP_RB_02,2021-06-01,2021-05-01,115.5709,99.8472,96.9984,52.1906,35.5554,24.04,95.915,1.3431,99.77966
FMISV2_0001963,RUBBER|APAC|SUP_RB_02,RUBBER,APAC,SUP_RB_02,2021-07-01,2021-06-01,110.2152,96.8253,97.9347,51.9469,35.4923,25.849,94.512,1.8078,97.74713
FMISV2_0001964,RUBBER|APAC|SUP_RB_02,RUBBER,APAC,SUP_RB_02,2021-08-01,2021-07-01,110.1049,94.9334,97.1807,49.9846,35.6575,21.252,95.653,2.1092,96.43077
FMISV2_0001965,RUBBER|APAC|SUP_RB_02,RUBBER,APAC,SUP_RB_02,2021-09-01,2021-08-01,106.7397,107.617,99.0746,50.4862,41.908,24.411,95.479,1.4195,97.23106
FMISV2_0001966,RUBBER|APAC|SUP_RB_02,RUBBER,APAC,SUP_RB_02,2021-10-01,2021-09-01,110.6796,103.1365,100.1961,51.3607,42.8419,32.75,96.502,2.1032,104.67946
FMISV2_0001967,RUBBER|APAC|SUP_RB_02,RUBBER,APAC,SUP_RB_02,2021-11-01,2021-10-01,115.1356,105.9621,100.7613,49.3118,54.4724,23.955,95.205,2.0025,102.88526
FMISV2_0001968,RUBBER|APAC|SUP_RB_02,RUBBER,APAC,SUP_RB_02,2021-12-01,2021-11-01,111.337,105.5673,101.1349,46.4528,55.7673,31.556,96.195,2.635,103.64538
FMISV2_0001969,RUBBER|APAC|SUP_RB_02,RUBBER,APAC,SUP_RB_02,2022-01-01,2021-12-01,112.1994,123.5805,100.4341,46.7115,48.5703,24.669,97.21,2.1654,104.2303
FMISV2_0001970,RUBBER|APAC|SUP_RB_02,RUBBER,APAC,SUP_RB_02,2022-02-01,2022-01-01,111.0395,108.0289,102.3925,46.3247,53.8425,22.137,95.076,1.8508,104.18366
FMISV2_0001971,RUBBER|APAC|SUP_RB_02,RUBBER,APAC,SUP_RB_02,2022-03-01,2022-02-01,117.252,112.121,100.898,47.844,46.8625,25.632,93.767,2.041,111.64564
FMISV2_0001972,RUBBER|APAC|SUP_RB_02,RUBBER,APAC,SUP_RB_02,2022-04-01,2022-03-01,121.0944,101.5237,100.9577,48.0325,40.8477,23.797,94.83,1.8164,108.83632
FMISV2_0001973,RUBBER|APAC|SUP_RB_02,RUBBER,APAC,SUP_RB_02,2022-05-01,2022-04-01,114.3896,107.384,101.7451,46.61,52.7075,26.463,94.587,2.154,107.90255
FMISV2_0001974,RUBBER|APAC|SUP_RB_02,RUBBER,APAC,SUP_RB_02,2022-06-01,2022-05-01,113.7828,101.4587,103.7937,46.9302,38.2018,25.128,96.737,2.2054,105.26634
FMISV2_0001975,RUBBER|APAC|SUP_RB_02,RUBBER,APAC,SUP_RB_02,2022-07-01,2022-06-01,114.0836,102.0775,103.3388,51.5686,39.4617,23.804,95.335,1.6273,104.06625
FMISV2_0001976,RUBBER|APAC|SUP_RB_02,RUBBER,APAC,SUP_RB_02,2022-08-01,2022-07-01,117.7614,102.1247,97.9555,51.5157,40.2741,21.099,95.61,2.0961,101.48682
FMISV2_0001977,RUBBER|APAC|SUP_RB_02,RUBBER,APAC,SUP_RB_02,2022-09-01,2022-08-01,107.0092,95.0342,101.2758,51.8277,40.9866,28.813,96.195,2.1376,99.05738
FMISV2_0001978,RUBBER|APAC|SUP_RB_02,RUBBER,APAC,SUP_RB_02,2022-10-01,2022-09-01,112.5549,103.18,98.7554,52.9565,42.8768,19.825,95.955,2.5982,101.96706
FMISV2_0001979,RUBBER|APAC|SUP_RB_02,RUBBER,APAC,SUP_RB_02,2022-11-01,2022-10-01,112.6264,100.6801,97.8082,52.7293,52.0187,27.845,97.33,1.7389,103.81947
FMISV2_0001980,RUBBER|APAC|SUP_RB_02,RUBBER,APAC,SUP_RB_02,2022-12-01,2022-11-01,119.7558,102.1387,101.4218,51.9272,57.4425,26.953,94.988,2.4031,105.11022
FMISV2_0001981,RUBBER|APAC|SUP_RB_02,RUBBER,APAC,SUP_RB_02,2023-01-01,2022-12-01,116.6644,108.2256,103.2324,49.7243,58.1623,27.383,93.94,1.8271,104.50033
FMISV2_0001982,RUBBER|APAC|SUP_RB_02,RUBBER,APAC,SUP_RB_02,2023-02-01,2023-01-01,118.8731,114.9764,103.0657,50.5961,47.0902,25.933,95.406,1.6056,106.21416
FMISV2_0001983,RUBBER|APAC|SUP_RB_02,RUBBER,APAC,SUP_RB_02,2023-03-01,2023-02-01,122.1048,112.1693,101.1337,49.2389,34.0285,20.32,97.052,2.329,106.23727
FMISV2_0001984,RUBBER|APAC|SUP_RB_02,RUBBER,APAC,SUP_RB_02,2023-04-01,2023-03-01,121.5099,111.6855,102.6267,51.7497,38.5977,25.212,97.281,1.9796,108.45069
FMISV2_0001985,RUBBER|APAC|SUP_RB_02,RUBBER,APAC,SUP_RB_02,2023-05-01,2023-04-01,120.5085,107.1975,100.8565,48.0522,43.8878,23.803,97.0,2.3855,105.94408
FMISV2_0001986,RUBBER|APAC|SUP_RB_02,RUBBER,APAC,SUP_RB_02,2023-06-01,2023-05-01,117.5433,107.3286,98.4665,46.8898,33.7447,24.326,93.686,1.9371,105.7175
FMISV2_0001987,RUBBER|APAC|SUP_RB_02,RUBBER,APAC,SUP_RB_02,2023-07-01,2023-06-01,120.1308,101.7859,98.57,46.994,36.5958,20.666,94.46,1.6874,105.04314
FMISV2_0001988,RUBBER|APAC|SUP_RB_02,RUBBER,APAC,SUP_RB_02,2023-08-01,2023-07-01,116.5932,99.4298,101.8208,45.6769,45.0821,28.538,96.036,2.9055,103.88363
FMISV2_0001989,RUBBER|APAC|SUP_RB_02,RUBBER,APAC,SUP_RB_02,2023-09-01,2023-08-01,119.9535,102.9296,98.4061,47.7256,48.7099,25.119,93.759,2.2143,102.66846
FMISV2_0001990,RUBBER|APAC|SUP_RB_02,RUBBER,APAC,SUP_RB_02,2023-10-01,2023-09-01,117.4428,107.1494,102.3994,48.2576,48.8767,21.561,95.722,1.7717,103.93028
FMISV2_0001991,RUBBER|APAC|SUP_RB_02,RUBBER,APAC,SUP_RB_02,2023-11-01,2023-10-01,116.1112,97.4167,99.9679,47.0184,50.484,24.924,94.365,3.0194,103.53408
FMISV2_0001992,RUBBER|APAC|SUP_RB_02,RUBBER,APAC,SUP_RB_02,2023-12-01,2023-11-01,116.4076,105.556,101.6098,49.4617,51.8451,26.331,95.469,2.2896,105.31178
FMISV2_0001993,RUBBER|APAC|SUP_RB_02,RUBBER,APAC,SUP_RB_02,2024-01-01,2023-12-01,117.4845,115.6111,106.1784,50.6718,46.8861,24.147,97.202,2.5352,107.42367
FMISV2_0001994,RUBBER|APAC|SUP_RB_02,RUBBER,APAC,SUP_RB_02,2024-02-01,2024-01-01,117.8622,118.6903,105.7274,53.9543,49.0509,26.452,95.294,1.5968,110.2331
FMISV2_0001995,RUBBER|APAC|SUP_RB_02,RUBBER,APAC,SUP_RB_02,2024-03-01,2024-02-01,127.4457,115.9259,105.8189,51.2903,43.3594,28.558,95.642,1.3716,111.06658
FMISV2_0001996,RUBBER|APAC|SUP_RB_02,RUBBER,APAC,SUP_RB_02,2024-04-01,2024-03-01,128.731,115.0208,108.5764,52.6001,40.3482,28.664,95.208,2.3036,109.50653
FMISV2_0001997,RUBBER|APAC|SUP_RB_02,RUBBER,APAC,SUP_RB_02,2024-05-01,2024-04-01,124.2926,114.35,102.2946,54.2701,40.2109,23.56,97.417,2.7938,110.60212
FMISV2_0001998,RUBBER|APAC|SUP_RB_02,RUBBER,APAC,SUP_RB_02,2024-06-01,2024-05-01,119.1319,108.8524,101.5164,53.1257,30.6917,24.496,96.395,2.7981,111.25268
FMISV2_0001999,RUBBER|APAC|SUP_RB_02,RUBBER,APAC,SUP_RB_02,2024-07-01,2024-06-01,122.1279,102.1748,101.1185,53.1732,41.7271,20.206,94.794,2.7401,108.3936
FMISV2_0002000,RUBBER|APAC|SUP_RB_02,RUBBER,APAC,SUP_RB_02,2024-08-01,2024-07-01,121.4915,100.0442,96.1808,49.9254,43.1696,24.8,94.41,2.1523,108.3715
FMISV2_0002001,RUBBER|APAC|SUP_RB_02,RUBBER,APAC,SUP_RB_02,2024-09-01,2024-08-01,116.8088,106.9974,101.0177,51.7429,43.7449,27.792,94.993,2.5949,104.07327
FMISV2_0002002,RUBBER|APAC|SUP_RB_02,RUBBER,APAC,SUP_RB_02,2024-10-01,2024-09-01,120.5409,107.4528,99.7757,50.1718,44.5531,26.918,96.875,2.6164,105.98372
FMISV2_0002003,RUBBER|APAC|SUP_RB_02,RUBBER,APAC,SUP_RB_02,2024-11-01,2024-10-01,121.8495,112.1516,102.663,46.0944,62.486,26.993,94.72,1.6309,104.94524
FMISV2_0002004,RUBBER|APAC|SUP_RB_02,RUBBER,APAC,SUP_RB_02,2024-12-01,2024-11-01,119.2886,110.8493,102.6742,47.805,56.3391,20.249,95.055,2.5324,106.39341
FMISV2_0002005,RUBBER|APAC|SUP_RB_02,RUBBER,APAC,SUP_RB_02,2025-01-01,2024-12-01,122.7039,115.5027,104.8129,48.0898,50.8256,25.559,95.368,2.4401,107.25929
FMISV2_0002006,RUBBER|APAC|SUP_RB_02,RUBBER,APAC,SUP_RB_02,2025-02-01,2025-01-01,126.956,117.1364,103.0689,46.2308,40.1366,24.206,93.858,2.5728,110.63512
FMISV2_0002007,RUBBER|APAC|SUP_RB_02,RUBBER,APAC,SUP_RB_02,2025-03-01,2025-02-01,125.8724,113.8069,106.1934,46.5923,42.2164,23.111,97.328,2.3742,111.87411
FMISV2_0002008,RUBBER|APAC|SUP_RB_02,RUBBER,APAC,SUP_RB_02,2025-04-01,2025-03-01,125.8778,115.5665,102.8665,47.5916,47.7817,24.403,94.277,2.3252,112.94426
FMISV2_0002009,RUBBER|APAC|SUP_RB_02,RUBBER,APAC,SUP_RB_02,2025-05-01,2025-04-01,130.4023,108.1206,100.5389,48.8451,34.3671,24.276,95.898,2.7886,111.63839
FMISV2_0002010,RUBBER|APAC|SUP_RB_02,RUBBER,APAC,SUP_RB_02,2025-06-01,2025-05-01,131.4832,108.1694,98.8069,47.773,28.9754,23.066,96.093,1.9107,108.84199
FMISV2_0002011,RUBBER|APAC|SUP_RB_02,RUBBER,APAC,SUP_RB_02,2025-07-01,2025-06-01,120.0944,108.2497,100.8518,49.3896,42.5897,24.31,94.976,2.4887,109.14412
FMISV2_0002012,RUBBER|APAC|SUP_RB_02,RUBBER,APAC,SUP_RB_02,2025-08-01,2025-07-01,125.0966,109.1851,99.4669,52.9039,39.7252,24.374,96.007,2.3061,107.81895
FMISV2_0002013,RUBBER|APAC|SUP_RB_02,RUBBER,APAC,SUP_RB_02,2025-09-01,2025-08-01,119.1498,102.1444,97.2231,51.1776,42.7608,22.526,95.416,2.4587,107.44584
FMISV2_0002014,RUBBER|APAC|SUP_RB_02,RUBBER,APAC,SUP_RB_02,2025-10-01,2025-09-01,121.2697,100.6346,100.2574,51.6835,48.0615,26.19,95.532,2.6524,108.59982
FMISV2_0002015,RUBBER|APAC|SUP_RB_02,RUBBER,APAC,SUP_RB_02,2025-11-01,2025-10-01,123.2357,110.9781,100.4912,53.3797,56.8966,30.036,93.828,2.2415,107.96988
FMISV2_0002016,RUBBER|APAC|SUP_RB_02,RUBBER,APAC,SUP_RB_02,2025-12-01,2025-11-01,126.6494,116.7064,105.3869,52.3006,43.2784,27.442,96.722,2.595,110.69795
FMISV2_0002017,CHEMICALS|NA|SUP_CH_01,CHEMICALS,NA,SUP_CH_01,2018-01-01,2017-12-01,102.9351,106.2305,98.4435,48.6363,56.1335,42.258,84.0,1.1932,100.60938
FMISV2_0002018,CHEMICALS|NA|SUP_CH_01,CHEMICALS,NA,SUP_CH_01,2018-02-01,2018-01-01,104.463,102.7035,101.4769,50.9948,41.8915,44.307,85.768,2.2986,102.0436
FMISV2_0002019,CHEMICALS|NA|SUP_CH_01,CHEMICALS,NA,SUP_CH_01,2018-03-01,2018-02-01,104.2012,103.5918,99.8115,49.4252,54.977,38.489,85.771,1.7006,102.61519
FMISV2_0002020,CHEMICALS|NA|SUP_CH_01,CHEMICALS,NA,SUP_CH_01,2018-04-01,2018-03-01,105.138,103.5876,100.5995,51.3662,47.1506,42.014,87.894,1.2659,102.5143
FMISV2_0002021,CHEMICALS|NA|SUP_CH_01,CHEMICALS,NA,SUP_CH_01,2018-05-01,2018-04-01,108.9989,107.7421,102.9751,51.5444,44.6762,40.294,85.451,1.7664,102.79874
FMISV2_0002022,CHEMICALS|NA|SUP_CH_01,CHEMICALS,NA,SUP_CH_01,2018-06-01,2018-05-01,103.0247,89.8612,101.1703,51.4006,42.9213,37.811,86.453,1.6803,102.42803
FMISV2_0002023,CHEMICALS|NA|SUP_CH_01,CHEMICALS,NA,SUP_CH_01,2018-07-01,2018-06-01,101.6263,97.8658,101.6662,50.5753,34.2305,39.969,86.617,1.7614,102.69975
FMISV2_0002024,CHEMICALS|NA|SUP_CH_01,CHEMICALS,NA,SUP_CH_01,2018-08-01,2018-07-01,95.1124,98.4985,97.2719,50.5688,36.0903,39.448,85.68,1.6513,102.55875
FMISV2_0002025,CHEMICALS|NA|SUP_CH_01,CHEMICALS,NA,SUP_CH_01,2018-09-01,2018-08-01,100.7065,95.9444,100.257,48.5661,40.7119,38.303,87.549,2.4067,100.95039
FMISV2_0002026,CHEMICALS|NA|SUP_CH_01,CHEMICALS,NA,SUP_CH_01,2018-10-01,2018-09-01,102.8332,96.9808,98.7087,48.9839,43.0843,39.98,87.795,1.3178,99.0112
FMISV2_0002027,CHEMICALS|NA|SUP_CH_01,CHEMICALS,NA,SUP_CH_01,2018-11-01,2018-10-01,94.31,101.6977,100.59,48.472,52.8899,39.575,85.855,1.7495,100.72566
FMISV2_0002028,CHEMICALS|NA|SUP_CH_01,CHEMICALS,NA,SUP_CH_01,2018-12-01,2018-11-01,106.2305,103.9334,98.9916,46.8643,59.6302,44.855,87.041,1.8209,102.40112
FMISV2_0002029,CHEMICALS|NA|SUP_CH_01,CHEMICALS,NA,SUP_CH_01,2019-01-01,2018-12-01,104.4059,108.9392,97.7411,48.2305,39.572,39.305,86.741,2.2314,102.93966
FMISV2_0002030,CHEMICALS|NA|SUP_CH_01,CHEMICALS,NA,SUP_CH_01,2019-02-01,2019-01-01,104.8837,103.178,103.88,46.8929,45.2941,42.336,85.875,1.3721,103.47323
FMISV2_0002031,CHEMICALS|NA|SUP_CH_01,CHEMICALS,NA,SUP_CH_01,2019-03-01,2019-02-01,109.3531,108.4711,104.2281,50.1918,48.6169,39.886,88.061,2.2066,105.02714
FMISV2_0002032,CHEMICALS|NA|SUP_CH_01,CHEMICALS,NA,SUP_CH_01,2019-04-01,2019-03-01,109.7496,102.3998,105.1542,49.2565,41.3393,39.942,86.62,1.6282,104.67911
FMISV2_0002033,CHEMICALS|NA|SUP_CH_01,CHEMICALS,NA,SUP_CH_01,2019-05-01,2019-04-01,110.2095,106.756,103.3552,49.2849,39.8617,41.653,86.616,0.4825,105.79952
FMISV2_0002034,CHEMICALS|NA|SUP_CH_01,CHEMICALS,NA,SUP_CH_01,2019-06-01,2019-05-01,108.2254,97.9224,105.6136,52.3753,47.4373,42.912,85.848,1.9649,107.31301
FMISV2_0002035,CHEMICALS|NA|SUP_CH_01,CHEMICALS,NA,SUP_CH_01,2019-07-01,2019-06-01,99.5688,94.3285,101.4787,51.466,38.0408,40.846,87.095,1.8138,105.2764
FMISV2_0002036,CHEMICALS|NA|SUP_CH_01,CHEMICALS,NA,SUP_CH_01,2019-08-01,2019-07-01,103.3714,94.6544,97.9575,50.7377,39.4323,40.977,84.025,1.6566,103.9178
FMISV2_0002037,CHEMICALS|NA|SUP_CH_01,CHEMICALS,NA,SUP_CH_01,2019-09-01,2019-08-01,98.0391,93.4916,97.6889,54.667,57.5192,46.537,85.652,2.0741,103.05194
FMISV2_0002038,CHEMICALS|NA|SUP_CH_01,CHEMICALS,NA,SUP_CH_01,2019-10-01,2019-09-01,102.989,103.6798,99.9891,53.6604,61.5225,42.754,86.825,1.6739,105.28846
FMISV2_0002039,CHEMICALS|NA|SUP_CH_01,CHEMICALS,NA,SUP_CH_01,2019-11-01,2019-10-01,102.0679,106.9712,98.8302,50.0924,51.0232,40.053,87.091,1.3742,106.03155
FMISV2_0002040,CHEMICALS|NA|SUP_CH_01,CHEMICALS,NA,SUP_CH_01,2019-12-01,2019-11-01,102.9959,112.5474,99.6755,51.9865,47.8538,42.682,86.758,1.9508,108.27113
FMISV2_0002041,CHEMICALS|NA|SUP_CH_01,CHEMICALS,NA,SUP_CH_01,2020-01-01,2019-12-01,110.1435,110.9353,100.5747,53.376,48.3364,40.541,86.296,2.1199,110.54726
FMISV2_0002042,CHEMICALS|NA|SUP_CH_01,CHEMICALS,NA,SUP_CH_01,2020-02-01,2020-01-01,115.7955,113.3031,102.1487,53.1077,49.9563,37.905,89.49,1.1397,113.19068
FMISV2_0002043,CHEMICALS|NA|SUP_CH_01,CHEMICALS,NA,SUP_CH_01,2020-03-01,2020-02-01,109.2858,112.4017,102.8837,51.2515,54.1833,38.578,88.812,2.0428,112.87668
FMISV2_0002044,CHEMICALS|NA|SUP_CH_01,CHEMICALS,NA,SUP_CH_01,2020-04-01,2020-03-01,110.9579,102.4057,105.0278,48.2291,44.104,45.377,83.266,2.345,120.7485
FMISV2_0002045,CHEMICALS|NA|SUP_CH_01,CHEMICALS,NA,SUP_CH_01,2020-05-01,2020-04-01,109.7981,104.8867,103.98,47.3081,33.3903,38.084,87.956,2.1001,118.53552
FMISV2_0002046,CHEMICALS|NA|SUP_CH_01,CHEMICALS,NA,SUP_CH_01,2020-06-01,2020-05-01,117.5258,97.4377,104.6001,49.9225,40.85,41.423,86.838,2.4138,115.57564
FMISV2_0002047,CHEMICALS|NA|SUP_CH_01,CHEMICALS,NA,SUP_CH_01,2020-07-01,2020-06-01,103.2119,105.1801,102.0284,47.1907,36.2782,36.045,86.484,2.4454,115.0505
FMISV2_0002048,CHEMICALS|NA|SUP_CH_01,CHEMICALS,NA,SUP_CH_01,2020-08-01,2020-07-01,104.6328,101.2908,102.5594,45.8148,35.0467,35.469,87.54,2.3876,112.30805
FMISV2_0002049,CHEMICALS|NA|SUP_CH_01,CHEMICALS,NA,SUP_CH_01,2020-09-01,2020-08-01,104.6045,93.7309,99.2679,45.0372,52.271,40.354,85.247,2.3452,110.07177
FMISV2_0002050,CHEMICALS|NA|SUP_CH_01,CHEMICALS,NA,SUP_CH_01,2020-10-01,2020-09-01,106.7902,105.8281,97.5624,50.1332,42.8674,41.549,87.055,1.7937,109.93793
FMISV2_0002051,CHEMICALS|NA|SUP_CH_01,CHEMICALS,NA,SUP_CH_01,2020-11-01,2020-10-01,103.5774,100.6185,99.7724,48.5166,49.1294,43.427,85.237,2.8593,110.71656
FMISV2_0002052,CHEMICALS|NA|SUP_CH_01,CHEMICALS,NA,SUP_CH_01,2020-12-01,2020-11-01,106.6203,106.4558,99.6599,49.6546,44.2504,43.709,86.939,2.099,112.80753
FMISV2_0002053,CHEMICALS|NA|SUP_CH_01,CHEMICALS,NA,SUP_CH_01,2021-01-01,2020-12-01,109.3489,114.0991,103.5079,52.8361,53.2156,41.279,85.518,2.8764,113.7714
FMISV2_0002054,CHEMICALS|NA|SUP_CH_01,CHEMICALS,NA,SUP_CH_01,2021-02-01,2021-01-01,115.0235,104.2425,103.0469,51.3815,58.0388,44.922,86.918,2.8086,115.33652
FMISV2_0002055,CHEMICALS|NA|SUP_CH_01,CHEMICALS,NA,SUP_CH_01,2021-03-01,2021-02-01,111.9497,104.6707,105.839,53.4874,39.5819,41.56,85.711,1.6432,115.99096
FMISV2_0002056,CHEMICALS|NA|SUP_CH_01,CHEMICALS,NA,SUP_CH_01,2021-04-01,2021-03-01,119.6959,108.6164,104.8087,53.3608,46.4441,37.571,87.402,2.7777,115.1548
FMISV2_0002057,CHEMICALS|NA|SUP_CH_01,CHEMICALS,NA,SUP_CH_01,2021-05-01,2021-04-01,112.7161,96.394,104.9523,53.6997,38.7841,37.697,86.621,2.3832,114.42564
FMISV2_0002058,CHEMICALS|NA|SUP_CH_01,CHEMICALS,NA,SUP_CH_01,2021-06-01,2021-05-01,115.5709,99.8472,106.0809,52.1906,35.5554,33.747,86.006,2.1289,114.56106
FMISV2_0002059,CHEMICALS|NA|SUP_CH_01,CHEMICALS,NA,SUP_CH_01,2021-07-01,2021-06-01,110.2152,96.8253,100.4282,51.9469,35.4923,33.272,88.517,2.6847,113.88823
FMISV2_0002060,CHEMICALS|NA|SUP_CH_01,CHEMICALS,NA,SUP_CH_01,2021-08-01,2021-07-01,110.1049,94.9334,100.6322,49.9846,35.6575,33.907,87.703,2.4746,110.63649
FMISV2_0002061,CHEMICALS|NA|SUP_CH_01,CHEMICALS,NA,SUP_CH_01,2021-09-01,2021-08-01,106.7397,107.617,98.2215,50.4862,41.908,40.297,87.189,2.4529,112.04421
FMISV2_0002062,CHEMICALS|NA|SUP_CH_01,CHEMICALS,NA,SUP_CH_01,2021-10-01,2021-09-01,110.6796,103.1365,96.0136,51.3607,42.8419,44.94,86.493,2.2675,119.43586
FMISV2_0002063,CHEMICALS|NA|SUP_CH_01,CHEMICALS,NA,SUP_CH_01,2021-11-01,2021-10-01,115.1356,105.9621,95.3183,49.3118,54.4724,43.889,87.872,2.6023,119.96539
FMISV2_0002064,CHEMICALS|NA|SUP_CH_01,CHEMICALS,NA,SUP_CH_01,2021-12-01,2021-11-01,111.337,105.5673,102.0972,46.4528,55.7673,40.429,86.492,2.484,117.85161
FMISV2_0002065,CHEMICALS|NA|SUP_CH_01,CHEMICALS,NA,SUP_CH_01,2022-01-01,2021-12-01,112.1994,123.5805,99.489,46.7115,48.5703,40.116,84.726,2.2668,114.85207
FMISV2_0002066,CHEMICALS|NA|SUP_CH_01,CHEMICALS,NA,SUP_CH_01,2022-02-01,2022-01-01,111.0395,108.0289,105.0033,46.3247,53.8425,38.697,87.468,2.2518,117.04392
FMISV2_0002067,CHEMICALS|NA|SUP_CH_01,CHEMICALS,NA,SUP_CH_01,2022-03-01,2022-02-01,117.252,112.121,105.1006,47.844,46.8625,36.63,86.273,2.5121,123.30765
FMISV2_0002068,CHEMICALS|NA|SUP_CH_01,CHEMICALS,NA,SUP_CH_01,2022-04-01,2022-03-01,121.0944,101.5237,105.349,48.0325,40.8477,40.043,86.245,1.8179,121.51298
FMISV2_0002069,CHEMICALS|NA|SUP_CH_01,CHEMICALS,NA,SUP_CH_01,2022-05-01,2022-04-01,114.3896,107.384,108.5163,46.61,52.7075,39.48,88.056,1.853,120.74371
FMISV2_0002070,CHEMICALS|NA|SUP_CH_01,CHEMICALS,NA,SUP_CH_01,2022-06-01,2022-05-01,113.7828,101.4587,102.74,46.9302,38.2018,34.878,85.892,2.7264,119.19084
FMISV2_0002071,CHEMICALS|NA|SUP_CH_01,CHEMICALS,NA,SUP_CH_01,2022-07-01,2022-06-01,114.0836,102.0775,103.245,51.5686,39.4617,36.029,86.595,2.7854,119.29542
FMISV2_0002072,CHEMICALS|NA|SUP_CH_01,CHEMICALS,NA,SUP_CH_01,2022-08-01,2022-07-01,117.7614,102.1247,100.8341,51.5157,40.2741,40.629,86.189,2.0877,118.1882
FMISV2_0002073,CHEMICALS|NA|SUP_CH_01,CHEMICALS,NA,SUP_CH_01,2022-09-01,2022-08-01,107.0092,95.0342,98.5424,51.8277,40.9866,37.406,88.678,2.6026,115.86563
FMISV2_0002074,CHEMICALS|NA|SUP_CH_01,CHEMICALS,NA,SUP_CH_01,2022-10-01,2022-09-01,112.5549,103.18,100.6165,52.9565,42.8768,42.004,89.121,2.3044,116.51813
FMISV2_0002075,CHEMICALS|NA|SUP_CH_01,CHEMICALS,NA,SUP_CH_01,2022-11-01,2022-10-01,112.6264,100.6801,99.8963,52.7293,52.0187,40.067,86.354,2.276,116.27702
FMISV2_0002076,CHEMICALS|NA|SUP_CH_01,CHEMICALS,NA,SUP_CH_01,2022-12-01,2022-11-01,119.7558,102.1387,100.6636,51.9272,57.4425,39.372,86.975,2.2872,117.55994
FMISV2_0002077,CHEMICALS|NA|SUP_CH_01,CHEMICALS,NA,SUP_CH_01,2023-01-01,2022-12-01,116.6644,108.2256,105.0515,49.7243,58.1623,42.092,86.325,3.2142,122.38024
FMISV2_0002078,CHEMICALS|NA|SUP_CH_01,CHEMICALS,NA,SUP_CH_01,2023-02-01,2023-01-01,118.8731,114.9764,102.2653,50.5961,47.0902,40.47,88.338,2.5466,122.50736
FMISV2_0002079,CHEMICALS|NA|SUP_CH_01,CHEMICALS,NA,SUP_CH_01,2023-03-01,2023-02-01,122.1048,112.1693,102.5208,49.2389,34.0285,37.579,87.262,3.0259,122.07342
FMISV2_0002080,CHEMICALS|NA|SUP_CH_01,CHEMICALS,NA,SUP_CH_01,2023-04-01,2023-03-01,121.5099,111.6855,103.2253,51.7497,38.5977,38.405,87.405,2.3771,121.29139
FMISV2_0002081,CHEMICALS|NA|SUP_CH_01,CHEMICALS,NA,SUP_CH_01,2023-05-01,2023-04-01,120.5085,107.1975,104.497,48.0522,43.8878,34.704,88.691,2.7468,119.80628
FMISV2_0002082,CHEMICALS|NA|SUP_CH_01,CHEMICALS,NA,SUP_CH_01,2023-06-01,2023-05-01,117.5433,107.3286,107.5242,46.8898,33.7447,37.919,85.036,2.4776,117.61003
FMISV2_0002083,CHEMICALS|NA|SUP_CH_01,CHEMICALS,NA,SUP_CH_01,2023-07-01,2023-06-01,120.1308,101.7859,101.941,46.994,36.5958,42.842,86.12,1.6589,117.02629
FMISV2_0002084,CHEMICALS|NA|SUP_CH_01,CHEMICALS,NA,SUP_CH_01,2023-08-01,2023-07-01,116.5932,99.4298,102.1224,45.6769,45.0821,40.323,87.369,3.4588,118.47115
FMISV2_0002085,CHEMICALS|NA|SUP_CH_01,CHEMICALS,NA,SUP_CH_01,2023-09-01,2023-08-01,119.9535,102.9296,99.8691,47.7256,48.7099,37.525,86.054,2.5774,118.49472
FMISV2_0002086,CHEMICALS|NA|SUP_CH_01,CHEMICALS,NA,SUP_CH_01,2023-10-01,2023-09-01,117.4428,107.1494,98.049,48.2576,48.8767,42.003,86.909,2.1533,119.33068
FMISV2_0002087,CHEMICALS|NA|SUP_CH_01,CHEMICALS,NA,SUP_CH_01,2023-11-01,2023-10-01,116.1112,97.4167,100.4725,47.0184,50.484,44.359,86.868,3.0944,119.13341
FMISV2_0002088,CHEMICALS|NA|SUP_CH_01,CHEMICALS,NA,SUP_CH_01,2023-12-01,2023-11-01,116.4076,105.556,103.3048,49.4617,51.8451,41.659,87.176,2.3946,120.81742
FMISV2_0002089,CHEMICALS|NA|SUP_CH_01,CHEMICALS,NA,SUP_CH_01,2024-01-01,2023-12-01,117.4845,115.6111,103.4667,50.6718,46.8861,34.866,86.365,3.2988,122.6518
FMISV2_0002090,CHEMICALS|NA|SUP_CH_01,CHEMICALS,NA,SUP_CH_01,2024-02-01,2024-01-01,117.8622,118.6903,103.5128,53.9543,49.0509,38.702,86.047,2.656,123.40182
FMISV2_0002091,CHEMICALS|NA|SUP_CH_01,CHEMICALS,NA,SUP_CH_01,2024-03-01,2024-02-01,127.4457,115.9259,106.8502,51.2903,43.3594,37.752,85.454,2.7327,124.83343
FMISV2_0002092,CHEMICALS|NA|SUP_CH_01,CHEMICALS,NA,SUP_CH_01,2024-04-01,2024-03-01,128.731,115.0208,106.6436,52.6001,40.3482,37.7,87.065,2.0196,124.04762
FMISV2_0002093,CHEMICALS|NA|SUP_CH_01,CHEMICALS,NA,SUP_CH_01,2024-05-01,2024-04-01,124.2926,114.35,104.3692,54.2701,40.2109,39.213,86.327,2.3741,126.11424
FMISV2_0002094,CHEMICALS|NA|SUP_CH_01,CHEMICALS,NA,SUP_CH_01,2024-06-01,2024-05-01,119.1319,108.8524,106.8497,53.1257,30.6917,37.843,86.396,2.5304,125.14911
FMISV2_0002095,CHEMICALS|NA|SUP_CH_01,CHEMICALS,NA,SUP_CH_01,2024-07-01,2024-06-01,122.1279,102.1748,102.877,53.1732,41.7271,38.976,87.031,2.9641,124.97086
FMISV2_0002096,CHEMICALS|NA|SUP_CH_01,CHEMICALS,NA,SUP_CH_01,2024-08-01,2024-07-01,121.4915,100.0442,104.1286,49.9254,43.1696,36.421,87.02,2.8417,125.6027
FMISV2_0002097,CHEMICALS|NA|SUP_CH_01,CHEMICALS,NA,SUP_CH_01,2024-09-01,2024-08-01,116.8088,106.9974,99.8659,51.7429,43.7449,38.547,86.8,3.2168,123.31748
FMISV2_0002098,CHEMICALS|NA|SUP_CH_01,CHEMICALS,NA,SUP_CH_01,2024-10-01,2024-09-01,120.5409,107.4528,99.7543,50.1718,44.5531,41.807,86.536,3.219,124.2014
FMISV2_0002099,CHEMICALS|NA|SUP_CH_01,CHEMICALS,NA,SUP_CH_01,2024-11-01,2024-10-01,121.8495,112.1516,100.2873,46.0944,62.486,39.82,84.342,2.9223,125.93197
FMISV2_0002100,CHEMICALS|NA|SUP_CH_01,CHEMICALS,NA,SUP_CH_01,2024-12-01,2024-11-01,119.2886,110.8493,102.6794,47.805,56.3391,41.818,85.528,2.3244,124.18692
FMISV2_0002101,CHEMICALS|NA|SUP_CH_01,CHEMICALS,NA,SUP_CH_01,2025-01-01,2024-12-01,122.7039,115.5027,102.6146,48.0898,50.8256,38.262,85.513,2.4498,126.01315
FMISV2_0002102,CHEMICALS|NA|SUP_CH_01,CHEMICALS,NA,SUP_CH_01,2025-02-01,2025-01-01,126.956,117.1364,103.2731,46.2308,40.1366,40.889,87.112,2.4147,124.86823
FMISV2_0002103,CHEMICALS|NA|SUP_CH_01,CHEMICALS,NA,SUP_CH_01,2025-03-01,2025-02-01,125.8724,113.8069,104.5042,46.5923,42.2164,36.442,88.099,2.3917,127.68997
FMISV2_0002104,CHEMICALS|NA|SUP_CH_01,CHEMICALS,NA,SUP_CH_01,2025-04-01,2025-03-01,125.8778,115.5665,109.4601,47.5916,47.7817,41.848,85.517,2.5255,128.01867
FMISV2_0002105,CHEMICALS|NA|SUP_CH_01,CHEMICALS,NA,SUP_CH_01,2025-05-01,2025-04-01,130.4023,108.1206,106.2553,48.8451,34.3671,37.334,84.789,3.059,128.90854
FMISV2_0002106,CHEMICALS|NA|SUP_CH_01,CHEMICALS,NA,SUP_CH_01,2025-06-01,2025-05-01,131.4832,108.1694,108.6774,47.773,28.9754,37.734,86.738,3.1076,131.06846
FMISV2_0002107,CHEMICALS|NA|SUP_CH_01,CHEMICALS,NA,SUP_CH_01,2025-07-01,2025-06-01,120.0944,108.2497,100.8879,49.3896,42.5897,37.597,90.401,2.5354,128.72769
FMISV2_0002108,CHEMICALS|NA|SUP_CH_01,CHEMICALS,NA,SUP_CH_01,2025-08-01,2025-07-01,125.0966,109.1851,103.6381,52.9039,39.7252,42.344,87.209,3.6281,125.98219
FMISV2_0002109,CHEMICALS|NA|SUP_CH_01,CHEMICALS,NA,SUP_CH_01,2025-09-01,2025-08-01,119.1498,102.1444,101.3979,51.1776,42.7608,43.193,85.245,3.5065,128.71517
FMISV2_0002110,CHEMICALS|NA|SUP_CH_01,CHEMICALS,NA,SUP_CH_01,2025-10-01,2025-09-01,121.2697,100.6346,102.3627,51.6835,48.0615,45.759,87.656,2.8789,129.13937
FMISV2_0002111,CHEMICALS|NA|SUP_CH_01,CHEMICALS,NA,SUP_CH_01,2025-11-01,2025-10-01,123.2357,110.9781,101.48,53.3797,56.8966,41.455,86.046,2.6963,128.1763
FMISV2_0002112,CHEMICALS|NA|SUP_CH_01,CHEMICALS,NA,SUP_CH_01,2025-12-01,2025-11-01,126.6494,116.7064,104.0005,52.3006,43.2784,38.867,87.034,2.6962,128.38135
FMISV2_0002113,CHEMICALS|NA|SUP_CH_02,CHEMICALS,NA,SUP_CH_02,2018-01-01,2017-12-01,102.9351,106.2305,100.5758,48.6363,56.1335,35.185,93.815,0.84,108.95744
FMISV2_0002114,CHEMICALS|NA|SUP_CH_02,CHEMICALS,NA,SUP_CH_02,2018-02-01,2018-01-01,104.463,102.7035,99.418,50.9948,41.8915,35.544,93.452,1.6577,108.81983
FMISV2_0002115,CHEMICALS|NA|SUP_CH_02,CHEMICALS,NA,SUP_CH_02,2018-03-01,2018-02-01,104.2012,103.5918,101.8943,49.4252,54.977,31.799,92.804,1.2674,111.00794
FMISV2_0002116,CHEMICALS|NA|SUP_CH_02,CHEMICALS,NA,SUP_CH_02,2018-04-01,2018-03-01,105.138,103.5876,101.6394,51.3662,47.1506,30.279,93.901,2.0974,110.59722
FMISV2_0002117,CHEMICALS|NA|SUP_CH_02,CHEMICALS,NA,SUP_CH_02,2018-05-01,2018-04-01,108.9989,107.7421,104.9558,51.5444,44.6762,36.485,92.455,1.5971,110.9629
FMISV2_0002118,CHEMICALS|NA|SUP_CH_02,CHEMICALS,NA,SUP_CH_02,2018-06-01,2018-05-01,103.0247,89.8612,101.5482,51.4006,42.9213,35.844,93.081,2.4397,110.97354
FMISV2_0002119,CHEMICALS|NA|SUP_CH_02,CHEMICALS,NA,SUP_CH_02,2018-07-01,2018-06-01,101.6263,97.8658,98.9678,50.5753,34.2305,34.122,94.569,2.0925,108.09604
FMISV2_0002120,CHEMICALS|NA|SUP_CH_02,CHEMICALS,NA,SUP_CH_02,2018-08-01,2018-07-01,95.1124,98.4985,101.7436,50.5688,36.0903,33.237,94.331,2.5242,108.46384
FMISV2_0002121,CHEMICALS|NA|SUP_CH_02,CHEMICALS,NA,SUP_CH_02,2018-09-01,2018-08-01,100.7065,95.9444,98.4091,48.5661,40.7119,34.588,94.023,1.8376,106.26885
FMISV2_0002122,CHEMICALS|NA|SUP_CH_02,CHEMICALS,NA,SUP_CH_02,2018-10-01,2018-09-01,102.8332,96.9808,100.1625,48.9839,43.0843,28.843,94.909,1.6853,108.09304
FMISV2_0002123,CHEMICALS|NA|SUP_CH_02,CHEMICALS,NA,SUP_CH_02,2018-11-01,2018-10-01,94.31,101.6977,98.2403,48.472,52.8899,35.406,94.964,1.0445,109.94462
FMISV2_0002124,CHEMICALS|NA|SUP_CH_02,CHEMICALS,NA,SUP_CH_02,2018-12-01,2018-11-01,106.2305,103.9334,97.3727,46.8643,59.6302,32.248,93.52,1.6186,111.67207
FMISV2_0002125,CHEMICALS|NA|SUP_CH_02,CHEMICALS,NA,SUP_CH_02,2019-01-01,2018-12-01,104.4059,108.9392,100.0086,48.2305,39.572,32.278,93.433,1.5919,113.15917
FMISV2_0002126,CHEMICALS|NA|SUP_CH_02,CHEMICALS,NA,SUP_CH_02,2019-02-01,2019-01-01,104.8837,103.178,99.4007,46.8929,45.2941,36.815,93.664,1.9197,113.36621
FMISV2_0002127,CHEMICALS|NA|SUP_CH_02,CHEMICALS,NA,SUP_CH_02,2019-03-01,2019-02-01,109.3531,108.4711,101.8202,50.1918,48.6169,32.33,94.583,1.6115,116.73723
FMISV2_0002128,CHEMICALS|NA|SUP_CH_02,CHEMICALS,NA,SUP_CH_02,2019-04-01,2019-03-01,109.7496,102.3998,102.2581,49.2565,41.3393,35.369,94.483,1.6633,117.09121
FMISV2_0002129,CHEMICALS|NA|SUP_CH_02,CHEMICALS,NA,SUP_CH_02,2019-05-01,2019-04-01,110.2095,106.756,103.6425,49.2849,39.8617,37.413,93.46,1.9109,117.21646
FMISV2_0002130,CHEMICALS|NA|SUP_CH_02,CHEMICALS,NA,SUP_CH_02,2019-06-01,2019-05-01,108.2254,97.9224,102.3651,52.3753,47.4373,35.129,93.178,2.018,115.50264
FMISV2_0002131,CHEMICALS|NA|SUP_CH_02,CHEMICALS,NA,SUP_CH_02,2019-07-01,2019-06-01,99.5688,94.3285,102.6845,51.466,38.0408,33.744,92.618,1.5564,111.42959
FMISV2_0002132,CHEMICALS|NA|SUP_CH_02,CHEMICALS,NA,SUP_CH_02,2019-08-01,2019-07-01,103.3714,94.6544,99.4707,50.7377,39.4323,34.203,95.824,2.6937,110.07345
FMISV2_0002133,CHEMICALS|NA|SUP_CH_02,CHEMICALS,NA,SUP_CH_02,2019-09-01,2019-08-01,98.0391,93.4916,97.6608,54.667,57.5192,30.364,94.64,1.9307,110.0994
FMISV2_0002134,CHEMICALS|NA|SUP_CH_02,CHEMICALS,NA,SUP_CH_02,2019-10-01,2019-09-01,102.989,103.6798,97.7608,53.6604,61.5225,38.648,95.017,1.3528,112.44027
FMISV2_0002135,CHEMICALS|NA|SUP_CH_02,CHEMICALS,NA,SUP_CH_02,2019-11-01,2019-10-01,102.0679,106.9712,100.9316,50.0924,51.0232,28.026,93.963,2.0261,110.48563
FMISV2_0002136,CHEMICALS|NA|SUP_CH_02,CHEMICALS,NA,SUP_CH_02,2019-12-01,2019-11-01,102.9959,112.5474,98.2422,51.9865,47.8538,29.38,94.02,1.9415,112.47481
FMISV2_0002137,CHEMICALS|NA|SUP_CH_02,CHEMICALS,NA,SUP_CH_02,2020-01-01,2019-12-01,110.1435,110.9353,100.8027,53.376,48.3364,35.587,92.446,2.5421,113.99901
FMISV2_0002138,CHEMICALS|NA|SUP_CH_02,CHEMICALS,NA,SUP_CH_02,2020-02-01,2020-01-01,115.7955,113.3031,101.5166,53.1077,49.9563,32.485,95.962,2.1993,114.69961
FMISV2_0002139,CHEMICALS|NA|SUP_CH_02,CHEMICALS,NA,SUP_CH_02,2020-03-01,2020-02-01,109.2858,112.4017,101.1794,51.2515,54.1833,34.284,95.783,2.4442,116.20784
FMISV2_0002140,CHEMICALS|NA|SUP_CH_02,CHEMICALS,NA,SUP_CH_02,2020-04-01,2020-03-01,110.9579,102.4057,103.2083,48.2291,44.104,36.253,93.896,2.0775,123.91203
FMISV2_0002141,CHEMICALS|NA|SUP_CH_02,CHEMICALS,NA,SUP_CH_02,2020-05-01,2020-04-01,109.7981,104.8867,106.1296,47.3081,33.3903,31.657,95.347,2.4312,121.43606
FMISV2_0002142,CHEMICALS|NA|SUP_CH_02,CHEMICALS,NA,SUP_CH_02,2020-06-01,2020-05-01,117.5258,97.4377,102.5493,49.9225,40.85,33.708,93.918,2.1227,122.5982
FMISV2_0002143,CHEMICALS|NA|SUP_CH_02,CHEMICALS,NA,SUP_CH_02,2020-07-01,2020-06-01,103.2119,105.1801,101.0467,47.1907,36.2782,33.38,95.385,1.696,120.11244
FMISV2_0002144,CHEMICALS|NA|SUP_CH_02,CHEMICALS,NA,SUP_CH_02,2020-08-01,2020-07-01,104.6328,101.2908,98.5287,45.8148,35.0467,30.632,94.425,2.7002,119.19929
FMISV2_0002145,CHEMICALS|NA|SUP_CH_02,CHEMICALS,NA,SUP_CH_02,2020-09-01,2020-08-01,104.6045,93.7309,101.1491,45.0372,52.271,34.987,95.088,2.1206,117.33262
FMISV2_0002146,CHEMICALS|NA|SUP_CH_02,CHEMICALS,NA,SUP_CH_02,2020-10-01,2020-09-01,106.7902,105.8281,102.7858,50.1332,42.8674,30.701,95.947,1.6714,117.64467
FMISV2_0002147,CHEMICALS|NA|SUP_CH_02,CHEMICALS,NA,SUP_CH_02,2020-11-01,2020-10-01,103.5774,100.6185,98.7674,48.5166,49.1294,33.643,92.987,2.193,117.31841
FMISV2_0002148,CHEMICALS|NA|SUP_CH_02,CHEMICALS,NA,SUP_CH_02,2020-12-01,2020-11-01,106.6203,106.4558,101.8421,49.6546,44.2504,33.188,94.488,1.5075,119.0546
FMISV2_0002149,CHEMICALS|NA|SUP_CH_02,CHEMICALS,NA,SUP_CH_02,2021-01-01,2020-12-01,109.3489,114.0991,105.4086,52.8361,53.2156,32.332,94.891,2.0367,119.33541
FMISV2_0002150,CHEMICALS|NA|SUP_CH_02,CHEMICALS,NA,SUP_CH_02,2021-02-01,2021-01-01,115.0235,104.2425,101.3109,51.3815,58.0388,35.227,92.546,1.7865,119.39011
FMISV2_0002151,CHEMICALS|NA|SUP_CH_02,CHEMICALS,NA,SUP_CH_02,2021-03-01,2021-02-01,111.9497,104.6707,102.8056,53.4874,39.5819,28.809,95.734,1.8878,120.24998
FMISV2_0002152,CHEMICALS|NA|SUP_CH_02,CHEMICALS,NA,SUP_CH_02,2021-04-01,2021-03-01,119.6959,108.6164,107.6215,53.3608,46.4441,35.692,93.452,2.2394,120.20613
FMISV2_0002153,CHEMICALS|NA|SUP_CH_02,CHEMICALS,NA,SUP_CH_02,2021-05-01,2021-04-01,112.7161,96.394,101.8665,53.6997,38.7841,36.393,92.95,1.6836,120.8381
FMISV2_0002154,CHEMICALS|NA|SUP_CH_02,CHEMICALS,NA,SUP_CH_02,2021-06-01,2021-05-01,115.5709,99.8472,104.4861,52.1906,35.5554,30.574,93.402,1.9958,118.63687
FMISV2_0002155,CHEMICALS|NA|SUP_CH_02,CHEMICALS,NA,SUP_CH_02,2021-07-01,2021-06-01,110.2152,96.8253,104.0518,51.9469,35.4923,30.775,92.741,1.9817,117.40722
FMISV2_0002156,CHEMICALS|NA|SUP_CH_02,CHEMICALS,NA,SUP_CH_02,2021-08-01,2021-07-01,110.1049,94.9334,103.0118,49.9846,35.6575,33.572,92.731,1.637,116.94811
FMISV2_0002157,CHEMICALS|NA|SUP_CH_02,CHEMICALS,NA,SUP_CH_02,2021-09-01,2021-08-01,106.7397,107.617,98.8648,50.4862,41.908,35.883,92.984,2.4285,119.08345
FMISV2_0002158,CHEMICALS|NA|SUP_CH_02,CHEMICALS,NA,SUP_CH_02,2021-10-01,2021-09-01,110.6796,103.1365,99.303,51.3607,42.8419,31.988,93.56,2.4679,126.63785
FMISV2_0002159,CHEMICALS|NA|SUP_CH_02,CHEMICALS,NA,SUP_CH_02,2021-11-01,2021-10-01,115.1356,105.9621,97.7593,49.3118,54.4724,38.816,94.132,2.1577,124.60513
FMISV2_0002160,CHEMICALS|NA|SUP_CH_02,CHEMICALS,NA,SUP_CH_02,2021-12-01,2021-11-01,111.337,105.5673,104.056,46.4528,55.7673,37.632,94.263,1.826,124.31723
FMISV2_0002161,CHEMICALS|NA|SUP_CH_02,CHEMICALS,NA,SUP_CH_02,2022-01-01,2021-12-01,112.1994,123.5805,104.6943,46.7115,48.5703,34.184,93.263,3.0544,124.82192
FMISV2_0002162,CHEMICALS|NA|SUP_CH_02,CHEMICALS,NA,SUP_CH_02,2022-02-01,2022-01-01,111.0395,108.0289,104.7631,46.3247,53.8425,34.178,94.932,2.2017,123.80112
FMISV2_0002163,CHEMICALS|NA|SUP_CH_02,CHEMICALS,NA,SUP_CH_02,2022-03-01,2022-02-01,117.252,112.121,103.2922,47.844,46.8625,31.545,93.147,2.4149,132.76963
FMISV2_0002164,CHEMICALS|NA|SUP_CH_02,CHEMICALS,NA,SUP_CH_02,2022-04-01,2022-03-01,121.0944,101.5237,103.4333,48.0325,40.8477,34.026,90.948,2.167,130.98351
FMISV2_0002165,CHEMICALS|NA|SUP_CH_02,CHEMICALS,NA,SUP_CH_02,2022-05-01,2022-04-01,114.3896,107.384,102.4593,46.61,52.7075,32.587,91.933,2.467,129.01318
FMISV2_0002166,CHEMICALS|NA|SUP_CH_02,CHEMICALS,NA,SUP_CH_02,2022-06-01,2022-05-01,113.7828,101.4587,103.1666,46.9302,38.2018,35.953,91.95,2.0066,126.68587
FMISV2_0002167,CHEMICALS|NA|SUP_CH_02,CHEMICALS,NA,SUP_CH_02,2022-07-01,2022-06-01,114.0836,102.0775,103.4293,51.5686,39.4617,31.104,94.915,2.3489,123.18107
FMISV2_0002168,CHEMICALS|NA|SUP_CH_02,CHEMICALS,NA,SUP_CH_02,2022-08-01,2022-07-01,117.7614,102.1247,103.5599,51.5157,40.2741,34.98,94.156,2.9748,121.13452
FMISV2_0002169,CHEMICALS|NA|SUP_CH_02,CHEMICALS,NA,SUP_CH_02,2022-09-01,2022-08-01,107.0092,95.0342,100.4026,51.8277,40.9866,32.168,95.205,2.3084,124.14926
FMISV2_0002170,CHEMICALS|NA|SUP_CH_02,CHEMICALS,NA,SUP_CH_02,2022-10-01,2022-09-01,112.5549,103.18,101.3022,52.9565,42.8768,36.136,95.175,2.0602,125.97862
FMISV2_0002171,CHEMICALS|NA|SUP_CH_02,CHEMICALS,NA,SUP_CH_02,2022-11-01,2022-10-01,112.6264,100.6801,99.6677,52.7293,52.0187,36.029,93.357,2.5167,126.84795
FMISV2_0002172,CHEMICALS|NA|SUP_CH_02,CHEMICALS,NA,SUP_CH_02,2022-12-01,2022-11-01,119.7558,102.1387,102.4363,51.9272,57.4425,35.487,94.312,2.3726,128.72868
FMISV2_0002173,CHEMICALS|NA|SUP_CH_02,CHEMICALS,NA,SUP_CH_02,2023-01-01,2022-12-01,116.6644,108.2256,103.125,49.7243,58.1623,39.538,94.051,2.5925,130.01053
FMISV2_0002174,CHEMICALS|NA|SUP_CH_02,CHEMICALS,NA,SUP_CH_02,2023-02-01,2023-01-01,118.8731,114.9764,103.5984,50.5961,47.0902,35.385,94.158,2.5534,132.14723
FMISV2_0002175,CHEMICALS|NA|SUP_CH_02,CHEMICALS,NA,SUP_CH_02,2023-03-01,2023-02-01,122.1048,112.1693,101.4336,49.2389,34.0285,36.051,94.992,2.5935,130.90068
FMISV2_0002176,CHEMICALS|NA|SUP_CH_02,CHEMICALS,NA,SUP_CH_02,2023-04-01,2023-03-01,121.5099,111.6855,106.8462,51.7497,38.5977,29.233,92.282,3.1392,131.91181
FMISV2_0002177,CHEMICALS|NA|SUP_CH_02,CHEMICALS,NA,SUP_CH_02,2023-05-01,2023-04-01,120.5085,107.1975,106.7641,48.0522,43.8878,33.476,95.189,2.2409,129.98739
FMISV2_0002178,CHEMICALS|NA|SUP_CH_02,CHEMICALS,NA,SUP_CH_02,2023-06-01,2023-05-01,117.5433,107.3286,106.5988,46.8898,33.7447,31.468,95.192,2.0424,130.40379
FMISV2_0002179,CHEMICALS|NA|SUP_CH_02,CHEMICALS,NA,SUP_CH_02,2023-07-01,2023-06-01,120.1308,101.7859,100.7742,46.994,36.5958,35.029,91.895,2.4743,128.31889
FMISV2_0002180,CHEMICALS|NA|SUP_CH_02,CHEMICALS,NA,SUP_CH_02,2023-08-01,2023-07-01,116.5932,99.4298,101.0115,45.6769,45.0821,33.917,92.635,2.593,126.58242
FMISV2_0002181,CHEMICALS|NA|SUP_CH_02,CHEMICALS,NA,SUP_CH_02,2023-09-01,2023-08-01,119.9535,102.9296,99.8995,47.7256,48.7099,34.79,94.34,2.74,127.89147
FMISV2_0002182,CHEMICALS|NA|SUP_CH_02,CHEMICALS,NA,SUP_CH_02,2023-10-01,2023-09-01,117.4428,107.1494,101.5032,48.2576,48.8767,33.018,95.218,2.4637,127.38109
FMISV2_0002183,CHEMICALS|NA|SUP_CH_02,CHEMICALS,NA,SUP_CH_02,2023-11-01,2023-10-01,116.1112,97.4167,100.7329,47.0184,50.484,32.624,96.191,2.9757,126.29651
FMISV2_0002184,CHEMICALS|NA|SUP_CH_02,CHEMICALS,NA,SUP_CH_02,2023-12-01,2023-11-01,116.4076,105.556,103.4549,49.4617,51.8451,32.709,96.927,2.3966,124.28215
FMISV2_0002185,CHEMICALS|NA|SUP_CH_02,CHEMICALS,NA,SUP_CH_02,2024-01-01,2023-12-01,117.4845,115.6111,103.0926,50.6718,46.8861,35.75,93.611,2.2979,125.54554
FMISV2_0002186,CHEMICALS|NA|SUP_CH_02,CHEMICALS,NA,SUP_CH_02,2024-02-01,2024-01-01,117.8622,118.6903,103.9719,53.9543,49.0509,30.675,93.82,3.2582,127.60807
FMISV2_0002187,CHEMICALS|NA|SUP_CH_02,CHEMICALS,NA,SUP_CH_02,2024-03-01,2024-02-01,127.4457,115.9259,106.1699,51.2903,43.3594,34.301,95.264,3.0635,127.90234
FMISV2_0002188,CHEMICALS|NA|SUP_CH_02,CHEMICALS,NA,SUP_CH_02,2024-04-01,2024-03-01,128.731,115.0208,103.9683,52.6001,40.3482,29.438,91.993,3.2107,130.5405
FMISV2_0002189,CHEMICALS|NA|SUP_CH_02,CHEMICALS,NA,SUP_CH_02,2024-05-01,2024-04-01,124.2926,114.35,106.4772,54.2701,40.2109,33.294,95.188,3.2227,133.63729
FMISV2_0002190,CHEMICALS|NA|SUP_CH_02,CHEMICALS,NA,SUP_CH_02,2024-06-01,2024-05-01,119.1319,108.8524,106.9663,53.1257,30.6917,30.255,95.813,2.6445,133.20588
FMISV2_0002191,CHEMICALS|NA|SUP_CH_02,CHEMICALS,NA,SUP_CH_02,2024-07-01,2024-06-01,122.1279,102.1748,103.3773,53.1732,41.7271,37.515,93.867,2.68,133.48692
FMISV2_0002192,CHEMICALS|NA|SUP_CH_02,CHEMICALS,NA,SUP_CH_02,2024-08-01,2024-07-01,121.4915,100.0442,101.4032,49.9254,43.1696,33.53,92.4,2.5509,132.64366
FMISV2_0002193,CHEMICALS|NA|SUP_CH_02,CHEMICALS,NA,SUP_CH_02,2024-09-01,2024-08-01,116.8088,106.9974,103.8088,51.7429,43.7449,30.445,93.814,2.4053,133.0828
FMISV2_0002194,CHEMICALS|NA|SUP_CH_02,CHEMICALS,NA,SUP_CH_02,2024-10-01,2024-09-01,120.5409,107.4528,102.2896,50.1718,44.5531,34.874,93.42,3.4988,131.45625
FMISV2_0002195,CHEMICALS|NA|SUP_CH_02,CHEMICALS,NA,SUP_CH_02,2024-11-01,2024-10-01,121.8495,112.1516,102.0842,46.0944,62.486,35.555,92.226,2.887,132.54336
FMISV2_0002196,CHEMICALS|NA|SUP_CH_02,CHEMICALS,NA,SUP_CH_02,2024-12-01,2024-11-01,119.2886,110.8493,102.0861,47.805,56.3391,32.235,92.882,2.6584,131.5713
FMISV2_0002197,CHEMICALS|NA|SUP_CH_02,CHEMICALS,NA,SUP_CH_02,2025-01-01,2024-12-01,122.7039,115.5027,99.9812,48.0898,50.8256,34.828,92.313,2.6966,132.41254
FMISV2_0002198,CHEMICALS|NA|SUP_CH_02,CHEMICALS,NA,SUP_CH_02,2025-02-01,2025-01-01,126.956,117.1364,106.8986,46.2308,40.1366,28.152,93.059,2.8163,132.98181
FMISV2_0002199,CHEMICALS|NA|SUP_CH_02,CHEMICALS,NA,SUP_CH_02,2025-03-01,2025-02-01,125.8724,113.8069,106.1405,46.5923,42.2164,34.295,93.99,2.5938,132.60953
FMISV2_0002200,CHEMICALS|NA|SUP_CH_02,CHEMICALS,NA,SUP_CH_02,2025-04-01,2025-03-01,125.8778,115.5665,105.1213,47.5916,47.7817,32.866,94.474,3.4648,130.72287
FMISV2_0002201,CHEMICALS|NA|SUP_CH_02,CHEMICALS,NA,SUP_CH_02,2025-05-01,2025-04-01,130.4023,108.1206,106.0392,48.8451,34.3671,32.334,96.123,2.7818,131.43456
FMISV2_0002202,CHEMICALS|NA|SUP_CH_02,CHEMICALS,NA,SUP_CH_02,2025-06-01,2025-05-01,131.4832,108.1694,104.6928,47.773,28.9754,31.114,91.363,2.9723,130.12897
FMISV2_0002203,CHEMICALS|NA|SUP_CH_02,CHEMICALS,NA,SUP_CH_02,2025-07-01,2025-06-01,120.0944,108.2497,102.6785,49.3896,42.5897,30.751,95.069,2.7847,130.50083
FMISV2_0002204,CHEMICALS|NA|SUP_CH_02,CHEMICALS,NA,SUP_CH_02,2025-08-01,2025-07-01,125.0966,109.1851,103.0924,52.9039,39.7252,31.949,95.92,3.2162,131.28341
FMISV2_0002205,CHEMICALS|NA|SUP_CH_02,CHEMICALS,NA,SUP_CH_02,2025-09-01,2025-08-01,119.1498,102.1444,102.4934,51.1776,42.7608,32.192,94.782,3.3249,132.03596
FMISV2_0002206,CHEMICALS|NA|SUP_CH_02,CHEMICALS,NA,SUP_CH_02,2025-10-01,2025-09-01,121.2697,100.6346,103.7132,51.6835,48.0615,32.715,92.117,3.2558,132.3415
FMISV2_0002207,CHEMICALS|NA|SUP_CH_02,CHEMICALS,NA,SUP_CH_02,2025-11-01,2025-10-01,123.2357,110.9781,102.9168,53.3797,56.8966,32.759,92.213,3.3447,132.52012
FMISV2_0002208,CHEMICALS|NA|SUP_CH_02,CHEMICALS,NA,SUP_CH_02,2025-12-01,2025-11-01,126.6494,116.7064,104.5306,52.3006,43.2784,32.612,94.149,3.2086,133.13611
FMISV2_0002209,CHEMICALS|NA|SUP_CH_03,CHEMICALS,NA,SUP_CH_03,2018-01-01,2017-12-01,102.9351,106.2305,98.8384,48.6363,56.1335,26.425,91.193,1.4753,103.61441
FMISV2_0002210,CHEMICALS|NA|SUP_CH_03,CHEMICALS,NA,SUP_CH_03,2018-02-01,2018-01-01,104.463,102.7035,100.5989,50.9948,41.8915,25.799,93.956,1.7211,106.12263
FMISV2_0002211,CHEMICALS|NA|SUP_CH_03,CHEMICALS,NA,SUP_CH_03,2018-03-01,2018-02-01,104.2012,103.5918,104.2135,49.4252,54.977,26.733,91.151,1.4381,107.34557
FMISV2_0002212,CHEMICALS|NA|SUP_CH_03,CHEMICALS,NA,SUP_CH_03,2018-04-01,2018-03-01,105.138,103.5876,103.3115,51.3662,47.1506,24.207,89.099,1.7751,107.66326
FMISV2_0002213,CHEMICALS|NA|SUP_CH_03,CHEMICALS,NA,SUP_CH_03,2018-05-01,2018-04-01,108.9989,107.7421,105.2166,51.5444,44.6762,25.536,91.676,2.2145,109.93721
FMISV2_0002214,CHEMICALS|NA|SUP_CH_03,CHEMICALS,NA,SUP_CH_03,2018-06-01,2018-05-01,103.0247,89.8612,103.1445,51.4006,42.9213,26.745,91.913,2.0553,107.6528
FMISV2_0002215,CHEMICALS|NA|SUP_CH_03,CHEMICALS,NA,SUP_CH_03,2018-07-01,2018-06-01,101.6263,97.8658,99.1247,50.5753,34.2305,25.8,91.252,1.6734,106.06328
FMISV2_0002216,CHEMICALS|NA|SUP_CH_03,CHEMICALS,NA,SUP_CH_03,2018-08-01,2018-07-01,95.1124,98.4985,97.7526,50.5688,36.0903,28.559,90.16,1.8138,103.88782
FMISV2_0002217,CHEMICALS|NA|SUP_CH_03,CHEMICALS,NA,SUP_CH_03,2018-09-01,2018-08-01,100.7065,95.9444,98.0587,48.5661,40.7119,27.05,91.062,1.8923,102.41794
FMISV2_0002218,CHEMICALS|NA|SUP_CH_03,CHEMICALS,NA,SUP_CH_03,2018-10-01,2018-09-01,102.8332,96.9808,98.4537,48.9839,43.0843,23.02,90.899,1.3347,103.09383
FMISV2_0002219,CHEMICALS|NA|SUP_CH_03,CHEMICALS,NA,SUP_CH_03,2018-11-01,2018-10-01,94.31,101.6977,96.023,48.472,52.8899,27.344,90.418,1.677,106.24058
FMISV2_0002220,CHEMICALS|NA|SUP_CH_03,CHEMICALS,NA,SUP_CH_03,2018-12-01,2018-11-01,106.2305,103.9334,97.0187,46.8643,59.6302,29.675,92.814,1.8498,107.6933
FMISV2_0002221,CHEMICALS|NA|SUP_CH_03,CHEMICALS,NA,SUP_CH_03,2019-01-01,2018-12-01,104.4059,108.9392,100.7316,48.2305,39.572,25.781,91.994,2.0272,106.0058
FMISV2_0002222,CHEMICALS|NA|SUP_CH_03,CHEMICALS,NA,SUP_CH_03,2019-02-01,2019-01-01,104.8837,103.178,104.3183,46.8929,45.2941,27.603,92.248,1.9488,106.20699
FMISV2_0002223,CHEMICALS|NA|SUP_CH_03,CHEMICALS,NA,SUP_CH_03,2019-03-01,2019-02-01,109.3531,108.4711,104.46,50.1918,48.6169,27.098,92.79,2.0346,109.29328
FMISV2_0002224,CHEMICALS|NA|SUP_CH_03,CHEMICALS,NA,SUP_CH_03,2019-04-01,2019-03-01,109.7496,102.3998,100.9734,49.2565,41.3393,26.501,92.48,1.4074,108.53397
FMISV2_0002225,CHEMICALS|NA|SUP_CH_03,CHEMICALS,NA,SUP_CH_03,2019-05-01,2019-04-01,110.2095,106.756,102.1295,49.2849,39.8617,25.395,90.433,1.5746,107.6627
FMISV2_0002226,CHEMICALS|NA|SUP_CH_03,CHEMICALS,NA,SUP_CH_03,2019-06-01,2019-05-01,108.2254,97.9224,100.7858,52.3753,47.4373,29.208,91.791,2.3849,107.13678
FMISV2_0002227,CHEMICALS|NA|SUP_CH_03,CHEMICALS,NA,SUP_CH_03,2019-07-01,2019-06-01,99.5688,94.3285,101.0061,51.466,38.0408,24.3,92.033,1.9799,105.93636
FMISV2_0002228,CHEMICALS|NA|SUP_CH_03,CHEMICALS,NA,SUP_CH_03,2019-08-01,2019-07-01,103.3714,94.6544,99.048,50.7377,39.4323,27.221,91.765,1.9524,104.51003
FMISV2_0002229,CHEMICALS|NA|SUP_CH_03,CHEMICALS,NA,SUP_CH_03,2019-09-01,2019-08-01,98.0391,93.4916,98.0993,54.667,57.5192,25.374,92.469,1.7125,105.40291
FMISV2_0002230,CHEMICALS|NA|SUP_CH_03,CHEMICALS,NA,SUP_CH_03,2019-10-01,2019-09-01,102.989,103.6798,99.0475,53.6604,61.5225,25.469,93.067,2.0111,107.00418
FMISV2_0002231,CHEMICALS|NA|SUP_CH_03,CHEMICALS,NA,SUP_CH_03,2019-11-01,2019-10-01,102.0679,106.9712,98.856,50.0924,51.0232,25.21,93.528,1.7169,107.05159
FMISV2_0002232,CHEMICALS|NA|SUP_CH_03,CHEMICALS,NA,SUP_CH_03,2019-12-01,2019-11-01,102.9959,112.5474,100.5959,51.9865,47.8538,25.628,91.384,1.5098,108.16371
FMISV2_0002233,CHEMICALS|NA|SUP_CH_03,CHEMICALS,NA,SUP_CH_03,2020-01-01,2019-12-01,110.1435,110.9353,100.5041,53.376,48.3364,27.792,91.058,2.4465,109.9892
FMISV2_0002234,CHEMICALS|NA|SUP_CH_03,CHEMICALS,NA,SUP_CH_03,2020-02-01,2020-01-01,115.7955,113.3031,99.9947,53.1077,49.9563,28.18,91.287,1.8537,111.89542
FMISV2_0002235,CHEMICALS|NA|SUP_CH_03,CHEMICALS,NA,SUP_CH_03,2020-03-01,2020-02-01,109.2858,112.4017,105.8075,51.2515,54.1833,22.327,92.124,1.5527,112.43559
FMISV2_0002236,CHEMICALS|NA|SUP_CH_03,CHEMICALS,NA,SUP_CH_03,2020-04-01,2020-03-01,110.9579,102.4057,106.1707,48.2291,44.104,25.595,93.04,2.2279,120.41945
FMISV2_0002237,CHEMICALS|NA|SUP_CH_03,CHEMICALS,NA,SUP_CH_03,2020-05-01,2020-04-01,109.7981,104.8867,103.9483,47.3081,33.3903,27.407,89.83,2.339,116.32977
FMISV2_0002238,CHEMICALS|NA|SUP_CH_03,CHEMICALS,NA,SUP_CH_03,2020-06-01,2020-05-01,117.5258,97.4377,100.3762,49.9225,40.85,23.011,93.515,1.4333,115.34147
FMISV2_0002239,CHEMICALS|NA|SUP_CH_03,CHEMICALS,NA,SUP_CH_03,2020-07-01,2020-06-01,103.2119,105.1801,103.5969,47.1907,36.2782,24.107,89.808,2.1939,112.39474
FMISV2_0002240,CHEMICALS|NA|SUP_CH_03,CHEMICALS,NA,SUP_CH_03,2020-08-01,2020-07-01,104.6328,101.2908,101.9151,45.8148,35.0467,23.574,90.195,2.4182,111.40568
FMISV2_0002241,CHEMICALS|NA|SUP_CH_03,CHEMICALS,NA,SUP_CH_03,2020-09-01,2020-08-01,104.6045,93.7309,97.4343,45.0372,52.271,25.214,92.215,2.1765,110.3164
FMISV2_0002242,CHEMICALS|NA|SUP_CH_03,CHEMICALS,NA,SUP_CH_03,2020-10-01,2020-09-01,106.7902,105.8281,102.3226,50.1332,42.8674,25.737,92.646,2.7677,112.40127
FMISV2_0002243,CHEMICALS|NA|SUP_CH_03,CHEMICALS,NA,SUP_CH_03,2020-11-01,2020-10-01,103.5774,100.6185,97.7173,48.5166,49.1294,26.165,90.336,2.7781,113.69033
FMISV2_0002244,CHEMICALS|NA|SUP_CH_03,CHEMICALS,NA,SUP_CH_03,2020-12-01,2020-11-01,106.6203,106.4558,98.6694,49.6546,44.2504,22.444,90.443,1.6544,113.26958
FMISV2_0002245,CHEMICALS|NA|SUP_CH_03,CHEMICALS,NA,SUP_CH_03,2021-01-01,2020-12-01,109.3489,114.0991,99.9143,52.8361,53.2156,25.265,92.671,2.4084,114.04989
FMISV2_0002246,CHEMICALS|NA|SUP_CH_03,CHEMICALS,NA,SUP_CH_03,2021-02-01,2021-01-01,115.0235,104.2425,103.29,51.3815,58.0388,25.568,92.056,2.0209,113.15507
FMISV2_0002247,CHEMICALS|NA|SUP_CH_03,CHEMICALS,NA,SUP_CH_03,2021-03-01,2021-02-01,111.9497,104.6707,102.5084,53.4874,39.5819,21.823,91.165,2.3132,114.23913
FMISV2_0002248,CHEMICALS|NA|SUP_CH_03,CHEMICALS,NA,SUP_CH_03,2021-04-01,2021-03-01,119.6959,108.6164,101.1173,53.3608,46.4441,26.851,92.984,2.2861,116.72429
FMISV2_0002249,CHEMICALS|NA|SUP_CH_03,CHEMICALS,NA,SUP_CH_03,2021-05-01,2021-04-01,112.7161,96.394,104.1018,53.6997,38.7841,23.212,92.169,1.7846,115.90723
FMISV2_0002250,CHEMICALS|NA|SUP_CH_03,CHEMICALS,NA,SUP_CH_03,2021-06-01,2021-05-01,115.5709,99.8472,105.5436,52.1906,35.5554,26.332,90.578,3.1436,117.75753
FMISV2_0002251,CHEMICALS|NA|SUP_CH_03,CHEMICALS,NA,SUP_CH_03,2021-07-01,2021-06-01,110.2152,96.8253,101.3369,51.9469,35.4923,25.207,92.355,1.7947,116.53918
FMISV2_0002252,CHEMICALS|NA|SUP_CH_03,CHEMICALS,NA,SUP_CH_03,2021-08-01,2021-07-01,110.1049,94.9334,102.8325,49.9846,35.6575,24.708,89.686,2.0008,114.35613
FMISV2_0002253,CHEMICALS|NA|SUP_CH_03,CHEMICALS,NA,SUP_CH_03,2021-09-01,2021-08-01,106.7397,107.617,100.7095,50.4862,41.908,25.994,91.331,2.2316,114.54442
FMISV2_0002254,CHEMICALS|NA|SUP_CH_03,CHEMICALS,NA,SUP_CH_03,2021-10-01,2021-09-01,110.6796,103.1365,99.881,51.3607,42.8419,27.943,90.694,2.937,121.41565
FMISV2_0002255,CHEMICALS|NA|SUP_CH_03,CHEMICALS,NA,SUP_CH_03,2021-11-01,2021-10-01,115.1356,105.9621,98.8883,49.3118,54.4724,29.948,91.433,1.9652,120.26566
FMISV2_0002256,CHEMICALS|NA|SUP_CH_03,CHEMICALS,NA,SUP_CH_03,2021-12-01,2021-11-01,111.337,105.5673,98.9244,46.4528,55.7673,25.252,90.847,2.5891,118.56994
FMISV2_0002257,CHEMICALS|NA|SUP_CH_03,CHEMICALS,NA,SUP_CH_03,2022-01-01,2021-12-01,112.1994,123.5805,103.9433,46.7115,48.5703,26.454,93.125,1.9092,117.50406
FMISV2_0002258,CHEMICALS|NA|SUP_CH_03,CHEMICALS,NA,SUP_CH_03,2022-02-01,2022-01-01,111.0395,108.0289,104.6455,46.3247,53.8425,24.138,90.579,1.312,117.68007
FMISV2_0002259,CHEMICALS|NA|SUP_CH_03,CHEMICALS,NA,SUP_CH_03,2022-03-01,2022-02-01,117.252,112.121,105.1315,47.844,46.8625,27.299,91.683,2.0714,124.82552
FMISV2_0002260,CHEMICALS|NA|SUP_CH_03,CHEMICALS,NA,SUP_CH_03,2022-04-01,2022-03-01,121.0944,101.5237,104.0188,48.0325,40.8477,23.521,91.731,2.3318,124.46416
FMISV2_0002261,CHEMICALS|NA|SUP_CH_03,CHEMICALS,NA,SUP_CH_03,2022-05-01,2022-04-01,114.3896,107.384,104.9531,46.61,52.7075,23.643,92.716,2.9515,121.45162
FMISV2_0002262,CHEMICALS|NA|SUP_CH_03,CHEMICALS,NA,SUP_CH_03,2022-06-01,2022-05-01,113.7828,101.4587,100.9887,46.9302,38.2018,17.559,91.826,2.7519,119.65144
FMISV2_0002263,CHEMICALS|NA|SUP_CH_03,CHEMICALS,NA,SUP_CH_03,2022-07-01,2022-06-01,114.0836,102.0775,102.3313,51.5686,39.4617,25.778,91.099,2.6846,119.74245
FMISV2_0002264,CHEMICALS|NA|SUP_CH_03,CHEMICALS,NA,SUP_CH_03,2022-08-01,2022-07-01,117.7614,102.1247,102.2459,51.5157,40.2741,23.126,90.868,2.8556,117.81907
FMISV2_0002265,CHEMICALS|NA|SUP_CH_03,CHEMICALS,NA,SUP_CH_03,2022-09-01,2022-08-01,107.0092,95.0342,99.0983,51.8277,40.9866,22.295,92.665,2.1232,116.47015
FMISV2_0002266,CHEMICALS|NA|SUP_CH_03,CHEMICALS,NA,SUP_CH_03,2022-10-01,2022-09-01,112.5549,103.18,100.5566,52.9565,42.8768,28.787,92.197,2.6578,117.38874
FMISV2_0002267,CHEMICALS|NA|SUP_CH_03,CHEMICALS,NA,SUP_CH_03,2022-11-01,2022-10-01,112.6264,100.6801,103.9642,52.7293,52.0187,29.005,92.203,2.4159,117.93923
FMISV2_0002268,CHEMICALS|NA|SUP_CH_03,CHEMICALS,NA,SUP_CH_03,2022-12-01,2022-11-01,119.7558,102.1387,102.0484,51.9272,57.4425,25.935,91.294,2.4698,119.18981
FMISV2_0002269,CHEMICALS|NA|SUP_CH_03,CHEMICALS,NA,SUP_CH_03,2023-01-01,2022-12-01,116.6644,108.2256,103.8017,49.7243,58.1623,28.999,92.059,1.8604,118.79872
FMISV2_0002270,CHEMICALS|NA|SUP_CH_03,CHEMICALS,NA,SUP_CH_03,2023-02-01,2023-01-01,118.8731,114.9764,105.1161,50.5961,47.0902,23.312,91.945,2.7767,120.38023
FMISV2_0002271,CHEMICALS|NA|SUP_CH_03,CHEMICALS,NA,SUP_CH_03,2023-03-01,2023-02-01,122.1048,112.1693,104.1978,49.2389,34.0285,23.507,89.617,3.0643,122.03815
FMISV2_0002272,CHEMICALS|NA|SUP_CH_03,CHEMICALS,NA,SUP_CH_03,2023-04-01,2023-03-01,121.5099,111.6855,104.2744,51.7497,38.5977,22.185,92.269,2.0369,122.23047
FMISV2_0002273,CHEMICALS|NA|SUP_CH_03,CHEMICALS,NA,SUP_CH_03,2023-05-01,2023-04-01,120.5085,107.1975,104.6363,48.0522,43.8878,27.365,91.331,2.7767,123.67287
FMISV2_0002274,CHEMICALS|NA|SUP_CH_03,CHEMICALS,NA,SUP_CH_03,2023-06-01,2023-05-01,117.5433,107.3286,101.6411,46.8898,33.7447,27.039,92.513,1.9241,121.79822
FMISV2_0002275,CHEMICALS|NA|SUP_CH_03,CHEMICALS,NA,SUP_CH_03,2023-07-01,2023-06-01,120.1308,101.7859,104.6429,46.994,36.5958,22.955,91.178,2.7819,121.52728
FMISV2_0002276,CHEMICALS|NA|SUP_CH_03,CHEMICALS,NA,SUP_CH_03,2023-08-01,2023-07-01,116.5932,99.4298,99.9402,45.6769,45.0821,27.643,91.321,1.9722,121.6319
FMISV2_0002277,CHEMICALS|NA|SUP_CH_03,CHEMICALS,NA,SUP_CH_03,2023-09-01,2023-08-01,119.9535,102.9296,100.1063,47.7256,48.7099,26.341,92.015,2.1398,121.09035
FMISV2_0002278,CHEMICALS|NA|SUP_CH_03,CHEMICALS,NA,SUP_CH_03,2023-10-01,2023-09-01,117.4428,107.1494,99.5734,48.2576,48.8767,26.622,91.441,2.3507,119.73712
FMISV2_0002279,CHEMICALS|NA|SUP_CH_03,CHEMICALS,NA,SUP_CH_03,2023-11-01,2023-10-01,116.1112,97.4167,96.8632,47.0184,50.484,22.568,91.805,2.3997,118.62774
FMISV2_0002280,CHEMICALS|NA|SUP_CH_03,CHEMICALS,NA,SUP_CH_03,2023-12-01,2023-11-01,116.4076,105.556,101.8948,49.4617,51.8451,28.295,91.963,2.6563,120.99222
FMISV2_0002281,CHEMICALS|NA|SUP_CH_03,CHEMICALS,NA,SUP_CH_03,2024-01-01,2023-12-01,117.4845,115.6111,104.5927,50.6718,46.8861,24.391,90.741,2.3647,122.73927
FMISV2_0002282,CHEMICALS|NA|SUP_CH_03,CHEMICALS,NA,SUP_CH_03,2024-02-01,2024-01-01,117.8622,118.6903,107.6441,53.9543,49.0509,27.444,90.672,2.3518,123.86528
FMISV2_0002283,CHEMICALS|NA|SUP_CH_03,CHEMICALS,NA,SUP_CH_03,2024-03-01,2024-02-01,127.4457,115.9259,106.7593,51.2903,43.3594,27.996,91.641,2.3959,123.16076
FMISV2_0002284,CHEMICALS|NA|SUP_CH_03,CHEMICALS,NA,SUP_CH_03,2024-04-01,2024-03-01,128.731,115.0208,107.0068,52.6001,40.3482,25.257,91.292,3.4115,125.17841
FMISV2_0002285,CHEMICALS|NA|SUP_CH_03,CHEMICALS,NA,SUP_CH_03,2024-05-01,2024-04-01,124.2926,114.35,105.8534,54.2701,40.2109,26.849,92.305,2.8823,125.46175
FMISV2_0002286,CHEMICALS|NA|SUP_CH_03,CHEMICALS,NA,SUP_CH_03,2024-06-01,2024-05-01,119.1319,108.8524,105.1745,53.1257,30.6917,30.256,91.655,3.1512,126.91057
FMISV2_0002287,CHEMICALS|NA|SUP_CH_03,CHEMICALS,NA,SUP_CH_03,2024-07-01,2024-06-01,122.1279,102.1748,101.0755,53.1732,41.7271,24.91,93.041,2.6088,126.42029
FMISV2_0002288,CHEMICALS|NA|SUP_CH_03,CHEMICALS,NA,SUP_CH_03,2024-08-01,2024-07-01,121.4915,100.0442,106.8237,49.9254,43.1696,20.212,90.225,2.6556,126.26189
FMISV2_0002289,CHEMICALS|NA|SUP_CH_03,CHEMICALS,NA,SUP_CH_03,2024-09-01,2024-08-01,116.8088,106.9974,101.1258,51.7429,43.7449,25.902,92.102,3.1821,123.64144
FMISV2_0002290,CHEMICALS|NA|SUP_CH_03,CHEMICALS,NA,SUP_CH_03,2024-10-01,2024-09-01,120.5409,107.4528,103.7398,50.1718,44.5531,21.017,93.042,3.0522,123.1488
FMISV2_0002291,CHEMICALS|NA|SUP_CH_03,CHEMICALS,NA,SUP_CH_03,2024-11-01,2024-10-01,121.8495,112.1516,103.3163,46.0944,62.486,30.686,90.321,2.4053,123.78334
FMISV2_0002292,CHEMICALS|NA|SUP_CH_03,CHEMICALS,NA,SUP_CH_03,2024-12-01,2024-11-01,119.2886,110.8493,105.6928,47.805,56.3391,26.669,90.699,3.1232,125.03482
FMISV2_0002293,CHEMICALS|NA|SUP_CH_03,CHEMICALS,NA,SUP_CH_03,2025-01-01,2024-12-01,122.7039,115.5027,103.5149,48.0898,50.8256,26.198,92.869,3.392,126.91006
FMISV2_0002294,CHEMICALS|NA|SUP_CH_03,CHEMICALS,NA,SUP_CH_03,2025-02-01,2025-01-01,126.956,117.1364,104.6943,46.2308,40.1366,21.952,91.407,2.9506,126.60041
FMISV2_0002295,CHEMICALS|NA|SUP_CH_03,CHEMICALS,NA,SUP_CH_03,2025-03-01,2025-02-01,125.8724,113.8069,106.4582,46.5923,42.2164,24.497,89.885,3.4969,129.05775
FMISV2_0002296,CHEMICALS|NA|SUP_CH_03,CHEMICALS,NA,SUP_CH_03,2025-04-01,2025-03-01,125.8778,115.5665,105.2111,47.5916,47.7817,24.286,90.142,2.7691,130.69154
FMISV2_0002297,CHEMICALS|NA|SUP_CH_03,CHEMICALS,NA,SUP_CH_03,2025-05-01,2025-04-01,130.4023,108.1206,109.2882,48.8451,34.3671,25.994,90.056,3.5212,129.55919
FMISV2_0002298,CHEMICALS|NA|SUP_CH_03,CHEMICALS,NA,SUP_CH_03,2025-06-01,2025-05-01,131.4832,108.1694,107.6455,47.773,28.9754,22.139,91.787,2.5593,127.72706
FMISV2_0002299,CHEMICALS|NA|SUP_CH_03,CHEMICALS,NA,SUP_CH_03,2025-07-01,2025-06-01,120.0944,108.2497,104.2196,49.3896,42.5897,24.377,91.301,3.5356,129.12148
FMISV2_0002300,CHEMICALS|NA|SUP_CH_03,CHEMICALS,NA,SUP_CH_03,2025-08-01,2025-07-01,125.0966,109.1851,104.0185,52.9039,39.7252,23.45,91.678,3.0492,127.2
FMISV2_0002301,CHEMICALS|NA|SUP_CH_03,CHEMICALS,NA,SUP_CH_03,2025-09-01,2025-08-01,119.1498,102.1444,103.4502,51.1776,42.7608,22.947,92.828,2.8491,128.54884
FMISV2_0002302,CHEMICALS|NA|SUP_CH_03,CHEMICALS,NA,SUP_CH_03,2025-10-01,2025-09-01,121.2697,100.6346,102.2543,51.6835,48.0615,21.256,90.779,3.2251,127.50367
FMISV2_0002303,CHEMICALS|NA|SUP_CH_03,CHEMICALS,NA,SUP_CH_03,2025-11-01,2025-10-01,123.2357,110.9781,101.8724,53.3797,56.8966,23.254,89.85,2.906,129.67001
FMISV2_0002304,CHEMICALS|NA|SUP_CH_03,CHEMICALS,NA,SUP_CH_03,2025-12-01,2025-11-01,126.6494,116.7064,101.4988,52.3006,43.2784,22.753,92.319,3.2349,130.43347
FMISV2_0002305,CHEMICALS|EU|SUP_CH_01,CHEMICALS,EU,SUP_CH_01,2018-01-01,2017-12-01,102.9351,106.2305,105.3994,48.6363,56.1335,44.171,83.801,1.3503,105.45036
FMISV2_0002306,CHEMICALS|EU|SUP_CH_01,CHEMICALS,EU,SUP_CH_01,2018-02-01,2018-01-01,104.463,102.7035,105.9664,50.9948,41.8915,40.513,88.059,1.7224,107.16289
FMISV2_0002307,CHEMICALS|EU|SUP_CH_01,CHEMICALS,EU,SUP_CH_01,2018-03-01,2018-02-01,104.2012,103.5918,107.5654,49.4252,54.977,46.488,86.795,1.5948,108.64915
FMISV2_0002308,CHEMICALS|EU|SUP_CH_01,CHEMICALS,EU,SUP_CH_01,2018-04-01,2018-03-01,105.138,103.5876,106.004,51.3662,47.1506,44.131,87.807,1.8461,107.88397
FMISV2_0002309,CHEMICALS|EU|SUP_CH_01,CHEMICALS,EU,SUP_CH_01,2018-05-01,2018-04-01,108.9989,107.7421,102.5736,51.5444,44.6762,48.833,87.035,1.8079,106.90013
FMISV2_0002310,CHEMICALS|EU|SUP_CH_01,CHEMICALS,EU,SUP_CH_01,2018-06-01,2018-05-01,103.0247,89.8612,106.0762,51.4006,42.9213,39.509,86.443,2.3474,109.03997
FMISV2_0002311,CHEMICALS|EU|SUP_CH_01,CHEMICALS,EU,SUP_CH_01,2018-07-01,2018-06-01,101.6263,97.8658,103.8408,50.5753,34.2305,38.741,88.3,1.601,107.61106
FMISV2_0002312,CHEMICALS|EU|SUP_CH_01,CHEMICALS,EU,SUP_CH_01,2018-08-01,2018-07-01,95.1124,98.4985,100.9275,50.5688,36.0903,42.073,85.608,1.2787,108.32586
FMISV2_0002313,CHEMICALS|EU|SUP_CH_01,CHEMICALS,EU,SUP_CH_01,2018-09-01,2018-08-01,100.7065,95.9444,99.5212,48.5661,40.7119,43.512,87.754,1.9588,105.62536
FMISV2_0002314,CHEMICALS|EU|SUP_CH_01,CHEMICALS,EU,SUP_CH_01,2018-10-01,2018-09-01,102.8332,96.9808,101.4649,48.9839,43.0843,44.646,86.448,2.2387,103.98835
FMISV2_0002315,CHEMICALS|EU|SUP_CH_01,CHEMICALS,EU,SUP_CH_01,2018-11-01,2018-10-01,94.31,101.6977,101.9897,48.472,52.8899,45.153,85.038,2.1105,106.97073
FMISV2_0002316,CHEMICALS|EU|SUP_CH_01,CHEMICALS,EU,SUP_CH_01,2018-12-01,2018-11-01,106.2305,103.9334,105.4071,46.8643,59.6302,43.232,83.759,1.636,108.92937
FMISV2_0002317,CHEMICALS|EU|SUP_CH_01,CHEMICALS,EU,SUP_CH_01,2019-01-01,2018-12-01,104.4059,108.9392,106.1227,48.2305,39.572,43.62,87.026,1.2421,108.8063
FMISV2_0002318,CHEMICALS|EU|SUP_CH_01,CHEMICALS,EU,SUP_CH_01,2019-02-01,2019-01-01,104.8837,103.178,106.9213,46.8929,45.2941,44.528,86.057,1.804,109.89295
FMISV2_0002319,CHEMICALS|EU|SUP_CH_01,CHEMICALS,EU,SUP_CH_01,2019-03-01,2019-02-01,109.3531,108.4711,109.2715,50.1918,48.6169,44.69,89.47,1.9497,111.38229
FMISV2_0002320,CHEMICALS|EU|SUP_CH_01,CHEMICALS,EU,SUP_CH_01,2019-04-01,2019-03-01,109.7496,102.3998,105.9473,49.2565,41.3393,41.541,88.327,1.3803,113.12292
FMISV2_0002321,CHEMICALS|EU|SUP_CH_01,CHEMICALS,EU,SUP_CH_01,2019-05-01,2019-04-01,110.2095,106.756,106.0192,49.2849,39.8617,41.619,87.603,2.4918,112.76804
FMISV2_0002322,CHEMICALS|EU|SUP_CH_01,CHEMICALS,EU,SUP_CH_01,2019-06-01,2019-05-01,108.2254,97.9224,103.8099,52.3753,47.4373,41.541,85.918,1.7816,111.82729
FMISV2_0002323,CHEMICALS|EU|SUP_CH_01,CHEMICALS,EU,SUP_CH_01,2019-07-01,2019-06-01,99.5688,94.3285,101.3256,51.466,38.0408,40.218,86.381,1.3902,108.14608
FMISV2_0002324,CHEMICALS|EU|SUP_CH_01,CHEMICALS,EU,SUP_CH_01,2019-08-01,2019-07-01,103.3714,94.6544,100.5614,50.7377,39.4323,45.898,86.489,1.9575,109.2281
FMISV2_0002325,CHEMICALS|EU|SUP_CH_01,CHEMICALS,EU,SUP_CH_01,2019-09-01,2019-08-01,98.0391,93.4916,101.5359,54.667,57.5192,46.507,85.32,1.7433,109.10248
FMISV2_0002326,CHEMICALS|EU|SUP_CH_01,CHEMICALS,EU,SUP_CH_01,2019-10-01,2019-09-01,102.989,103.6798,102.8955,53.6604,61.5225,48.037,86.727,1.5208,109.76508
FMISV2_0002327,CHEMICALS|EU|SUP_CH_01,CHEMICALS,EU,SUP_CH_01,2019-11-01,2019-10-01,102.0679,106.9712,101.4301,50.0924,51.0232,40.965,85.063,2.4848,109.18274
FMISV2_0002328,CHEMICALS|EU|SUP_CH_01,CHEMICALS,EU,SUP_CH_01,2019-12-01,2019-11-01,102.9959,112.5474,103.3226,51.9865,47.8538,48.472,85.057,2.0066,109.80111
FMISV2_0002329,CHEMICALS|EU|SUP_CH_01,CHEMICALS,EU,SUP_CH_01,2020-01-01,2019-12-01,110.1435,110.9353,105.3626,53.376,48.3364,46.751,85.874,1.7878,110.65876
FMISV2_0002330,CHEMICALS|EU|SUP_CH_01,CHEMICALS,EU,SUP_CH_01,2020-02-01,2020-01-01,115.7955,113.3031,108.548,53.1077,49.9563,44.728,86.307,2.306,114.50643
FMISV2_0002331,CHEMICALS|EU|SUP_CH_01,CHEMICALS,EU,SUP_CH_01,2020-03-01,2020-02-01,109.2858,112.4017,107.3841,51.2515,54.1833,44.859,86.385,2.351,116.96348
FMISV2_0002332,CHEMICALS|EU|SUP_CH_01,CHEMICALS,EU,SUP_CH_01,2020-04-01,2020-03-01,110.9579,102.4057,106.2806,48.2291,44.104,40.396,87.11,1.9416,125.72119
FMISV2_0002333,CHEMICALS|EU|SUP_CH_01,CHEMICALS,EU,SUP_CH_01,2020-05-01,2020-04-01,109.7981,104.8867,104.6429,47.3081,33.3903,43.848,86.118,2.1561,122.80302
FMISV2_0002334,CHEMICALS|EU|SUP_CH_01,CHEMICALS,EU,SUP_CH_01,2020-06-01,2020-05-01,117.5258,97.4377,104.7545,49.9225,40.85,48.001,86.431,2.1328,121.4048
FMISV2_0002335,CHEMICALS|EU|SUP_CH_01,CHEMICALS,EU,SUP_CH_01,2020-07-01,2020-06-01,103.2119,105.1801,102.8829,47.1907,36.2782,44.806,85.687,2.3666,119.44756
FMISV2_0002336,CHEMICALS|EU|SUP_CH_01,CHEMICALS,EU,SUP_CH_01,2020-08-01,2020-07-01,104.6328,101.2908,101.9926,45.8148,35.0467,43.518,88.516,2.2349,117.60954
FMISV2_0002337,CHEMICALS|EU|SUP_CH_01,CHEMICALS,EU,SUP_CH_01,2020-09-01,2020-08-01,104.6045,93.7309,102.8817,45.0372,52.271,45.32,87.275,1.8017,116.68171
FMISV2_0002338,CHEMICALS|EU|SUP_CH_01,CHEMICALS,EU,SUP_CH_01,2020-10-01,2020-09-01,106.7902,105.8281,101.8671,50.1332,42.8674,38.04,84.56,2.2408,115.80178
FMISV2_0002339,CHEMICALS|EU|SUP_CH_01,CHEMICALS,EU,SUP_CH_01,2020-11-01,2020-10-01,103.5774,100.6185,103.6256,48.5166,49.1294,45.978,85.88,1.4293,116.72398
FMISV2_0002340,CHEMICALS|EU|SUP_CH_01,CHEMICALS,EU,SUP_CH_01,2020-12-01,2020-11-01,106.6203,106.4558,106.3444,49.6546,44.2504,45.07,84.493,2.3648,118.5398
FMISV2_0002341,CHEMICALS|EU|SUP_CH_01,CHEMICALS,EU,SUP_CH_01,2021-01-01,2020-12-01,109.3489,114.0991,105.7813,52.8361,53.2156,46.111,86.459,1.3615,118.20507
FMISV2_0002342,CHEMICALS|EU|SUP_CH_01,CHEMICALS,EU,SUP_CH_01,2021-02-01,2021-01-01,115.0235,104.2425,108.9451,51.3815,58.0388,43.311,85.629,1.1602,119.9609
FMISV2_0002343,CHEMICALS|EU|SUP_CH_01,CHEMICALS,EU,SUP_CH_01,2021-03-01,2021-02-01,111.9497,104.6707,109.2749,53.4874,39.5819,44.014,88.079,2.4534,120.12143
FMISV2_0002344,CHEMICALS|EU|SUP_CH_01,CHEMICALS,EU,SUP_CH_01,2021-04-01,2021-03-01,119.6959,108.6164,106.8953,53.3608,46.4441,47.683,87.564,1.9523,121.23055
FMISV2_0002345,CHEMICALS|EU|SUP_CH_01,CHEMICALS,EU,SUP_CH_01,2021-05-01,2021-04-01,112.7161,96.394,106.945,53.6997,38.7841,39.759,86.297,2.415,122.3555
FMISV2_0002346,CHEMICALS|EU|SUP_CH_01,CHEMICALS,EU,SUP_CH_01,2021-06-01,2021-05-01,115.5709,99.8472,102.2804,52.1906,35.5554,43.272,86.312,1.6799,119.51113
FMISV2_0002347,CHEMICALS|EU|SUP_CH_01,CHEMICALS,EU,SUP_CH_01,2021-07-01,2021-06-01,110.2152,96.8253,100.5276,51.9469,35.4923,37.677,88.901,2.7406,121.11916
FMISV2_0002348,CHEMICALS|EU|SUP_CH_01,CHEMICALS,EU,SUP_CH_01,2021-08-01,2021-07-01,110.1049,94.9334,101.1413,49.9846,35.6575,44.195,87.134,2.4227,119.1924
FMISV2_0002349,CHEMICALS|EU|SUP_CH_01,CHEMICALS,EU,SUP_CH_01,2021-09-01,2021-08-01,106.7397,107.617,101.8763,50.4862,41.908,38.712,84.976,2.9428,119.13443
FMISV2_0002350,CHEMICALS|EU|SUP_CH_01,CHEMICALS,EU,SUP_CH_01,2021-10-01,2021-09-01,110.6796,103.1365,100.9195,51.3607,42.8419,39.708,84.506,2.5066,125.8442
FMISV2_0002351,CHEMICALS|EU|SUP_CH_01,CHEMICALS,EU,SUP_CH_01,2021-11-01,2021-10-01,115.1356,105.9621,102.3426,49.3118,54.4724,42.351,87.036,2.6174,123.69338
FMISV2_0002352,CHEMICALS|EU|SUP_CH_01,CHEMICALS,EU,SUP_CH_01,2021-12-01,2021-11-01,111.337,105.5673,106.5313,46.4528,55.7673,42.443,84.403,2.5031,124.63347
FMISV2_0002353,CHEMICALS|EU|SUP_CH_01,CHEMICALS,EU,SUP_CH_01,2022-01-01,2021-12-01,112.1994,123.5805,107.8255,46.7115,48.5703,42.86,87.28,2.0661,122.68011
FMISV2_0002354,CHEMICALS|EU|SUP_CH_01,CHEMICALS,EU,SUP_CH_01,2022-02-01,2022-01-01,111.0395,108.0289,107.0619,46.3247,53.8425,42.841,88.739,2.0536,123.58541
FMISV2_0002355,CHEMICALS|EU|SUP_CH_01,CHEMICALS,EU,SUP_CH_01,2022-03-01,2022-02-01,117.252,112.121,104.827,47.844,46.8625,49.957,88.414,2.1746,129.90729
FMISV2_0002356,CHEMICALS|EU|SUP_CH_01,CHEMICALS,EU,SUP_CH_01,2022-04-01,2022-03-01,121.0944,101.5237,107.7922,48.0325,40.8477,42.91,85.395,2.2434,126.75909
FMISV2_0002357,CHEMICALS|EU|SUP_CH_01,CHEMICALS,EU,SUP_CH_01,2022-05-01,2022-04-01,114.3896,107.384,104.5223,46.61,52.7075,43.116,86.356,2.4903,122.54085
FMISV2_0002358,CHEMICALS|EU|SUP_CH_01,CHEMICALS,EU,SUP_CH_01,2022-06-01,2022-05-01,113.7828,101.4587,103.5522,46.9302,38.2018,40.011,86.013,2.5841,120.7276
FMISV2_0002359,CHEMICALS|EU|SUP_CH_01,CHEMICALS,EU,SUP_CH_01,2022-07-01,2022-06-01,114.0836,102.0775,103.4105,51.5686,39.4617,48.519,87.45,2.673,119.47144
FMISV2_0002360,CHEMICALS|EU|SUP_CH_01,CHEMICALS,EU,SUP_CH_01,2022-08-01,2022-07-01,117.7614,102.1247,106.272,51.5157,40.2741,41.379,87.544,2.6851,119.54105
FMISV2_0002361,CHEMICALS|EU|SUP_CH_01,CHEMICALS,EU,SUP_CH_01,2022-09-01,2022-08-01,107.0092,95.0342,103.1844,51.8277,40.9866,40.616,88.499,2.1039,118.00885
FMISV2_0002362,CHEMICALS|EU|SUP_CH_01,CHEMICALS,EU,SUP_CH_01,2022-10-01,2022-09-01,112.5549,103.18,107.1271,52.9565,42.8768,36.539,85.753,1.8611,118.07828
FMISV2_0002363,CHEMICALS|EU|SUP_CH_01,CHEMICALS,EU,SUP_CH_01,2022-11-01,2022-10-01,112.6264,100.6801,109.3914,52.7293,52.0187,40.979,88.194,2.438,117.00357
FMISV2_0002364,CHEMICALS|EU|SUP_CH_01,CHEMICALS,EU,SUP_CH_01,2022-12-01,2022-11-01,119.7558,102.1387,105.8774,51.9272,57.4425,44.702,88.247,2.4942,117.31123
FMISV2_0002365,CHEMICALS|EU|SUP_CH_01,CHEMICALS,EU,SUP_CH_01,2023-01-01,2022-12-01,116.6644,108.2256,108.5888,49.7243,58.1623,43.48,85.194,2.3464,121.69196
FMISV2_0002366,CHEMICALS|EU|SUP_CH_01,CHEMICALS,EU,SUP_CH_01,2023-02-01,2023-01-01,118.8731,114.9764,109.847,50.5961,47.0902,44.266,86.914,3.3106,123.70609
FMISV2_0002367,CHEMICALS|EU|SUP_CH_01,CHEMICALS,EU,SUP_CH_01,2023-03-01,2023-02-01,122.1048,112.1693,108.8787,49.2389,34.0285,42.572,86.998,2.4408,126.50894
FMISV2_0002368,CHEMICALS|EU|SUP_CH_01,CHEMICALS,EU,SUP_CH_01,2023-04-01,2023-03-01,121.5099,111.6855,109.4207,51.7497,38.5977,37.515,86.781,2.7297,128.83883
FMISV2_0002369,CHEMICALS|EU|SUP_CH_01,CHEMICALS,EU,SUP_CH_01,2023-05-01,2023-04-01,120.5085,107.1975,107.8832,48.0522,43.8878,39.418,86.809,2.6322,127.4729
FMISV2_0002370,CHEMICALS|EU|SUP_CH_01,CHEMICALS,EU,SUP_CH_01,2023-06-01,2023-05-01,117.5433,107.3286,104.6789,46.8898,33.7447,41.763,89.236,2.0064,127.85124
FMISV2_0002371,CHEMICALS|EU|SUP_CH_01,CHEMICALS,EU,SUP_CH_01,2023-07-01,2023-06-01,120.1308,101.7859,103.7676,46.994,36.5958,41.557,88.116,2.5717,126.53729
FMISV2_0002372,CHEMICALS|EU|SUP_CH_01,CHEMICALS,EU,SUP_CH_01,2023-08-01,2023-07-01,116.5932,99.4298,104.8921,45.6769,45.0821,41.753,86.914,2.5835,125.14282
FMISV2_0002373,CHEMICALS|EU|SUP_CH_01,CHEMICALS,EU,SUP_CH_01,2023-09-01,2023-08-01,119.9535,102.9296,102.5596,47.7256,48.7099,40.27,85.48,2.8186,124.53181
FMISV2_0002374,CHEMICALS|EU|SUP_CH_01,CHEMICALS,EU,SUP_CH_01,2023-10-01,2023-09-01,117.4428,107.1494,104.31,48.2576,48.8767,42.484,87.899,2.8003,122.89091
FMISV2_0002375,CHEMICALS|EU|SUP_CH_01,CHEMICALS,EU,SUP_CH_01,2023-11-01,2023-10-01,116.1112,97.4167,105.0643,47.0184,50.484,38.807,85.884,3.2107,122.30921
FMISV2_0002376,CHEMICALS|EU|SUP_CH_01,CHEMICALS,EU,SUP_CH_01,2023-12-01,2023-11-01,116.4076,105.556,106.6642,49.4617,51.8451,45.794,85.22,3.0208,123.07928
FMISV2_0002377,CHEMICALS|EU|SUP_CH_01,CHEMICALS,EU,SUP_CH_01,2024-01-01,2023-12-01,117.4845,115.6111,107.2411,50.6718,46.8861,43.293,86.458,2.6273,127.6068
FMISV2_0002378,CHEMICALS|EU|SUP_CH_01,CHEMICALS,EU,SUP_CH_01,2024-02-01,2024-01-01,117.8622,118.6903,105.6915,53.9543,49.0509,43.271,89.817,2.7439,127.46715
FMISV2_0002379,CHEMICALS|EU|SUP_CH_01,CHEMICALS,EU,SUP_CH_01,2024-03-01,2024-02-01,127.4457,115.9259,110.1052,51.2903,43.3594,45.324,87.039,2.9419,128.15437
FMISV2_0002380,CHEMICALS|EU|SUP_CH_01,CHEMICALS,EU,SUP_CH_01,2024-04-01,2024-03-01,128.731,115.0208,107.59,52.6001,40.3482,42.101,86.303,2.9735,129.96153
FMISV2_0002381,CHEMICALS|EU|SUP_CH_01,CHEMICALS,EU,SUP_CH_01,2024-05-01,2024-04-01,124.2926,114.35,111.1303,54.2701,40.2109,42.425,87.662,2.6515,130.37942
FMISV2_0002382,CHEMICALS|EU|SUP_CH_01,CHEMICALS,EU,SUP_CH_01,2024-06-01,2024-05-01,119.1319,108.8524,107.2199,53.1257,30.6917,42.326,86.364,2.7922,128.98696
FMISV2_0002383,CHEMICALS|EU|SUP_CH_01,CHEMICALS,EU,SUP_CH_01,2024-07-01,2024-06-01,122.1279,102.1748,106.3444,53.1732,41.7271,41.163,85.64,3.061,127.09786
FMISV2_0002384,CHEMICALS|EU|SUP_CH_01,CHEMICALS,EU,SUP_CH_01,2024-08-01,2024-07-01,121.4915,100.0442,107.386,49.9254,43.1696,42.324,87.447,2.7752,128.68546
FMISV2_0002385,CHEMICALS|EU|SUP_CH_01,CHEMICALS,EU,SUP_CH_01,2024-09-01,2024-08-01,116.8088,106.9974,102.5353,51.7429,43.7449,43.746,86.335,2.8143,127.89159
FMISV2_0002386,CHEMICALS|EU|SUP_CH_01,CHEMICALS,EU,SUP_CH_01,2024-10-01,2024-09-01,120.5409,107.4528,104.3658,50.1718,44.5531,44.237,86.074,2.5987,128.62255
FMISV2_0002387,CHEMICALS|EU|SUP_CH_01,CHEMICALS,EU,SUP_CH_01,2024-11-01,2024-10-01,121.8495,112.1516,107.6309,46.0944,62.486,42.886,85.71,2.9454,130.18119
FMISV2_0002388,CHEMICALS|EU|SUP_CH_01,CHEMICALS,EU,SUP_CH_01,2024-12-01,2024-11-01,119.2886,110.8493,107.4791,47.805,56.3391,45.334,86.49,2.602,130.674
FMISV2_0002389,CHEMICALS|EU|SUP_CH_01,CHEMICALS,EU,SUP_CH_01,2025-01-01,2024-12-01,122.7039,115.5027,110.3995,48.0898,50.8256,39.242,85.308,2.5236,129.3619
FMISV2_0002390,CHEMICALS|EU|SUP_CH_01,CHEMICALS,EU,SUP_CH_01,2025-02-01,2025-01-01,126.956,117.1364,108.9168,46.2308,40.1366,36.625,88.403,2.7969,129.22469
FMISV2_0002391,CHEMICALS|EU|SUP_CH_01,CHEMICALS,EU,SUP_CH_01,2025-03-01,2025-02-01,125.8724,113.8069,109.749,46.5923,42.2164,44.558,87.96,2.1895,129.51272
FMISV2_0002392,CHEMICALS|EU|SUP_CH_01,CHEMICALS,EU,SUP_CH_01,2025-04-01,2025-03-01,125.8778,115.5665,110.8215,47.5916,47.7817,40.56,86.182,2.813,127.71255
FMISV2_0002393,CHEMICALS|EU|SUP_CH_01,CHEMICALS,EU,SUP_CH_01,2025-05-01,2025-04-01,130.4023,108.1206,110.5578,48.8451,34.3671,38.742,85.265,2.2851,129.20713
FMISV2_0002394,CHEMICALS|EU|SUP_CH_01,CHEMICALS,EU,SUP_CH_01,2025-06-01,2025-05-01,131.4832,108.1694,108.9956,47.773,28.9754,39.109,86.343,2.9767,129.55578
FMISV2_0002395,CHEMICALS|EU|SUP_CH_01,CHEMICALS,EU,SUP_CH_01,2025-07-01,2025-06-01,120.0944,108.2497,105.8864,49.3896,42.5897,39.116,89.174,2.9018,130.87313
FMISV2_0002396,CHEMICALS|EU|SUP_CH_01,CHEMICALS,EU,SUP_CH_01,2025-08-01,2025-07-01,125.0966,109.1851,106.424,52.9039,39.7252,39.223,87.153,2.8156,130.84258
FMISV2_0002397,CHEMICALS|EU|SUP_CH_01,CHEMICALS,EU,SUP_CH_01,2025-09-01,2025-08-01,119.1498,102.1444,105.2324,51.1776,42.7608,40.299,86.02,2.9058,131.47021
FMISV2_0002398,CHEMICALS|EU|SUP_CH_01,CHEMICALS,EU,SUP_CH_01,2025-10-01,2025-09-01,121.2697,100.6346,105.2973,51.6835,48.0615,43.018,86.666,2.6638,130.83047
FMISV2_0002399,CHEMICALS|EU|SUP_CH_01,CHEMICALS,EU,SUP_CH_01,2025-11-01,2025-10-01,123.2357,110.9781,107.6874,53.3797,56.8966,42.543,87.945,3.4575,131.29038
FMISV2_0002400,CHEMICALS|EU|SUP_CH_01,CHEMICALS,EU,SUP_CH_01,2025-12-01,2025-11-01,126.6494,116.7064,106.4701,52.3006,43.2784,42.304,86.988,3.1096,133.42965
FMISV2_0002401,CHEMICALS|EU|SUP_CH_02,CHEMICALS,EU,SUP_CH_02,2018-01-01,2017-12-01,102.9351,106.2305,103.6351,48.6363,56.1335,38.707,93.557,1.2573,113.47533
FMISV2_0002402,CHEMICALS|EU|SUP_CH_02,CHEMICALS,EU,SUP_CH_02,2018-02-01,2018-01-01,104.463,102.7035,104.2088,50.9948,41.8915,36.768,95.131,1.6881,114.53794
FMISV2_0002403,CHEMICALS|EU|SUP_CH_02,CHEMICALS,EU,SUP_CH_02,2018-03-01,2018-02-01,104.2012,103.5918,104.1235,49.4252,54.977,38.102,95.779,1.8254,115.61186
FMISV2_0002404,CHEMICALS|EU|SUP_CH_02,CHEMICALS,EU,SUP_CH_02,2018-04-01,2018-03-01,105.138,103.5876,105.867,51.3662,47.1506,32.196,93.455,1.6463,116.21637
FMISV2_0002405,CHEMICALS|EU|SUP_CH_02,CHEMICALS,EU,SUP_CH_02,2018-05-01,2018-04-01,108.9989,107.7421,102.9975,51.5444,44.6762,38.333,95.127,1.8467,116.86956
FMISV2_0002406,CHEMICALS|EU|SUP_CH_02,CHEMICALS,EU,SUP_CH_02,2018-06-01,2018-05-01,103.0247,89.8612,103.8391,51.4006,42.9213,35.465,94.901,1.9035,115.73539
FMISV2_0002407,CHEMICALS|EU|SUP_CH_02,CHEMICALS,EU,SUP_CH_02,2018-07-01,2018-06-01,101.6263,97.8658,102.3779,50.5753,34.2305,33.119,94.197,1.6835,114.4779
FMISV2_0002408,CHEMICALS|EU|SUP_CH_02,CHEMICALS,EU,SUP_CH_02,2018-08-01,2018-07-01,95.1124,98.4985,104.1589,50.5688,36.0903,35.325,94.848,1.8802,113.78243
FMISV2_0002409,CHEMICALS|EU|SUP_CH_02,CHEMICALS,EU,SUP_CH_02,2018-09-01,2018-08-01,100.7065,95.9444,96.9316,48.5661,40.7119,35.413,94.363,1.9922,112.17001
FMISV2_0002410,CHEMICALS|EU|SUP_CH_02,CHEMICALS,EU,SUP_CH_02,2018-10-01,2018-09-01,102.8332,96.9808,101.8682,48.9839,43.0843,36.388,95.313,2.1776,111.31976
FMISV2_0002411,CHEMICALS|EU|SUP_CH_02,CHEMICALS,EU,SUP_CH_02,2018-11-01,2018-10-01,94.31,101.6977,101.5021,48.472,52.8899,38.956,92.764,1.56,112.99066
FMISV2_0002412,CHEMICALS|EU|SUP_CH_02,CHEMICALS,EU,SUP_CH_02,2018-12-01,2018-11-01,106.2305,103.9334,105.0406,46.8643,59.6302,34.846,94.199,1.6677,115.16477
FMISV2_0002413,CHEMICALS|EU|SUP_CH_02,CHEMICALS,EU,SUP_CH_02,2019-01-01,2018-12-01,104.4059,108.9392,101.9667,48.2305,39.572,38.635,93.737,1.7143,117.0284
FMISV2_0002414,CHEMICALS|EU|SUP_CH_02,CHEMICALS,EU,SUP_CH_02,2019-02-01,2019-01-01,104.8837,103.178,107.3375,46.8929,45.2941,41.393,93.531,2.2983,117.44022
FMISV2_0002415,CHEMICALS|EU|SUP_CH_02,CHEMICALS,EU,SUP_CH_02,2019-03-01,2019-02-01,109.3531,108.4711,104.2725,50.1918,48.6169,36.583,92.915,1.6944,116.84294
FMISV2_0002416,CHEMICALS|EU|SUP_CH_02,CHEMICALS,EU,SUP_CH_02,2019-04-01,2019-03-01,109.7496,102.3998,104.5921,49.2565,41.3393,32.452,95.245,2.3607,119.04079
FMISV2_0002417,CHEMICALS|EU|SUP_CH_02,CHEMICALS,EU,SUP_CH_02,2019-05-01,2019-04-01,110.2095,106.756,105.4126,49.2849,39.8617,34.807,94.979,2.2709,118.27554
FMISV2_0002418,CHEMICALS|EU|SUP_CH_02,CHEMICALS,EU,SUP_CH_02,2019-06-01,2019-05-01,108.2254,97.9224,105.745,52.3753,47.4373,33.186,93.09,1.7184,120.31409
FMISV2_0002419,CHEMICALS|EU|SUP_CH_02,CHEMICALS,EU,SUP_CH_02,2019-07-01,2019-06-01,99.5688,94.3285,102.9989,51.466,38.0408,35.099,93.326,1.6375,118.0038
FMISV2_0002420,CHEMICALS|EU|SUP_CH_02,CHEMICALS,EU,SUP_CH_02,2019-08-01,2019-07-01,103.3714,94.6544,99.6259,50.7377,39.4323,35.453,93.928,2.5703,118.16833
FMISV2_0002421,CHEMICALS|EU|SUP_CH_02,CHEMICALS,EU,SUP_CH_02,2019-09-01,2019-08-01,98.0391,93.4916,100.2121,54.667,57.5192,34.094,94.729,1.6072,116.7139
FMISV2_0002422,CHEMICALS|EU|SUP_CH_02,CHEMICALS,EU,SUP_CH_02,2019-10-01,2019-09-01,102.989,103.6798,99.9195,53.6604,61.5225,31.646,94.872,2.3258,116.83015
FMISV2_0002423,CHEMICALS|EU|SUP_CH_02,CHEMICALS,EU,SUP_CH_02,2019-11-01,2019-10-01,102.0679,106.9712,101.7889,50.0924,51.0232,36.348,92.144,2.2045,119.25624
FMISV2_0002424,CHEMICALS|EU|SUP_CH_02,CHEMICALS,EU,SUP_CH_02,2019-12-01,2019-11-01,102.9959,112.5474,102.482,51.9865,47.8538,36.844,94.58,1.8822,120.32534
FMISV2_0002425,CHEMICALS|EU|SUP_CH_02,CHEMICALS,EU,SUP_CH_02,2020-01-01,2019-12-01,110.1435,110.9353,105.4398,53.376,48.3364,35.326,92.86,2.2085,120.22876
FMISV2_0002426,CHEMICALS|EU|SUP_CH_02,CHEMICALS,EU,SUP_CH_02,2020-02-01,2020-01-01,115.7955,113.3031,105.5348,53.1077,49.9563,35.337,93.702,2.2402,122.64089
FMISV2_0002427,CHEMICALS|EU|SUP_CH_02,CHEMICALS,EU,SUP_CH_02,2020-03-01,2020-02-01,109.2858,112.4017,105.1959,51.2515,54.1833,39.831,94.778,2.3814,124.92391
FMISV2_0002428,CHEMICALS|EU|SUP_CH_02,CHEMICALS,EU,SUP_CH_02,2020-04-01,2020-03-01,110.9579,102.4057,105.6358,48.2291,44.104,35.215,93.589,2.6233,131.17897
FMISV2_0002429,CHEMICALS|EU|SUP_CH_02,CHEMICALS,EU,SUP_CH_02,2020-05-01,2020-04-01,109.7981,104.8867,105.4014,47.3081,33.3903,31.138,93.145,1.9664,129.30756
FMISV2_0002430,CHEMICALS|EU|SUP_CH_02,CHEMICALS,EU,SUP_CH_02,2020-06-01,2020-05-01,117.5258,97.4377,102.3469,49.9225,40.85,36.205,92.554,1.94,127.11342
FMISV2_0002431,CHEMICALS|EU|SUP_CH_02,CHEMICALS,EU,SUP_CH_02,2020-07-01,2020-06-01,103.2119,105.1801,103.1008,47.1907,36.2782,31.104,94.022,2.9794,124.94851
FMISV2_0002432,CHEMICALS|EU|SUP_CH_02,CHEMICALS,EU,SUP_CH_02,2020-08-01,2020-07-01,104.6328,101.2908,102.2696,45.8148,35.0467,33.241,96.189,1.7182,122.31607
FMISV2_0002433,CHEMICALS|EU|SUP_CH_02,CHEMICALS,EU,SUP_CH_02,2020-09-01,2020-08-01,104.6045,93.7309,99.3083,45.0372,52.271,33.539,94.887,2.1715,120.81413
FMISV2_0002434,CHEMICALS|EU|SUP_CH_02,CHEMICALS,EU,SUP_CH_02,2020-10-01,2020-09-01,106.7902,105.8281,104.7438,50.1332,42.8674,35.98,93.494,1.6912,119.90323
FMISV2_0002435,CHEMICALS|EU|SUP_CH_02,CHEMICALS,EU,SUP_CH_02,2020-11-01,2020-10-01,103.5774,100.6185,101.6065,48.5166,49.1294,40.105,94.797,2.0767,120.71489
FMISV2_0002436,CHEMICALS|EU|SUP_CH_02,CHEMICALS,EU,SUP_CH_02,2020-12-01,2020-11-01,106.6203,106.4558,103.5382,49.6546,44.2504,40.104,95.175,1.4682,121.83051
FMISV2_0002437,CHEMICALS|EU|SUP_CH_02,CHEMICALS,EU,SUP_CH_02,2021-01-01,2020-12-01,109.3489,114.0991,107.2457,52.8361,53.2156,33.176,93.647,2.8817,123.94527
FMISV2_0002438,CHEMICALS|EU|SUP_CH_02,CHEMICALS,EU,SUP_CH_02,2021-02-01,2021-01-01,115.0235,104.2425,104.9311,51.3815,58.0388,35.566,94.639,2.0283,125.96725
FMISV2_0002439,CHEMICALS|EU|SUP_CH_02,CHEMICALS,EU,SUP_CH_02,2021-03-01,2021-02-01,111.9497,104.6707,110.1149,53.4874,39.5819,39.878,92.821,2.1715,124.76468
FMISV2_0002440,CHEMICALS|EU|SUP_CH_02,CHEMICALS,EU,SUP_CH_02,2021-04-01,2021-03-01,119.6959,108.6164,108.5278,53.3608,46.4441,41.625,92.437,2.5513,126.05846
FMISV2_0002441,CHEMICALS|EU|SUP_CH_02,CHEMICALS,EU,SUP_CH_02,2021-05-01,2021-04-01,112.7161,96.394,105.5952,53.6997,38.7841,35.726,96.906,2.1645,125.46601
FMISV2_0002442,CHEMICALS|EU|SUP_CH_02,CHEMICALS,EU,SUP_CH_02,2021-06-01,2021-05-01,115.5709,99.8472,102.5926,52.1906,35.5554,36.183,93.61,2.4633,125.02488
FMISV2_0002443,CHEMICALS|EU|SUP_CH_02,CHEMICALS,EU,SUP_CH_02,2021-07-01,2021-06-01,110.2152,96.8253,100.8183,51.9469,35.4923,33.097,94.79,2.113,123.93677
FMISV2_0002444,CHEMICALS|EU|SUP_CH_02,CHEMICALS,EU,SUP_CH_02,2021-08-01,2021-07-01,110.1049,94.9334,105.6567,49.9846,35.6575,35.648,94.562,2.1334,123.15419
FMISV2_0002445,CHEMICALS|EU|SUP_CH_02,CHEMICALS,EU,SUP_CH_02,2021-09-01,2021-08-01,106.7397,107.617,99.3636,50.4862,41.908,36.169,95.019,2.3525,124.45613
FMISV2_0002446,CHEMICALS|EU|SUP_CH_02,CHEMICALS,EU,SUP_CH_02,2021-10-01,2021-09-01,110.6796,103.1365,103.492,51.3607,42.8419,37.098,95.051,2.7444,131.78352
FMISV2_0002447,CHEMICALS|EU|SUP_CH_02,CHEMICALS,EU,SUP_CH_02,2021-11-01,2021-10-01,115.1356,105.9621,104.1148,49.3118,54.4724,34.769,97.003,2.609,131.27336
FMISV2_0002448,CHEMICALS|EU|SUP_CH_02,CHEMICALS,EU,SUP_CH_02,2021-12-01,2021-11-01,111.337,105.5673,106.2555,46.4528,55.7673,40.922,92.469,2.5977,129.83045
FMISV2_0002449,CHEMICALS|EU|SUP_CH_02,CHEMICALS,EU,SUP_CH_02,2022-01-01,2021-12-01,112.1994,123.5805,106.6143,46.7115,48.5703,35.0,92.668,2.8737,130.15953
FMISV2_0002450,CHEMICALS|EU|SUP_CH_02,CHEMICALS,EU,SUP_CH_02,2022-02-01,2022-01-01,111.0395,108.0289,107.194,46.3247,53.8425,34.289,93.976,2.0993,129.83384
FMISV2_0002451,CHEMICALS|EU|SUP_CH_02,CHEMICALS,EU,SUP_CH_02,2022-03-01,2022-02-01,117.252,112.121,109.6824,47.844,46.8625,33.244,94.247,2.0831,137.11028
FMISV2_0002452,CHEMICALS|EU|SUP_CH_02,CHEMICALS,EU,SUP_CH_02,2022-04-01,2022-03-01,121.0944,101.5237,106.2432,48.0325,40.8477,37.717,94.404,2.5356,134.00352
FMISV2_0002453,CHEMICALS|EU|SUP_CH_02,CHEMICALS,EU,SUP_CH_02,2022-05-01,2022-04-01,114.3896,107.384,106.7162,46.61,52.7075,40.374,94.982,3.1906,132.7508
FMISV2_0002454,CHEMICALS|EU|SUP_CH_02,CHEMICALS,EU,SUP_CH_02,2022-06-01,2022-05-01,113.7828,101.4587,106.6653,46.9302,38.2018,34.015,94.214,2.2199,128.8086
FMISV2_0002455,CHEMICALS|EU|SUP_CH_02,CHEMICALS,EU,SUP_CH_02,2022-07-01,2022-06-01,114.0836,102.0775,102.9042,51.5686,39.4617,37.502,93.888,2.7922,127.76415
FMISV2_0002456,CHEMICALS|EU|SUP_CH_02,CHEMICALS,EU,SUP_CH_02,2022-08-01,2022-07-01,117.7614,102.1247,105.5721,51.5157,40.2741,35.627,94.364,2.8848,127.11546
FMISV2_0002457,CHEMICALS|EU|SUP_CH_02,CHEMICALS,EU,SUP_CH_02,2022-09-01,2022-08-01,107.0092,95.0342,102.1251,51.8277,40.9866,37.923,95.402,2.5771,124.25721
FMISV2_0002458,CHEMICALS|EU|SUP_CH_02,CHEMICALS,EU,SUP_CH_02,2022-10-01,2022-09-01,112.5549,103.18,103.9342,52.9565,42.8768,34.469,92.661,2.3873,127.15235
FMISV2_0002459,CHEMICALS|EU|SUP_CH_02,CHEMICALS,EU,SUP_CH_02,2022-11-01,2022-10-01,112.6264,100.6801,105.2065,52.7293,52.0187,39.957,93.741,2.0436,126.7866
FMISV2_0002460,CHEMICALS|EU|SUP_CH_02,CHEMICALS,EU,SUP_CH_02,2022-12-01,2022-11-01,119.7558,102.1387,104.5351,51.9272,57.4425,37.306,93.631,2.8221,129.04699
FMISV2_0002461,CHEMICALS|EU|SUP_CH_02,CHEMICALS,EU,SUP_CH_02,2023-01-01,2022-12-01,116.6644,108.2256,103.8385,49.7243,58.1623,32.137,93.131,1.7945,129.17755
FMISV2_0002462,CHEMICALS|EU|SUP_CH_02,CHEMICALS,EU,SUP_CH_02,2023-02-01,2023-01-01,118.8731,114.9764,109.2747,50.5961,47.0902,31.779,92.841,2.556,129.8145
FMISV2_0002463,CHEMICALS|EU|SUP_CH_02,CHEMICALS,EU,SUP_CH_02,2023-03-01,2023-02-01,122.1048,112.1693,109.7594,49.2389,34.0285,32.668,94.01,2.8364,130.36436
FMISV2_0002464,CHEMICALS|EU|SUP_CH_02,CHEMICALS,EU,SUP_CH_02,2023-04-01,2023-03-01,121.5099,111.6855,105.8298,51.7497,38.5977,38.53,93.843,2.5369,129.58986
FMISV2_0002465,CHEMICALS|EU|SUP_CH_02,CHEMICALS,EU,SUP_CH_02,2023-05-01,2023-04-01,120.5085,107.1975,108.6034,48.0522,43.8878,37.126,93.263,2.5332,131.12019
FMISV2_0002466,CHEMICALS|EU|SUP_CH_02,CHEMICALS,EU,SUP_CH_02,2023-06-01,2023-05-01,117.5433,107.3286,102.5639,46.8898,33.7447,31.996,93.166,2.1502,130.9241
FMISV2_0002467,CHEMICALS|EU|SUP_CH_02,CHEMICALS,EU,SUP_CH_02,2023-07-01,2023-06-01,120.1308,101.7859,102.3892,46.994,36.5958,37.249,96.08,2.507,129.81406
FMISV2_0002468,CHEMICALS|EU|SUP_CH_02,CHEMICALS,EU,SUP_CH_02,2023-08-01,2023-07-01,116.5932,99.4298,107.2462,45.6769,45.0821,33.294,96.673,2.9409,128.4903
FMISV2_0002469,CHEMICALS|EU|SUP_CH_02,CHEMICALS,EU,SUP_CH_02,2023-09-01,2023-08-01,119.9535,102.9296,105.7041,47.7256,48.7099,35.05,93.978,2.2578,128.57029
FMISV2_0002470,CHEMICALS|EU|SUP_CH_02,CHEMICALS,EU,SUP_CH_02,2023-10-01,2023-09-01,117.4428,107.1494,105.3174,48.2576,48.8767,37.798,94.747,2.5046,128.72228
FMISV2_0002471,CHEMICALS|EU|SUP_CH_02,CHEMICALS,EU,SUP_CH_02,2023-11-01,2023-10-01,116.1112,97.4167,105.3091,47.0184,50.484,35.209,95.503,2.6689,129.65509
FMISV2_0002472,CHEMICALS|EU|SUP_CH_02,CHEMICALS,EU,SUP_CH_02,2023-12-01,2023-11-01,116.4076,105.556,107.1956,49.4617,51.8451,35.013,91.428,3.06,130.83777
FMISV2_0002473,CHEMICALS|EU|SUP_CH_02,CHEMICALS,EU,SUP_CH_02,2024-01-01,2023-12-01,117.4845,115.6111,103.9517,50.6718,46.8861,37.739,94.488,2.7546,135.16913
FMISV2_0002474,CHEMICALS|EU|SUP_CH_02,CHEMICALS,EU,SUP_CH_02,2024-02-01,2024-01-01,117.8622,118.6903,106.7532,53.9543,49.0509,31.663,95.183,1.9926,136.23031
FMISV2_0002475,CHEMICALS|EU|SUP_CH_02,CHEMICALS,EU,SUP_CH_02,2024-03-01,2024-02-01,127.4457,115.9259,109.6101,51.2903,43.3594,38.372,92.295,2.4683,136.64338
FMISV2_0002476,CHEMICALS|EU|SUP_CH_02,CHEMICALS,EU,SUP_CH_02,2024-04-01,2024-03-01,128.731,115.0208,106.2185,52.6001,40.3482,34.91,92.055,2.8353,136.24152
FMISV2_0002477,CHEMICALS|EU|SUP_CH_02,CHEMICALS,EU,SUP_CH_02,2024-05-01,2024-04-01,124.2926,114.35,107.7935,54.2701,40.2109,35.528,94.864,3.3781,138.03219
FMISV2_0002478,CHEMICALS|EU|SUP_CH_02,CHEMICALS,EU,SUP_CH_02,2024-06-01,2024-05-01,119.1319,108.8524,105.6614,53.1257,30.6917,37.454,94.729,2.3046,136.22354
FMISV2_0002479,CHEMICALS|EU|SUP_CH_02,CHEMICALS,EU,SUP_CH_02,2024-07-01,2024-06-01,122.1279,102.1748,105.8139,53.1732,41.7271,40.351,95.529,2.7601,135.54981
FMISV2_0002480,CHEMICALS|EU|SUP_CH_02,CHEMICALS,EU,SUP_CH_02,2024-08-01,2024-07-01,121.4915,100.0442,108.3506,49.9254,43.1696,37.805,93.77,3.0064,133.0426
FMISV2_0002481,CHEMICALS|EU|SUP_CH_02,CHEMICALS,EU,SUP_CH_02,2024-09-01,2024-08-01,116.8088,106.9974,105.3425,51.7429,43.7449,36.853,94.086,2.5109,131.94044
FMISV2_0002482,CHEMICALS|EU|SUP_CH_02,CHEMICALS,EU,SUP_CH_02,2024-10-01,2024-09-01,120.5409,107.4528,104.8353,50.1718,44.5531,35.025,93.669,2.903,133.71859
FMISV2_0002483,CHEMICALS|EU|SUP_CH_02,CHEMICALS,EU,SUP_CH_02,2024-11-01,2024-10-01,121.8495,112.1516,106.1629,46.0944,62.486,41.325,91.289,2.8444,135.39992
FMISV2_0002484,CHEMICALS|EU|SUP_CH_02,CHEMICALS,EU,SUP_CH_02,2024-12-01,2024-11-01,119.2886,110.8493,110.1821,47.805,56.3391,36.763,93.292,2.8786,136.39756
FMISV2_0002485,CHEMICALS|EU|SUP_CH_02,CHEMICALS,EU,SUP_CH_02,2025-01-01,2024-12-01,122.7039,115.5027,109.091,48.0898,50.8256,39.413,93.022,3.3725,138.52693
FMISV2_0002486,CHEMICALS|EU|SUP_CH_02,CHEMICALS,EU,SUP_CH_02,2025-02-01,2025-01-01,126.956,117.1364,110.694,46.2308,40.1366,35.492,93.872,2.985,140.07815
FMISV2_0002487,CHEMICALS|EU|SUP_CH_02,CHEMICALS,EU,SUP_CH_02,2025-03-01,2025-02-01,125.8724,113.8069,111.1899,46.5923,42.2164,36.371,93.03,3.0355,140.20595
FMISV2_0002488,CHEMICALS|EU|SUP_CH_02,CHEMICALS,EU,SUP_CH_02,2025-04-01,2025-03-01,125.8778,115.5665,111.565,47.5916,47.7817,36.579,94.311,2.9278,139.55022
FMISV2_0002489,CHEMICALS|EU|SUP_CH_02,CHEMICALS,EU,SUP_CH_02,2025-05-01,2025-04-01,130.4023,108.1206,111.3527,48.8451,34.3671,37.124,94.654,3.23,140.57627
FMISV2_0002490,CHEMICALS|EU|SUP_CH_02,CHEMICALS,EU,SUP_CH_02,2025-06-01,2025-05-01,131.4832,108.1694,106.0726,47.773,28.9754,35.534,95.207,3.1076,139.68586
FMISV2_0002491,CHEMICALS|EU|SUP_CH_02,CHEMICALS,EU,SUP_CH_02,2025-07-01,2025-06-01,120.0944,108.2497,105.7071,49.3896,42.5897,35.137,96.875,2.7676,135.47444
FMISV2_0002492,CHEMICALS|EU|SUP_CH_02,CHEMICALS,EU,SUP_CH_02,2025-08-01,2025-07-01,125.0966,109.1851,105.0918,52.9039,39.7252,33.133,96.236,3.0698,136.65224
FMISV2_0002493,CHEMICALS|EU|SUP_CH_02,CHEMICALS,EU,SUP_CH_02,2025-09-01,2025-08-01,119.1498,102.1444,105.6211,51.1776,42.7608,38.598,95.234,2.7933,136.4584
FMISV2_0002494,CHEMICALS|EU|SUP_CH_02,CHEMICALS,EU,SUP_CH_02,2025-10-01,2025-09-01,121.2697,100.6346,104.2964,51.6835,48.0615,36.426,94.778,2.7302,135.86376
FMISV2_0002495,CHEMICALS|EU|SUP_CH_02,CHEMICALS,EU,SUP_CH_02,2025-11-01,2025-10-01,123.2357,110.9781,107.7916,53.3797,56.8966,34.277,94.52,2.9209,136.39098
FMISV2_0002496,CHEMICALS|EU|SUP_CH_02,CHEMICALS,EU,SUP_CH_02,2025-12-01,2025-11-01,126.6494,116.7064,107.1491,52.3006,43.2784,33.982,93.005,3.2254,136.27335
FMISV2_0002497,CHEMICALS|EU|SUP_CH_03,CHEMICALS,EU,SUP_CH_03,2018-01-01,2017-12-01,102.9351,106.2305,105.1966,48.6363,56.1335,30.922,92.478,1.7776,109.03489
FMISV2_0002498,CHEMICALS|EU|SUP_CH_03,CHEMICALS,EU,SUP_CH_03,2018-02-01,2018-01-01,104.463,102.7035,105.6966,50.9948,41.8915,26.279,92.75,1.8981,111.08758
FMISV2_0002499,CHEMICALS|EU|SUP_CH_03,CHEMICALS,EU,SUP_CH_03,2018-03-01,2018-02-01,104.2012,103.5918,104.6944,49.4252,54.977,29.004,93.126,1.7623,111.74685
FMISV2_0002500,CHEMICALS|EU|SUP_CH_03,CHEMICALS,EU,SUP_CH_03,2018-04-01,2018-03-01,105.138,103.5876,104.6454,51.3662,47.1506,22.465,91.737,1.5031,111.29302
FMISV2_0002501,CHEMICALS|EU|SUP_CH_03,CHEMICALS,EU,SUP_CH_03,2018-05-01,2018-04-01,108.9989,107.7421,102.6444,51.5444,44.6762,23.738,91.168,1.4529,111.17462
FMISV2_0002502,CHEMICALS|EU|SUP_CH_03,CHEMICALS,EU,SUP_CH_03,2018-06-01,2018-05-01,103.0247,89.8612,101.0806,51.4006,42.9213,25.889,93.122,1.6638,110.10941
FMISV2_0002503,CHEMICALS|EU|SUP_CH_03,CHEMICALS,EU,SUP_CH_03,2018-07-01,2018-06-01,101.6263,97.8658,98.9397,50.5753,34.2305,24.615,90.525,1.8115,108.36104
FMISV2_0002504,CHEMICALS|EU|SUP_CH_03,CHEMICALS,EU,SUP_CH_03,2018-08-01,2018-07-01,95.1124,98.4985,104.1404,50.5688,36.0903,24.732,89.971,2.0313,104.55617
FMISV2_0002505,CHEMICALS|EU|SUP_CH_03,CHEMICALS,EU,SUP_CH_03,2018-09-01,2018-08-01,100.7065,95.9444,99.8557,48.5661,40.7119,29.541,92.747,1.6802,105.40295
FMISV2_0002506,CHEMICALS|EU|SUP_CH_03,CHEMICALS,EU,SUP_CH_03,2018-10-01,2018-09-01,102.8332,96.9808,102.9954,48.9839,43.0843,29.245,94.284,1.3085,106.33516
FMISV2_0002507,CHEMICALS|EU|SUP_CH_03,CHEMICALS,EU,SUP_CH_03,2018-11-01,2018-10-01,94.31,101.6977,98.3847,48.472,52.8899,27.26,93.735,1.8476,107.16414
FMISV2_0002508,CHEMICALS|EU|SUP_CH_03,CHEMICALS,EU,SUP_CH_03,2018-12-01,2018-11-01,106.2305,103.9334,102.6697,46.8643,59.6302,29.949,90.958,2.205,109.66179
FMISV2_0002509,CHEMICALS|EU|SUP_CH_03,CHEMICALS,EU,SUP_CH_03,2019-01-01,2018-12-01,104.4059,108.9392,100.027,48.2305,39.572,28.357,91.173,2.1433,110.95731
FMISV2_0002510,CHEMICALS|EU|SUP_CH_03,CHEMICALS,EU,SUP_CH_03,2019-02-01,2019-01-01,104.8837,103.178,105.2134,46.8929,45.2941,25.509,93.701,1.4904,111.34807
FMISV2_0002511,CHEMICALS|EU|SUP_CH_03,CHEMICALS,EU,SUP_CH_03,2019-03-01,2019-02-01,109.3531,108.4711,106.7291,50.1918,48.6169,25.3,90.042,1.933,112.37279
FMISV2_0002512,CHEMICALS|EU|SUP_CH_03,CHEMICALS,EU,SUP_CH_03,2019-04-01,2019-03-01,109.7496,102.3998,105.7313,49.2565,41.3393,29.521,90.503,1.8057,111.96501
FMISV2_0002513,CHEMICALS|EU|SUP_CH_03,CHEMICALS,EU,SUP_CH_03,2019-05-01,2019-04-01,110.2095,106.756,105.5993,49.2849,39.8617,33.044,93.478,1.915,113.12939
FMISV2_0002514,CHEMICALS|EU|SUP_CH_03,CHEMICALS,EU,SUP_CH_03,2019-06-01,2019-05-01,108.2254,97.9224,105.5107,52.3753,47.4373,29.678,89.357,1.3309,114.49553
FMISV2_0002515,CHEMICALS|EU|SUP_CH_03,CHEMICALS,EU,SUP_CH_03,2019-07-01,2019-06-01,99.5688,94.3285,99.9739,51.466,38.0408,27.778,91.59,1.8318,113.989
FMISV2_0002516,CHEMICALS|EU|SUP_CH_03,CHEMICALS,EU,SUP_CH_03,2019-08-01,2019-07-01,103.3714,94.6544,100.1797,50.7377,39.4323,28.666,90.334,2.0941,111.2741
FMISV2_0002517,CHEMICALS|EU|SUP_CH_03,CHEMICALS,EU,SUP_CH_03,2019-09-01,2019-08-01,98.0391,93.4916,102.7334,54.667,57.5192,27.648,91.284,2.6436,112.44036
FMISV2_0002518,CHEMICALS|EU|SUP_CH_03,CHEMICALS,EU,SUP_CH_03,2019-10-01,2019-09-01,102.989,103.6798,101.8444,53.6604,61.5225,26.038,91.434,1.5185,113.88466
FMISV2_0002519,CHEMICALS|EU|SUP_CH_03,CHEMICALS,EU,SUP_CH_03,2019-11-01,2019-10-01,102.0679,106.9712,104.2225,50.0924,51.0232,27.502,92.449,2.0488,112.85629
FMISV2_0002520,CHEMICALS|EU|SUP_CH_03,CHEMICALS,EU,SUP_CH_03,2019-12-01,2019-11-01,102.9959,112.5474,104.1638,51.9865,47.8538,31.696,92.325,2.4288,116.03639
FMISV2_0002521,CHEMICALS|EU|SUP_CH_03,CHEMICALS,EU,SUP_CH_03,2020-01-01,2019-12-01,110.1435,110.9353,107.699,53.376,48.3364,26.231,91.084,1.9173,118.02067
FMISV2_0002522,CHEMICALS|EU|SUP_CH_03,CHEMICALS,EU,SUP_CH_03,2020-02-01,2020-01-01,115.7955,113.3031,108.3111,53.1077,49.9563,29.121,90.883,1.5906,114.96546
FMISV2_0002523,CHEMICALS|EU|SUP_CH_03,CHEMICALS,EU,SUP_CH_03,2020-03-01,2020-02-01,109.2858,112.4017,106.929,51.2515,54.1833,29.269,91.576,2.0438,114.86158
FMISV2_0002524,CHEMICALS|EU|SUP_CH_03,CHEMICALS,EU,SUP_CH_03,2020-04-01,2020-03-01,110.9579,102.4057,108.5388,48.2291,44.104,29.809,90.953,1.7663,123.59512
FMISV2_0002525,CHEMICALS|EU|SUP_CH_03,CHEMICALS,EU,SUP_CH_03,2020-05-01,2020-04-01,109.7981,104.8867,103.7785,47.3081,33.3903,28.041,92.261,2.0963,118.85711
FMISV2_0002526,CHEMICALS|EU|SUP_CH_03,CHEMICALS,EU,SUP_CH_03,2020-06-01,2020-05-01,117.5258,97.4377,104.1025,49.9225,40.85,27.972,91.671,2.0472,118.78464
FMISV2_0002527,CHEMICALS|EU|SUP_CH_03,CHEMICALS,EU,SUP_CH_03,2020-07-01,2020-06-01,103.2119,105.1801,104.024,47.1907,36.2782,23.804,93.075,1.5991,114.80773
FMISV2_0002528,CHEMICALS|EU|SUP_CH_03,CHEMICALS,EU,SUP_CH_03,2020-08-01,2020-07-01,104.6328,101.2908,100.7606,45.8148,35.0467,30.634,90.612,1.6487,114.98771
FMISV2_0002529,CHEMICALS|EU|SUP_CH_03,CHEMICALS,EU,SUP_CH_03,2020-09-01,2020-08-01,104.6045,93.7309,101.4113,45.0372,52.271,31.528,95.206,1.7808,115.26857
FMISV2_0002530,CHEMICALS|EU|SUP_CH_03,CHEMICALS,EU,SUP_CH_03,2020-10-01,2020-09-01,106.7902,105.8281,103.2052,50.1332,42.8674,25.538,93.066,2.4118,115.92336
FMISV2_0002531,CHEMICALS|EU|SUP_CH_03,CHEMICALS,EU,SUP_CH_03,2020-11-01,2020-10-01,103.5774,100.6185,101.3032,48.5166,49.1294,33.178,90.404,2.2757,116.96027
FMISV2_0002532,CHEMICALS|EU|SUP_CH_03,CHEMICALS,EU,SUP_CH_03,2020-12-01,2020-11-01,106.6203,106.4558,105.4444,49.6546,44.2504,27.748,91.813,2.1167,116.76361
FMISV2_0002533,CHEMICALS|EU|SUP_CH_03,CHEMICALS,EU,SUP_CH_03,2021-01-01,2020-12-01,109.3489,114.0991,104.678,52.8361,53.2156,32.053,93.111,1.5362,117.35726
FMISV2_0002534,CHEMICALS|EU|SUP_CH_03,CHEMICALS,EU,SUP_CH_03,2021-02-01,2021-01-01,115.0235,104.2425,105.5861,51.3815,58.0388,34.034,92.208,1.9646,119.12304
FMISV2_0002535,CHEMICALS|EU|SUP_CH_03,CHEMICALS,EU,SUP_CH_03,2021-03-01,2021-02-01,111.9497,104.6707,110.5434,53.4874,39.5819,28.739,92.646,2.5782,121.57484
FMISV2_0002536,CHEMICALS|EU|SUP_CH_03,CHEMICALS,EU,SUP_CH_03,2021-04-01,2021-03-01,119.6959,108.6164,106.2554,53.3608,46.4441,26.13,91.803,2.7448,121.04851
FMISV2_0002537,CHEMICALS|EU|SUP_CH_03,CHEMICALS,EU,SUP_CH_03,2021-05-01,2021-04-01,112.7161,96.394,110.1383,53.6997,38.7841,24.33,93.282,2.4926,118.70467
FMISV2_0002538,CHEMICALS|EU|SUP_CH_03,CHEMICALS,EU,SUP_CH_03,2021-06-01,2021-05-01,115.5709,99.8472,105.1045,52.1906,35.5554,24.939,92.575,1.4554,119.47845
FMISV2_0002539,CHEMICALS|EU|SUP_CH_03,CHEMICALS,EU,SUP_CH_03,2021-07-01,2021-06-01,110.2152,96.8253,102.0593,51.9469,35.4923,29.694,90.474,2.5593,119.32661
FMISV2_0002540,CHEMICALS|EU|SUP_CH_03,CHEMICALS,EU,SUP_CH_03,2021-08-01,2021-07-01,110.1049,94.9334,100.7793,49.9846,35.6575,26.282,90.006,2.3056,119.37913
FMISV2_0002541,CHEMICALS|EU|SUP_CH_03,CHEMICALS,EU,SUP_CH_03,2021-09-01,2021-08-01,106.7397,107.617,101.8915,50.4862,41.908,26.79,90.547,2.1706,116.77634
FMISV2_0002542,CHEMICALS|EU|SUP_CH_03,CHEMICALS,EU,SUP_CH_03,2021-10-01,2021-09-01,110.6796,103.1365,102.0993,51.3607,42.8419,32.007,92.376,1.9829,125.22677
FMISV2_0002543,CHEMICALS|EU|SUP_CH_03,CHEMICALS,EU,SUP_CH_03,2021-11-01,2021-10-01,115.1356,105.9621,103.4276,49.3118,54.4724,27.787,94.604,2.5551,124.88244
FMISV2_0002544,CHEMICALS|EU|SUP_CH_03,CHEMICALS,EU,SUP_CH_03,2021-12-01,2021-11-01,111.337,105.5673,104.9018,46.4528,55.7673,30.065,90.999,2.7587,123.71711
FMISV2_0002545,CHEMICALS|EU|SUP_CH_03,CHEMICALS,EU,SUP_CH_03,2022-01-01,2021-12-01,112.1994,123.5805,107.4538,46.7115,48.5703,27.514,90.45,2.5792,122.64241
FMISV2_0002546,CHEMICALS|EU|SUP_CH_03,CHEMICALS,EU,SUP_CH_03,2022-02-01,2022-01-01,111.0395,108.0289,106.2099,46.3247,53.8425,30.859,90.51,2.025,123.0934
FMISV2_0002547,CHEMICALS|EU|SUP_CH_03,CHEMICALS,EU,SUP_CH_03,2022-03-01,2022-02-01,117.252,112.121,109.7634,47.844,46.8625,30.854,90.269,2.7308,130.07171
FMISV2_0002548,CHEMICALS|EU|SUP_CH_03,CHEMICALS,EU,SUP_CH_03,2022-04-01,2022-03-01,121.0944,101.5237,108.7625,48.0325,40.8477,25.813,91.85,2.1483,130.04878
FMISV2_0002549,CHEMICALS|EU|SUP_CH_03,CHEMICALS,EU,SUP_CH_03,2022-05-01,2022-04-01,114.3896,107.384,103.9811,46.61,52.7075,27.108,91.458,2.5091,129.26834
FMISV2_0002550,CHEMICALS|EU|SUP_CH_03,CHEMICALS,EU,SUP_CH_03,2022-06-01,2022-05-01,113.7828,101.4587,104.3948,46.9302,38.2018,24.301,91.549,2.1431,127.69588
FMISV2_0002551,CHEMICALS|EU|SUP_CH_03,CHEMICALS,EU,SUP_CH_03,2022-07-01,2022-06-01,114.0836,102.0775,103.6869,51.5686,39.4617,29.292,91.807,2.6603,124.61505
FMISV2_0002552,CHEMICALS|EU|SUP_CH_03,CHEMICALS,EU,SUP_CH_03,2022-08-01,2022-07-01,117.7614,102.1247,103.517,51.5157,40.2741,26.723,92.019,2.789,122.53578
FMISV2_0002553,CHEMICALS|EU|SUP_CH_03,CHEMICALS,EU,SUP_CH_03,2022-09-01,2022-08-01,107.0092,95.0342,103.4776,51.8277,40.9866,28.427,92.648,2.7917,121.76815
FMISV2_0002554,CHEMICALS|EU|SUP_CH_03,CHEMICALS,EU,SUP_CH_03,2022-10-01,2022-09-01,112.5549,103.18,105.5262,52.9565,42.8768,26.162,91.061,3.0575,122.43382
FMISV2_0002555,CHEMICALS|EU|SUP_CH_03,CHEMICALS,EU,SUP_CH_03,2022-11-01,2022-10-01,112.6264,100.6801,106.1553,52.7293,52.0187,29.36,92.196,2.1928,121.82651
FMISV2_0002556,CHEMICALS|EU|SUP_CH_03,CHEMICALS,EU,SUP_CH_03,2022-12-01,2022-11-01,119.7558,102.1387,106.1342,51.9272,57.4425,32.942,92.29,2.1417,121.7322
FMISV2_0002557,CHEMICALS|EU|SUP_CH_03,CHEMICALS,EU,SUP_CH_03,2023-01-01,2022-12-01,116.6644,108.2256,107.7265,49.7243,58.1623,29.553,92.387,2.1345,122.86576
FMISV2_0002558,CHEMICALS|EU|SUP_CH_03,CHEMICALS,EU,SUP_CH_03,2023-02-01,2023-01-01,118.8731,114.9764,109.2191,50.5961,47.0902,30.88,90.046,2.6275,125.44406
FMISV2_0002559,CHEMICALS|EU|SUP_CH_03,CHEMICALS,EU,SUP_CH_03,2023-03-01,2023-02-01,122.1048,112.1693,109.6188,49.2389,34.0285,24.773,91.109,2.7009,125.72998
FMISV2_0002560,CHEMICALS|EU|SUP_CH_03,CHEMICALS,EU,SUP_CH_03,2023-04-01,2023-03-01,121.5099,111.6855,109.0771,51.7497,38.5977,22.226,91.869,2.311,125.59613
FMISV2_0002561,CHEMICALS|EU|SUP_CH_03,CHEMICALS,EU,SUP_CH_03,2023-05-01,2023-04-01,120.5085,107.1975,107.1761,48.0522,43.8878,30.058,89.975,2.7576,124.2662
FMISV2_0002562,CHEMICALS|EU|SUP_CH_03,CHEMICALS,EU,SUP_CH_03,2023-06-01,2023-05-01,117.5433,107.3286,109.3174,46.8898,33.7447,24.551,92.889,2.1149,125.7966
FMISV2_0002563,CHEMICALS|EU|SUP_CH_03,CHEMICALS,EU,SUP_CH_03,2023-07-01,2023-06-01,120.1308,101.7859,105.5399,46.994,36.5958,28.041,90.021,2.4436,124.92671
FMISV2_0002564,CHEMICALS|EU|SUP_CH_03,CHEMICALS,EU,SUP_CH_03,2023-08-01,2023-07-01,116.5932,99.4298,103.603,45.6769,45.0821,23.611,92.94,3.0603,122.81685
FMISV2_0002565,CHEMICALS|EU|SUP_CH_03,CHEMICALS,EU,SUP_CH_03,2023-09-01,2023-08-01,119.9535,102.9296,105.7016,47.7256,48.7099,26.426,90.813,3.1065,124.40401
FMISV2_0002566,CHEMICALS|EU|SUP_CH_03,CHEMICALS,EU,SUP_CH_03,2023-10-01,2023-09-01,117.4428,107.1494,105.1973,48.2576,48.8767,29.95,92.482,2.9158,126.34486
FMISV2_0002567,CHEMICALS|EU|SUP_CH_03,CHEMICALS,EU,SUP_CH_03,2023-11-01,2023-10-01,116.1112,97.4167,104.8421,47.0184,50.484,27.313,91.942,2.6194,125.82194
FMISV2_0002568,CHEMICALS|EU|SUP_CH_03,CHEMICALS,EU,SUP_CH_03,2023-12-01,2023-11-01,116.4076,105.556,106.7157,49.4617,51.8451,30.911,90.925,2.595,127.65732
FMISV2_0002569,CHEMICALS|EU|SUP_CH_03,CHEMICALS,EU,SUP_CH_03,2024-01-01,2023-12-01,117.4845,115.6111,105.1276,50.6718,46.8861,27.488,92.004,3.152,130.09456
FMISV2_0002570,CHEMICALS|EU|SUP_CH_03,CHEMICALS,EU,SUP_CH_03,2024-02-01,2024-01-01,117.8622,118.6903,108.0075,53.9543,49.0509,26.969,89.905,2.4843,130.6123
FMISV2_0002571,CHEMICALS|EU|SUP_CH_03,CHEMICALS,EU,SUP_CH_03,2024-03-01,2024-02-01,127.4457,115.9259,108.3624,51.2903,43.3594,26.901,92.261,2.8361,133.35236
FMISV2_0002572,CHEMICALS|EU|SUP_CH_03,CHEMICALS,EU,SUP_CH_03,2024-04-01,2024-03-01,128.731,115.0208,110.6762,52.6001,40.3482,30.295,93.042,2.3772,133.6132
FMISV2_0002573,CHEMICALS|EU|SUP_CH_03,CHEMICALS,EU,SUP_CH_03,2024-05-01,2024-04-01,124.2926,114.35,105.897,54.2701,40.2109,27.691,91.16,2.8494,132.457
FMISV2_0002574,CHEMICALS|EU|SUP_CH_03,CHEMICALS,EU,SUP_CH_03,2024-06-01,2024-05-01,119.1319,108.8524,107.8695,53.1257,30.6917,23.703,89.664,3.3872,129.1814
FMISV2_0002575,CHEMICALS|EU|SUP_CH_03,CHEMICALS,EU,SUP_CH_03,2024-07-01,2024-06-01,122.1279,102.1748,105.715,53.1732,41.7271,32.64,91.625,2.8392,128.19944
FMISV2_0002576,CHEMICALS|EU|SUP_CH_03,CHEMICALS,EU,SUP_CH_03,2024-08-01,2024-07-01,121.4915,100.0442,102.0064,49.9254,43.1696,27.648,91.998,3.6783,127.48515
FMISV2_0002577,CHEMICALS|EU|SUP_CH_03,CHEMICALS,EU,SUP_CH_03,2024-09-01,2024-08-01,116.8088,106.9974,104.6254,51.7429,43.7449,26.944,93.391,2.4493,127.54664
FMISV2_0002578,CHEMICALS|EU|SUP_CH_03,CHEMICALS,EU,SUP_CH_03,2024-10-01,2024-09-01,120.5409,107.4528,104.5131,50.1718,44.5531,33.323,92.025,2.9944,129.39311
FMISV2_0002579,CHEMICALS|EU|SUP_CH_03,CHEMICALS,EU,SUP_CH_03,2024-11-01,2024-10-01,121.8495,112.1516,106.5359,46.0944,62.486,25.673,89.474,2.3759,130.36454
FMISV2_0002580,CHEMICALS|EU|SUP_CH_03,CHEMICALS,EU,SUP_CH_03,2024-12-01,2024-11-01,119.2886,110.8493,107.3436,47.805,56.3391,24.698,91.67,3.1813,131.64294
FMISV2_0002581,CHEMICALS|EU|SUP_CH_03,CHEMICALS,EU,SUP_CH_03,2025-01-01,2024-12-01,122.7039,115.5027,109.453,48.0898,50.8256,25.191,91.287,2.8498,132.73989
FMISV2_0002582,CHEMICALS|EU|SUP_CH_03,CHEMICALS,EU,SUP_CH_03,2025-02-01,2025-01-01,126.956,117.1364,110.6151,46.2308,40.1366,29.165,92.086,2.5252,134.74422
FMISV2_0002583,CHEMICALS|EU|SUP_CH_03,CHEMICALS,EU,SUP_CH_03,2025-03-01,2025-02-01,125.8724,113.8069,111.886,46.5923,42.2164,33.965,91.566,3.0766,134.78143
FMISV2_0002584,CHEMICALS|EU|SUP_CH_03,CHEMICALS,EU,SUP_CH_03,2025-04-01,2025-03-01,125.8778,115.5665,109.2042,47.5916,47.7817,29.212,91.419,3.3053,135.40948
FMISV2_0002585,CHEMICALS|EU|SUP_CH_03,CHEMICALS,EU,SUP_CH_03,2025-05-01,2025-04-01,130.4023,108.1206,106.4467,48.8451,34.3671,25.435,93.03,2.6871,134.39021
FMISV2_0002586,CHEMICALS|EU|SUP_CH_03,CHEMICALS,EU,SUP_CH_03,2025-06-01,2025-05-01,131.4832,108.1694,108.8834,47.773,28.9754,26.583,92.898,2.7669,135.01249
FMISV2_0002587,CHEMICALS|EU|SUP_CH_03,CHEMICALS,EU,SUP_CH_03,2025-07-01,2025-06-01,120.0944,108.2497,105.8209,49.3896,42.5897,26.253,92.53,2.3532,134.70705
FMISV2_0002588,CHEMICALS|EU|SUP_CH_03,CHEMICALS,EU,SUP_CH_03,2025-08-01,2025-07-01,125.0966,109.1851,105.732,52.9039,39.7252,21.871,91.325,2.6462,136.44902
FMISV2_0002589,CHEMICALS|EU|SUP_CH_03,CHEMICALS,EU,SUP_CH_03,2025-09-01,2025-08-01,119.1498,102.1444,105.3895,51.1776,42.7608,29.755,91.657,3.433,136.31703
FMISV2_0002590,CHEMICALS|EU|SUP_CH_03,CHEMICALS,EU,SUP_CH_03,2025-10-01,2025-09-01,121.2697,100.6346,106.5728,51.6835,48.0615,27.321,87.881,2.5787,134.04759
FMISV2_0002591,CHEMICALS|EU|SUP_CH_03,CHEMICALS,EU,SUP_CH_03,2025-11-01,2025-10-01,123.2357,110.9781,105.3994,53.3797,56.8966,29.681,93.102,3.246,136.12609
FMISV2_0002592,CHEMICALS|EU|SUP_CH_03,CHEMICALS,EU,SUP_CH_03,2025-12-01,2025-11-01,126.6494,116.7064,104.7372,52.3006,43.2784,26.121,91.658,2.6453,136.78997
FMISV2_0002593,CHEMICALS|APAC|SUP_CH_01,CHEMICALS,APAC,SUP_CH_01,2018-01-01,2017-12-01,102.9351,106.2305,99.1211,48.6363,56.1335,43.299,86.897,1.6201,99.53945
FMISV2_0002594,CHEMICALS|APAC|SUP_CH_01,CHEMICALS,APAC,SUP_CH_01,2018-02-01,2018-01-01,104.463,102.7035,101.6538,50.9948,41.8915,42.297,87.104,2.344,99.8203
FMISV2_0002595,CHEMICALS|APAC|SUP_CH_01,CHEMICALS,APAC,SUP_CH_01,2018-03-01,2018-02-01,104.2012,103.5918,99.2583,49.4252,54.977,47.069,85.912,2.0558,101.38269
FMISV2_0002596,CHEMICALS|APAC|SUP_CH_01,CHEMICALS,APAC,SUP_CH_01,2018-04-01,2018-03-01,105.138,103.5876,101.0545,51.3662,47.1506,42.142,89.427,1.4376,101.05491
FMISV2_0002597,CHEMICALS|APAC|SUP_CH_01,CHEMICALS,APAC,SUP_CH_01,2018-05-01,2018-04-01,108.9989,107.7421,97.908,51.5444,44.6762,44.054,85.654,1.8493,101.59816
FMISV2_0002598,CHEMICALS|APAC|SUP_CH_01,CHEMICALS,APAC,SUP_CH_01,2018-06-01,2018-05-01,103.0247,89.8612,96.6792,51.4006,42.9213,40.361,85.341,2.0185,101.84851
FMISV2_0002599,CHEMICALS|APAC|SUP_CH_01,CHEMICALS,APAC,SUP_CH_01,2018-07-01,2018-06-01,101.6263,97.8658,95.8842,50.5753,34.2305,43.363,88.297,1.9109,101.03119
FMISV2_0002600,CHEMICALS|APAC|SUP_CH_01,CHEMICALS,APAC,SUP_CH_01,2018-08-01,2018-07-01,95.1124,98.4985,93.8938,50.5688,36.0903,47.233,85.934,2.2486,98.32683
FMISV2_0002601,CHEMICALS|APAC|SUP_CH_01,CHEMICALS,APAC,SUP_CH_01,2018-09-01,2018-08-01,100.7065,95.9444,95.2897,48.5661,40.7119,40.995,87.171,2.042,98.26138
FMISV2_0002602,CHEMICALS|APAC|SUP_CH_01,CHEMICALS,APAC,SUP_CH_01,2018-10-01,2018-09-01,102.8332,96.9808,96.4479,48.9839,43.0843,45.172,87.562,1.5114,98.74762
FMISV2_0002603,CHEMICALS|APAC|SUP_CH_01,CHEMICALS,APAC,SUP_CH_01,2018-11-01,2018-10-01,94.31,101.6977,96.1859,48.472,52.8899,45.457,86.855,2.2466,99.16249
FMISV2_0002604,CHEMICALS|APAC|SUP_CH_01,CHEMICALS,APAC,SUP_CH_01,2018-12-01,2018-11-01,106.2305,103.9334,100.2729,46.8643,59.6302,45.68,85.312,1.6731,99.95346
FMISV2_0002605,CHEMICALS|APAC|SUP_CH_01,CHEMICALS,APAC,SUP_CH_01,2019-01-01,2018-12-01,104.4059,108.9392,101.3932,48.2305,39.572,45.852,86.59,1.9481,101.11321
FMISV2_0002606,CHEMICALS|APAC|SUP_CH_01,CHEMICALS,APAC,SUP_CH_01,2019-02-01,2019-01-01,104.8837,103.178,101.5877,46.8929,45.2941,41.347,86.509,1.3322,102.21058
FMISV2_0002607,CHEMICALS|APAC|SUP_CH_01,CHEMICALS,APAC,SUP_CH_01,2019-03-01,2019-02-01,109.3531,108.4711,98.3964,50.1918,48.6169,44.308,87.642,1.8907,103.73755
FMISV2_0002608,CHEMICALS|APAC|SUP_CH_01,CHEMICALS,APAC,SUP_CH_01,2019-04-01,2019-03-01,109.7496,102.3998,98.0606,49.2565,41.3393,44.851,86.816,2.1317,105.48467
FMISV2_0002609,CHEMICALS|APAC|SUP_CH_01,CHEMICALS,APAC,SUP_CH_01,2019-05-01,2019-04-01,110.2095,106.756,96.8021,49.2849,39.8617,39.998,87.024,1.4954,105.31695
FMISV2_0002610,CHEMICALS|APAC|SUP_CH_01,CHEMICALS,APAC,SUP_CH_01,2019-06-01,2019-05-01,108.2254,97.9224,96.1871,52.3753,47.4373,46.401,85.435,2.004,105.37626
FMISV2_0002611,CHEMICALS|APAC|SUP_CH_01,CHEMICALS,APAC,SUP_CH_01,2019-07-01,2019-06-01,99.5688,94.3285,97.5506,51.466,38.0408,45.015,87.807,1.751,104.78369
FMISV2_0002612,CHEMICALS|APAC|SUP_CH_01,CHEMICALS,APAC,SUP_CH_01,2019-08-01,2019-07-01,103.3714,94.6544,96.1044,50.7377,39.4323,41.816,87.511,2.2915,104.3933
FMISV2_0002613,CHEMICALS|APAC|SUP_CH_01,CHEMICALS,APAC,SUP_CH_01,2019-09-01,2019-08-01,98.0391,93.4916,95.6398,54.667,57.5192,39.273,86.256,1.502,104.12807
FMISV2_0002614,CHEMICALS|APAC|SUP_CH_01,CHEMICALS,APAC,SUP_CH_01,2019-10-01,2019-09-01,102.989,103.6798,97.9144,53.6604,61.5225,44.871,87.6,2.4497,104.31767
FMISV2_0002615,CHEMICALS|APAC|SUP_CH_01,CHEMICALS,APAC,SUP_CH_01,2019-11-01,2019-10-01,102.0679,106.9712,100.1318,50.0924,51.0232,48.009,85.184,2.3646,104.47419
FMISV2_0002616,CHEMICALS|APAC|SUP_CH_01,CHEMICALS,APAC,SUP_CH_01,2019-12-01,2019-11-01,102.9959,112.5474,100.5574,51.9865,47.8538,47.562,84.98,1.9063,103.988
FMISV2_0002617,CHEMICALS|APAC|SUP_CH_01,CHEMICALS,APAC,SUP_CH_01,2020-01-01,2019-12-01,110.1435,110.9353,102.0604,53.376,48.3364,48.008,83.564,1.9043,105.49219
FMISV2_0002618,CHEMICALS|APAC|SUP_CH_01,CHEMICALS,APAC,SUP_CH_01,2020-02-01,2020-01-01,115.7955,113.3031,100.9023,53.1077,49.9563,42.894,85.889,1.3809,107.70428
FMISV2_0002619,CHEMICALS|APAC|SUP_CH_01,CHEMICALS,APAC,SUP_CH_01,2020-03-01,2020-02-01,109.2858,112.4017,103.1961,51.2515,54.1833,43.268,87.93,2.0595,110.47011
FMISV2_0002620,CHEMICALS|APAC|SUP_CH_01,CHEMICALS,APAC,SUP_CH_01,2020-04-01,2020-03-01,110.9579,102.4057,98.1947,48.2291,44.104,45.09,87.294,1.656,116.88419
FMISV2_0002621,CHEMICALS|APAC|SUP_CH_01,CHEMICALS,APAC,SUP_CH_01,2020-05-01,2020-04-01,109.7981,104.8867,100.213,47.3081,33.3903,41.52,82.929,2.2474,113.51642
FMISV2_0002622,CHEMICALS|APAC|SUP_CH_01,CHEMICALS,APAC,SUP_CH_01,2020-06-01,2020-05-01,117.5258,97.4377,97.382,49.9225,40.85,45.807,86.18,2.1388,112.27659
FMISV2_0002623,CHEMICALS|APAC|SUP_CH_01,CHEMICALS,APAC,SUP_CH_01,2020-07-01,2020-06-01,103.2119,105.1801,96.333,47.1907,36.2782,41.666,84.566,1.1969,108.2498
FMISV2_0002624,CHEMICALS|APAC|SUP_CH_01,CHEMICALS,APAC,SUP_CH_01,2020-08-01,2020-07-01,104.6328,101.2908,95.1391,45.8148,35.0467,44.271,87.366,1.9159,107.98518
FMISV2_0002625,CHEMICALS|APAC|SUP_CH_01,CHEMICALS,APAC,SUP_CH_01,2020-09-01,2020-08-01,104.6045,93.7309,95.6543,45.0372,52.271,42.39,88.351,2.6931,107.02327
FMISV2_0002626,CHEMICALS|APAC|SUP_CH_01,CHEMICALS,APAC,SUP_CH_01,2020-10-01,2020-09-01,106.7902,105.8281,94.9919,50.1332,42.8674,42.901,86.006,1.4479,107.00741
FMISV2_0002627,CHEMICALS|APAC|SUP_CH_01,CHEMICALS,APAC,SUP_CH_01,2020-11-01,2020-10-01,103.5774,100.6185,97.4721,48.5166,49.1294,47.41,86.925,2.1709,109.15052
FMISV2_0002628,CHEMICALS|APAC|SUP_CH_01,CHEMICALS,APAC,SUP_CH_01,2020-12-01,2020-11-01,106.6203,106.4558,100.8323,49.6546,44.2504,39.079,86.648,2.1531,110.97631
FMISV2_0002629,CHEMICALS|APAC|SUP_CH_01,CHEMICALS,APAC,SUP_CH_01,2021-01-01,2020-12-01,109.3489,114.0991,103.6528,52.8361,53.2156,45.296,86.681,2.4349,110.82792
FMISV2_0002630,CHEMICALS|APAC|SUP_CH_01,CHEMICALS,APAC,SUP_CH_01,2021-02-01,2021-01-01,115.0235,104.2425,102.7981,51.3815,58.0388,45.881,84.831,2.1447,112.46217
FMISV2_0002631,CHEMICALS|APAC|SUP_CH_01,CHEMICALS,APAC,SUP_CH_01,2021-03-01,2021-02-01,111.9497,104.6707,101.2881,53.4874,39.5819,48.775,87.354,2.6797,112.35
FMISV2_0002632,CHEMICALS|APAC|SUP_CH_01,CHEMICALS,APAC,SUP_CH_01,2021-04-01,2021-03-01,119.6959,108.6164,102.9082,53.3608,46.4441,48.197,84.476,2.7164,113.46266
FMISV2_0002633,CHEMICALS|APAC|SUP_CH_01,CHEMICALS,APAC,SUP_CH_01,2021-05-01,2021-04-01,112.7161,96.394,97.8627,53.6997,38.7841,43.384,87.082,3.0661,114.52192
FMISV2_0002634,CHEMICALS|APAC|SUP_CH_01,CHEMICALS,APAC,SUP_CH_01,2021-06-01,2021-05-01,115.5709,99.8472,96.9676,52.1906,35.5554,40.597,83.878,2.6471,112.17165
FMISV2_0002635,CHEMICALS|APAC|SUP_CH_01,CHEMICALS,APAC,SUP_CH_01,2021-07-01,2021-06-01,110.2152,96.8253,97.4778,51.9469,35.4923,40.771,87.682,2.0119,112.1038
FMISV2_0002636,CHEMICALS|APAC|SUP_CH_01,CHEMICALS,APAC,SUP_CH_01,2021-08-01,2021-07-01,110.1049,94.9334,96.5296,49.9846,35.6575,42.16,85.776,2.7826,110.77561
FMISV2_0002637,CHEMICALS|APAC|SUP_CH_01,CHEMICALS,APAC,SUP_CH_01,2021-09-01,2021-08-01,106.7397,107.617,95.0362,50.4862,41.908,42.118,87.327,2.2838,109.91646
FMISV2_0002638,CHEMICALS|APAC|SUP_CH_01,CHEMICALS,APAC,SUP_CH_01,2021-10-01,2021-09-01,110.6796,103.1365,96.8565,51.3607,42.8419,46.262,85.309,2.6271,117.7175
FMISV2_0002639,CHEMICALS|APAC|SUP_CH_01,CHEMICALS,APAC,SUP_CH_01,2021-11-01,2021-10-01,115.1356,105.9621,99.5779,49.3118,54.4724,50.996,85.694,2.4898,117.84929
FMISV2_0002640,CHEMICALS|APAC|SUP_CH_01,CHEMICALS,APAC,SUP_CH_01,2021-12-01,2021-11-01,111.337,105.5673,105.5958,46.4528,55.7673,47.203,86.384,2.4632,115.32713
FMISV2_0002641,CHEMICALS|APAC|SUP_CH_01,CHEMICALS,APAC,SUP_CH_01,2022-01-01,2021-12-01,112.1994,123.5805,102.1383,46.7115,48.5703,41.489,85.912,2.306,114.4482
FMISV2_0002642,CHEMICALS|APAC|SUP_CH_01,CHEMICALS,APAC,SUP_CH_01,2022-02-01,2022-01-01,111.0395,108.0289,103.0337,46.3247,53.8425,43.811,85.208,2.6882,113.84408
FMISV2_0002643,CHEMICALS|APAC|SUP_CH_01,CHEMICALS,APAC,SUP_CH_01,2022-03-01,2022-02-01,117.252,112.121,104.4599,47.844,46.8625,45.355,85.895,2.4297,121.65583
FMISV2_0002644,CHEMICALS|APAC|SUP_CH_01,CHEMICALS,APAC,SUP_CH_01,2022-04-01,2022-03-01,121.0944,101.5237,103.2699,48.0325,40.8477,46.356,86.79,2.6005,120.06253
FMISV2_0002645,CHEMICALS|APAC|SUP_CH_01,CHEMICALS,APAC,SUP_CH_01,2022-05-01,2022-04-01,114.3896,107.384,102.0296,46.61,52.7075,42.093,85.818,2.9957,118.77156
FMISV2_0002646,CHEMICALS|APAC|SUP_CH_01,CHEMICALS,APAC,SUP_CH_01,2022-06-01,2022-05-01,113.7828,101.4587,99.8363,46.9302,38.2018,46.959,85.22,1.7249,117.7239
FMISV2_0002647,CHEMICALS|APAC|SUP_CH_01,CHEMICALS,APAC,SUP_CH_01,2022-07-01,2022-06-01,114.0836,102.0775,97.7924,51.5686,39.4617,42.497,85.967,2.2421,117.50488
FMISV2_0002648,CHEMICALS|APAC|SUP_CH_01,CHEMICALS,APAC,SUP_CH_01,2022-08-01,2022-07-01,117.7614,102.1247,100.6017,51.5157,40.2741,46.861,85.369,2.3861,115.40571
FMISV2_0002649,CHEMICALS|APAC|SUP_CH_01,CHEMICALS,APAC,SUP_CH_01,2022-09-01,2022-08-01,107.0092,95.0342,97.8287,51.8277,40.9866,47.086,86.12,2.3672,113.8791
FMISV2_0002650,CHEMICALS|APAC|SUP_CH_01,CHEMICALS,APAC,SUP_CH_01,2022-10-01,2022-09-01,112.5549,103.18,100.4525,52.9565,42.8768,45.897,84.366,2.8998,116.1929
FMISV2_0002651,CHEMICALS|APAC|SUP_CH_01,CHEMICALS,APAC,SUP_CH_01,2022-11-01,2022-10-01,112.6264,100.6801,98.0562,52.7293,52.0187,42.438,86.529,2.7579,117.12976
FMISV2_0002652,CHEMICALS|APAC|SUP_CH_01,CHEMICALS,APAC,SUP_CH_01,2022-12-01,2022-11-01,119.7558,102.1387,101.0728,51.9272,57.4425,49.72,85.655,2.773,115.99475
FMISV2_0002653,CHEMICALS|APAC|SUP_CH_01,CHEMICALS,APAC,SUP_CH_01,2023-01-01,2022-12-01,116.6644,108.2256,101.4283,49.7243,58.1623,46.964,84.968,2.3268,115.1137
FMISV2_0002654,CHEMICALS|APAC|SUP_CH_01,CHEMICALS,APAC,SUP_CH_01,2023-02-01,2023-01-01,118.8731,114.9764,101.6925,50.5961,47.0902,49.804,85.981,2.6326,117.1123
FMISV2_0002655,CHEMICALS|APAC|SUP_CH_01,CHEMICALS,APAC,SUP_CH_01,2023-03-01,2023-02-01,122.1048,112.1693,101.3894,49.2389,34.0285,47.239,87.787,2.093,118.57955
FMISV2_0002656,CHEMICALS|APAC|SUP_CH_01,CHEMICALS,APAC,SUP_CH_01,2023-04-01,2023-03-01,121.5099,111.6855,101.8645,51.7497,38.5977,46.171,85.973,2.9118,121.05687
FMISV2_0002657,CHEMICALS|APAC|SUP_CH_01,CHEMICALS,APAC,SUP_CH_01,2023-05-01,2023-04-01,120.5085,107.1975,101.6947,48.0522,43.8878,45.63,84.861,2.3353,120.02192
FMISV2_0002658,CHEMICALS|APAC|SUP_CH_01,CHEMICALS,APAC,SUP_CH_01,2023-06-01,2023-05-01,117.5433,107.3286,100.3544,46.8898,33.7447,44.319,86.008,2.1094,117.55048
FMISV2_0002659,CHEMICALS|APAC|SUP_CH_01,CHEMICALS,APAC,SUP_CH_01,2023-07-01,2023-06-01,120.1308,101.7859,101.1751,46.994,36.5958,43.076,88.212,3.0125,116.60131
FMISV2_0002660,CHEMICALS|APAC|SUP_CH_01,CHEMICALS,APAC,SUP_CH_01,2023-08-01,2023-07-01,116.5932,99.4298,100.2238,45.6769,45.0821,44.622,87.353,1.7913,115.1581
FMISV2_0002661,CHEMICALS|APAC|SUP_CH_01,CHEMICALS,APAC,SUP_CH_01,2023-09-01,2023-08-01,119.9535,102.9296,103.3676,47.7256,48.7099,47.824,86.15,2.7882,114.13763
FMISV2_0002662,CHEMICALS|APAC|SUP_CH_01,CHEMICALS,APAC,SUP_CH_01,2023-10-01,2023-09-01,117.4428,107.1494,98.2798,48.2576,48.8767,49.044,85.484,2.546,113.58199
FMISV2_0002663,CHEMICALS|APAC|SUP_CH_01,CHEMICALS,APAC,SUP_CH_01,2023-11-01,2023-10-01,116.1112,97.4167,100.2504,47.0184,50.484,48.249,86.473,3.733,115.24732
FMISV2_0002664,CHEMICALS|APAC|SUP_CH_01,CHEMICALS,APAC,SUP_CH_01,2023-12-01,2023-11-01,116.4076,105.556,103.8235,49.4617,51.8451,48.17,86.024,3.0558,114.67133
FMISV2_0002665,CHEMICALS|APAC|SUP_CH_01,CHEMICALS,APAC,SUP_CH_01,2024-01-01,2023-12-01,117.4845,115.6111,105.6526,50.6718,46.8861,47.947,85.035,2.8921,116.61285
FMISV2_0002666,CHEMICALS|APAC|SUP_CH_01,CHEMICALS,APAC,SUP_CH_01,2024-02-01,2024-01-01,117.8622,118.6903,103.8436,53.9543,49.0509,43.704,86.101,3.2012,118.11195
FMISV2_0002667,CHEMICALS|APAC|SUP_CH_01,CHEMICALS,APAC,SUP_CH_01,2024-03-01,2024-02-01,127.4457,115.9259,101.7757,51.2903,43.3594,47.608,86.957,3.1341,118.89753
FMISV2_0002668,CHEMICALS|APAC|SUP_CH_01,CHEMICALS,APAC,SUP_CH_01,2024-04-01,2024-03-01,128.731,115.0208,102.4403,52.6001,40.3482,41.402,86.079,2.3353,119.76992
FMISV2_0002669,CHEMICALS|APAC|SUP_CH_01,CHEMICALS,APAC,SUP_CH_01,2024-05-01,2024-04-01,124.2926,114.35,102.1852,54.2701,40.2109,44.615,87.976,3.4498,120.13977
FMISV2_0002670,CHEMICALS|APAC|SUP_CH_01,CHEMICALS,APAC,SUP_CH_01,2024-06-01,2024-05-01,119.1319,108.8524,100.7272,53.1257,30.6917,41.874,86.314,3.2233,118.9939
FMISV2_0002671,CHEMICALS|APAC|SUP_CH_01,CHEMICALS,APAC,SUP_CH_01,2024-07-01,2024-06-01,122.1279,102.1748,99.516,53.1732,41.7271,42.308,85.532,3.4678,119.20046
FMISV2_0002672,CHEMICALS|APAC|SUP_CH_01,CHEMICALS,APAC,SUP_CH_01,2024-08-01,2024-07-01,121.4915,100.0442,100.1319,49.9254,43.1696,44.787,87.787,3.2702,119.45527
FMISV2_0002673,CHEMICALS|APAC|SUP_CH_01,CHEMICALS,APAC,SUP_CH_01,2024-09-01,2024-08-01,116.8088,106.9974,100.205,51.7429,43.7449,44.852,87.359,2.4895,118.66958
FMISV2_0002674,CHEMICALS|APAC|SUP_CH_01,CHEMICALS,APAC,SUP_CH_01,2024-10-01,2024-09-01,120.5409,107.4528,98.516,50.1718,44.5531,47.539,84.955,2.5503,121.2409
FMISV2_0002675,CHEMICALS|APAC|SUP_CH_01,CHEMICALS,APAC,SUP_CH_01,2024-11-01,2024-10-01,121.8495,112.1516,102.9012,46.0944,62.486,44.708,87.87,2.6934,122.74987
FMISV2_0002676,CHEMICALS|APAC|SUP_CH_01,CHEMICALS,APAC,SUP_CH_01,2024-12-01,2024-11-01,119.2886,110.8493,101.6244,47.805,56.3391,42.829,86.21,3.0559,124.38585
FMISV2_0002677,CHEMICALS|APAC|SUP_CH_01,CHEMICALS,APAC,SUP_CH_01,2025-01-01,2024-12-01,122.7039,115.5027,104.8084,48.0898,50.8256,44.231,85.564,2.5195,125.32074
FMISV2_0002678,CHEMICALS|APAC|SUP_CH_01,CHEMICALS,APAC,SUP_CH_01,2025-02-01,2025-01-01,126.956,117.1364,102.7609,46.2308,40.1366,44.174,86.613,3.1557,124.53438
FMISV2_0002679,CHEMICALS|APAC|SUP_CH_01,CHEMICALS,APAC,SUP_CH_01,2025-03-01,2025-02-01,125.8724,113.8069,104.3268,46.5923,42.2164,41.706,85.682,2.9322,125.38554
FMISV2_0002680,CHEMICALS|APAC|SUP_CH_01,CHEMICALS,APAC,SUP_CH_01,2025-04-01,2025-03-01,125.8778,115.5665,101.1918,47.5916,47.7817,44.432,87.415,3.1292,126.29002
FMISV2_0002681,CHEMICALS|APAC|SUP_CH_01,CHEMICALS,APAC,SUP_CH_01,2025-05-01,2025-04-01,130.4023,108.1206,104.9371,48.8451,34.3671,46.702,86.616,2.6817,124.75368
FMISV2_0002682,CHEMICALS|APAC|SUP_CH_01,CHEMICALS,APAC,SUP_CH_01,2025-06-01,2025-05-01,131.4832,108.1694,103.2413,47.773,28.9754,41.778,86.565,2.8831,125.51347
FMISV2_0002683,CHEMICALS|APAC|SUP_CH_01,CHEMICALS,APAC,SUP_CH_01,2025-07-01,2025-06-01,120.0944,108.2497,95.0979,49.3896,42.5897,40.573,85.675,3.2523,125.15731
FMISV2_0002684,CHEMICALS|APAC|SUP_CH_01,CHEMICALS,APAC,SUP_CH_01,2025-08-01,2025-07-01,125.0966,109.1851,100.2216,52.9039,39.7252,46.686,85.749,2.722,124.24835
FMISV2_0002685,CHEMICALS|APAC|SUP_CH_01,CHEMICALS,APAC,SUP_CH_01,2025-09-01,2025-08-01,119.1498,102.1444,99.9335,51.1776,42.7608,44.104,85.145,2.6347,125.51733
FMISV2_0002686,CHEMICALS|APAC|SUP_CH_01,CHEMICALS,APAC,SUP_CH_01,2025-10-01,2025-09-01,121.2697,100.6346,98.3252,51.6835,48.0615,47.77,86.915,3.1263,124.42914
FMISV2_0002687,CHEMICALS|APAC|SUP_CH_01,CHEMICALS,APAC,SUP_CH_01,2025-11-01,2025-10-01,123.2357,110.9781,102.7101,53.3797,56.8966,47.353,84.9,2.8255,122.73314
FMISV2_0002688,CHEMICALS|APAC|SUP_CH_01,CHEMICALS,APAC,SUP_CH_01,2025-12-01,2025-11-01,126.6494,116.7064,103.9678,52.3006,43.2784,47.441,86.147,2.6724,124.06821
FMISV2_0002689,CHEMICALS|APAC|SUP_CH_02,CHEMICALS,APAC,SUP_CH_02,2018-01-01,2017-12-01,102.9351,106.2305,99.8849,48.6363,56.1335,42.227,94.619,1.2331,106.50953
FMISV2_0002690,CHEMICALS|APAC|SUP_CH_02,CHEMICALS,APAC,SUP_CH_02,2018-02-01,2018-01-01,104.463,102.7035,102.8613,50.9948,41.8915,37.649,94.881,1.5606,109.4016
FMISV2_0002691,CHEMICALS|APAC|SUP_CH_02,CHEMICALS,APAC,SUP_CH_02,2018-03-01,2018-02-01,104.2012,103.5918,99.5511,49.4252,54.977,39.405,93.442,1.6601,112.3282
FMISV2_0002692,CHEMICALS|APAC|SUP_CH_02,CHEMICALS,APAC,SUP_CH_02,2018-04-01,2018-03-01,105.138,103.5876,99.8624,51.3662,47.1506,36.686,94.496,1.4979,111.99056
FMISV2_0002693,CHEMICALS|APAC|SUP_CH_02,CHEMICALS,APAC,SUP_CH_02,2018-05-01,2018-04-01,108.9989,107.7421,95.9742,51.5444,44.6762,33.457,93.763,1.5812,111.09238
FMISV2_0002694,CHEMICALS|APAC|SUP_CH_02,CHEMICALS,APAC,SUP_CH_02,2018-06-01,2018-05-01,103.0247,89.8612,99.8934,51.4006,42.9213,39.703,94.745,1.3907,109.70312
FMISV2_0002695,CHEMICALS|APAC|SUP_CH_02,CHEMICALS,APAC,SUP_CH_02,2018-07-01,2018-06-01,101.6263,97.8658,96.5758,50.5753,34.2305,36.019,94.528,1.1595,111.61028
FMISV2_0002696,CHEMICALS|APAC|SUP_CH_02,CHEMICALS,APAC,SUP_CH_02,2018-08-01,2018-07-01,95.1124,98.4985,92.8143,50.5688,36.0903,41.412,93.117,1.4842,109.49816
FMISV2_0002697,CHEMICALS|APAC|SUP_CH_02,CHEMICALS,APAC,SUP_CH_02,2018-09-01,2018-08-01,100.7065,95.9444,98.3609,48.5661,40.7119,40.452,94.765,2.0827,107.47672
FMISV2_0002698,CHEMICALS|APAC|SUP_CH_02,CHEMICALS,APAC,SUP_CH_02,2018-10-01,2018-09-01,102.8332,96.9808,97.11,48.9839,43.0843,40.989,93.616,1.7637,107.8925
FMISV2_0002699,CHEMICALS|APAC|SUP_CH_02,CHEMICALS,APAC,SUP_CH_02,2018-11-01,2018-10-01,94.31,101.6977,94.4171,48.472,52.8899,35.852,92.196,1.9013,106.69733
FMISV2_0002700,CHEMICALS|APAC|SUP_CH_02,CHEMICALS,APAC,SUP_CH_02,2018-12-01,2018-11-01,106.2305,103.9334,100.3618,46.8643,59.6302,41.028,93.035,1.262,109.08647
FMISV2_0002701,CHEMICALS|APAC|SUP_CH_02,CHEMICALS,APAC,SUP_CH_02,2019-01-01,2018-12-01,104.4059,108.9392,100.1399,48.2305,39.572,37.963,97.396,1.6733,109.28367
FMISV2_0002702,CHEMICALS|APAC|SUP_CH_02,CHEMICALS,APAC,SUP_CH_02,2019-02-01,2019-01-01,104.8837,103.178,101.3825,46.8929,45.2941,39.981,91.817,1.1992,110.16838
FMISV2_0002703,CHEMICALS|APAC|SUP_CH_02,CHEMICALS,APAC,SUP_CH_02,2019-03-01,2019-02-01,109.3531,108.4711,100.1971,50.1918,48.6169,36.881,94.095,1.4599,111.53498
FMISV2_0002704,CHEMICALS|APAC|SUP_CH_02,CHEMICALS,APAC,SUP_CH_02,2019-04-01,2019-03-01,109.7496,102.3998,100.23,49.2565,41.3393,37.311,92.073,1.6971,111.59449
FMISV2_0002705,CHEMICALS|APAC|SUP_CH_02,CHEMICALS,APAC,SUP_CH_02,2019-05-01,2019-04-01,110.2095,106.756,97.3128,49.2849,39.8617,32.512,94.642,2.0851,112.77944
FMISV2_0002706,CHEMICALS|APAC|SUP_CH_02,CHEMICALS,APAC,SUP_CH_02,2019-06-01,2019-05-01,108.2254,97.9224,97.5834,52.3753,47.4373,41.056,94.218,1.6587,111.51782
FMISV2_0002707,CHEMICALS|APAC|SUP_CH_02,CHEMICALS,APAC,SUP_CH_02,2019-07-01,2019-06-01,99.5688,94.3285,95.8686,51.466,38.0408,42.556,93.789,1.5371,110.55129
FMISV2_0002708,CHEMICALS|APAC|SUP_CH_02,CHEMICALS,APAC,SUP_CH_02,2019-08-01,2019-07-01,103.3714,94.6544,97.3256,50.7377,39.4323,41.311,93.733,1.556,107.89742
FMISV2_0002709,CHEMICALS|APAC|SUP_CH_02,CHEMICALS,APAC,SUP_CH_02,2019-09-01,2019-08-01,98.0391,93.4916,97.9263,54.667,57.5192,36.906,94.814,1.9878,109.18545
FMISV2_0002710,CHEMICALS|APAC|SUP_CH_02,CHEMICALS,APAC,SUP_CH_02,2019-10-01,2019-09-01,102.989,103.6798,98.0721,53.6604,61.5225,39.48,96.013,2.0935,112.73423
FMISV2_0002711,CHEMICALS|APAC|SUP_CH_02,CHEMICALS,APAC,SUP_CH_02,2019-11-01,2019-10-01,102.0679,106.9712,102.1938,50.0924,51.0232,36.923,93.172,1.8414,111.40165
FMISV2_0002712,CHEMICALS|APAC|SUP_CH_02,CHEMICALS,APAC,SUP_CH_02,2019-12-01,2019-11-01,102.9959,112.5474,99.3302,51.9865,47.8538,37.178,94.546,2.8338,114.63044
FMISV2_0002713,CHEMICALS|APAC|SUP_CH_02,CHEMICALS,APAC,SUP_CH_02,2020-01-01,2019-12-01,110.1435,110.9353,96.9984,53.376,48.3364,42.063,95.131,1.993,116.57825
FMISV2_0002714,CHEMICALS|APAC|SUP_CH_02,CHEMICALS,APAC,SUP_CH_02,2020-02-01,2020-01-01,115.7955,113.3031,103.1841,53.1077,49.9563,38.108,91.647,2.5377,116.81905
FMISV2_0002715,CHEMICALS|APAC|SUP_CH_02,CHEMICALS,APAC,SUP_CH_02,2020-03-01,2020-02-01,109.2858,112.4017,102.8681,51.2515,54.1833,34.191,94.658,2.2824,115.87522
FMISV2_0002716,CHEMICALS|APAC|SUP_CH_02,CHEMICALS,APAC,SUP_CH_02,2020-04-01,2020-03-01,110.9579,102.4057,102.548,48.2291,44.104,40.392,91.966,1.8847,123.42091
FMISV2_0002717,CHEMICALS|APAC|SUP_CH_02,CHEMICALS,APAC,SUP_CH_02,2020-05-01,2020-04-01,109.7981,104.8867,96.3357,47.3081,33.3903,36.043,93.674,2.4653,119.00828
FMISV2_0002718,CHEMICALS|APAC|SUP_CH_02,CHEMICALS,APAC,SUP_CH_02,2020-06-01,2020-05-01,117.5258,97.4377,97.3459,49.9225,40.85,33.721,94.314,2.1113,118.58226
FMISV2_0002719,CHEMICALS|APAC|SUP_CH_02,CHEMICALS,APAC,SUP_CH_02,2020-07-01,2020-06-01,103.2119,105.1801,98.2296,47.1907,36.2782,38.656,93.721,2.1385,117.21741
FMISV2_0002720,CHEMICALS|APAC|SUP_CH_02,CHEMICALS,APAC,SUP_CH_02,2020-08-01,2020-07-01,104.6328,101.2908,98.4275,45.8148,35.0467,38.468,94.319,1.5131,114.55174
FMISV2_0002721,CHEMICALS|APAC|SUP_CH_02,CHEMICALS,APAC,SUP_CH_02,2020-09-01,2020-08-01,104.6045,93.7309,97.3351,45.0372,52.271,34.926,93.602,2.9615,114.09748
FMISV2_0002722,CHEMICALS|APAC|SUP_CH_02,CHEMICALS,APAC,SUP_CH_02,2020-10-01,2020-09-01,106.7902,105.8281,98.831,50.1332,42.8674,36.145,93.117,2.6417,113.2051
FMISV2_0002723,CHEMICALS|APAC|SUP_CH_02,CHEMICALS,APAC,SUP_CH_02,2020-11-01,2020-10-01,103.5774,100.6185,100.0954,48.5166,49.1294,42.087,92.726,2.04,113.89571
FMISV2_0002724,CHEMICALS|APAC|SUP_CH_02,CHEMICALS,APAC,SUP_CH_02,2020-12-01,2020-11-01,106.6203,106.4558,102.3824,49.6546,44.2504,41.015,94.069,1.7388,113.72743
FMISV2_0002725,CHEMICALS|APAC|SUP_CH_02,CHEMICALS,APAC,SUP_CH_02,2021-01-01,2020-12-01,109.3489,114.0991,101.7067,52.8361,53.2156,40.471,92.981,2.4533,115.95529
FMISV2_0002726,CHEMICALS|APAC|SUP_CH_02,CHEMICALS,APAC,SUP_CH_02,2021-02-01,2021-01-01,115.0235,104.2425,99.2255,51.3815,58.0388,38.328,92.849,2.6422,119.26984
FMISV2_0002727,CHEMICALS|APAC|SUP_CH_02,CHEMICALS,APAC,SUP_CH_02,2021-03-01,2021-02-01,111.9497,104.6707,102.6906,53.4874,39.5819,36.113,92.71,1.537,118.04584
FMISV2_0002728,CHEMICALS|APAC|SUP_CH_02,CHEMICALS,APAC,SUP_CH_02,2021-04-01,2021-03-01,119.6959,108.6164,99.759,53.3608,46.4441,41.993,92.766,1.9548,120.44831
FMISV2_0002729,CHEMICALS|APAC|SUP_CH_02,CHEMICALS,APAC,SUP_CH_02,2021-05-01,2021-04-01,112.7161,96.394,99.7194,53.6997,38.7841,37.559,92.739,2.1001,119.74617
FMISV2_0002730,CHEMICALS|APAC|SUP_CH_02,CHEMICALS,APAC,SUP_CH_02,2021-06-01,2021-05-01,115.5709,99.8472,97.919,52.1906,35.5554,36.742,93.999,2.6294,119.16297
FMISV2_0002731,CHEMICALS|APAC|SUP_CH_02,CHEMICALS,APAC,SUP_CH_02,2021-07-01,2021-06-01,110.2152,96.8253,98.8744,51.9469,35.4923,39.47,93.205,2.3929,116.46968
FMISV2_0002732,CHEMICALS|APAC|SUP_CH_02,CHEMICALS,APAC,SUP_CH_02,2021-08-01,2021-07-01,110.1049,94.9334,101.2373,49.9846,35.6575,36.676,93.889,2.7374,113.882
FMISV2_0002733,CHEMICALS|APAC|SUP_CH_02,CHEMICALS,APAC,SUP_CH_02,2021-09-01,2021-08-01,106.7397,107.617,99.5448,50.4862,41.908,40.831,94.658,2.4498,113.10145
FMISV2_0002734,CHEMICALS|APAC|SUP_CH_02,CHEMICALS,APAC,SUP_CH_02,2021-10-01,2021-09-01,110.6796,103.1365,100.3195,51.3607,42.8419,35.101,94.864,2.4821,123.09786
FMISV2_0002735,CHEMICALS|APAC|SUP_CH_02,CHEMICALS,APAC,SUP_CH_02,2021-11-01,2021-10-01,115.1356,105.9621,102.3826,49.3118,54.4724,39.044,92.464,2.1203,123.61813
FMISV2_0002736,CHEMICALS|APAC|SUP_CH_02,CHEMICALS,APAC,SUP_CH_02,2021-12-01,2021-11-01,111.337,105.5673,99.3351,46.4528,55.7673,40.459,95.365,2.4608,122.92996
FMISV2_0002737,CHEMICALS|APAC|SUP_CH_02,CHEMICALS,APAC,SUP_CH_02,2022-01-01,2021-12-01,112.1994,123.5805,98.8326,46.7115,48.5703,43.136,95.357,2.028,123.57203
FMISV2_0002738,CHEMICALS|APAC|SUP_CH_02,CHEMICALS,APAC,SUP_CH_02,2022-02-01,2022-01-01,111.0395,108.0289,100.5354,46.3247,53.8425,36.433,92.772,2.1475,123.0881
FMISV2_0002739,CHEMICALS|APAC|SUP_CH_02,CHEMICALS,APAC,SUP_CH_02,2022-03-01,2022-02-01,117.252,112.121,103.6779,47.844,46.8625,37.887,93.907,2.2983,130.1482
FMISV2_0002740,CHEMICALS|APAC|SUP_CH_02,CHEMICALS,APAC,SUP_CH_02,2022-04-01,2022-03-01,121.0944,101.5237,97.5781,48.0325,40.8477,33.687,93.646,2.1888,127.42396
FMISV2_0002741,CHEMICALS|APAC|SUP_CH_02,CHEMICALS,APAC,SUP_CH_02,2022-05-01,2022-04-01,114.3896,107.384,98.647,46.61,52.7075,34.425,93.801,2.4427,125.76106
FMISV2_0002742,CHEMICALS|APAC|SUP_CH_02,CHEMICALS,APAC,SUP_CH_02,2022-06-01,2022-05-01,113.7828,101.4587,97.8681,46.9302,38.2018,38.57,94.739,2.545,124.23559
FMISV2_0002743,CHEMICALS|APAC|SUP_CH_02,CHEMICALS,APAC,SUP_CH_02,2022-07-01,2022-06-01,114.0836,102.0775,97.7255,51.5686,39.4617,40.18,95.622,1.7213,122.58434
FMISV2_0002744,CHEMICALS|APAC|SUP_CH_02,CHEMICALS,APAC,SUP_CH_02,2022-08-01,2022-07-01,117.7614,102.1247,97.2663,51.5157,40.2741,38.419,93.044,2.1708,121.2895
FMISV2_0002745,CHEMICALS|APAC|SUP_CH_02,CHEMICALS,APAC,SUP_CH_02,2022-09-01,2022-08-01,107.0092,95.0342,98.4071,51.8277,40.9866,39.384,94.264,2.2918,119.85182
FMISV2_0002746,CHEMICALS|APAC|SUP_CH_02,CHEMICALS,APAC,SUP_CH_02,2022-10-01,2022-09-01,112.5549,103.18,101.7829,52.9565,42.8768,37.564,94.02,2.3519,118.84659
FMISV2_0002747,CHEMICALS|APAC|SUP_CH_02,CHEMICALS,APAC,SUP_CH_02,2022-11-01,2022-10-01,112.6264,100.6801,102.8918,52.7293,52.0187,42.43,93.973,2.2349,118.66366
FMISV2_0002748,CHEMICALS|APAC|SUP_CH_02,CHEMICALS,APAC,SUP_CH_02,2022-12-01,2022-11-01,119.7558,102.1387,102.5553,51.9272,57.4425,35.778,94.025,2.248,119.16861
FMISV2_0002749,CHEMICALS|APAC|SUP_CH_02,CHEMICALS,APAC,SUP_CH_02,2023-01-01,2022-12-01,116.6644,108.2256,101.8021,49.7243,58.1623,38.705,93.502,1.9906,120.56135
FMISV2_0002750,CHEMICALS|APAC|SUP_CH_02,CHEMICALS,APAC,SUP_CH_02,2023-02-01,2023-01-01,118.8731,114.9764,102.7896,50.5961,47.0902,39.784,94.076,2.4457,123.03109
FMISV2_0002751,CHEMICALS|APAC|SUP_CH_02,CHEMICALS,APAC,SUP_CH_02,2023-03-01,2023-02-01,122.1048,112.1693,103.8111,49.2389,34.0285,35.298,94.399,2.6113,123.08555
FMISV2_0002752,CHEMICALS|APAC|SUP_CH_02,CHEMICALS,APAC,SUP_CH_02,2023-04-01,2023-03-01,121.5099,111.6855,100.4396,51.7497,38.5977,39.113,93.562,2.8772,123.83324
FMISV2_0002753,CHEMICALS|APAC|SUP_CH_02,CHEMICALS,APAC,SUP_CH_02,2023-05-01,2023-04-01,120.5085,107.1975,103.3862,48.0522,43.8878,41.094,94.361,2.9473,124.09693
FMISV2_0002754,CHEMICALS|APAC|SUP_CH_02,CHEMICALS,APAC,SUP_CH_02,2023-06-01,2023-05-01,117.5433,107.3286,98.5151,46.8898,33.7447,38.698,94.82,2.0769,122.9661
FMISV2_0002755,CHEMICALS|APAC|SUP_CH_02,CHEMICALS,APAC,SUP_CH_02,2023-07-01,2023-06-01,120.1308,101.7859,101.5076,46.994,36.5958,36.922,95.7,2.6976,123.47913
FMISV2_0002756,CHEMICALS|APAC|SUP_CH_02,CHEMICALS,APAC,SUP_CH_02,2023-08-01,2023-07-01,116.5932,99.4298,99.8949,45.6769,45.0821,42.394,95.004,2.2144,122.27272
FMISV2_0002757,CHEMICALS|APAC|SUP_CH_02,CHEMICALS,APAC,SUP_CH_02,2023-09-01,2023-08-01,119.9535,102.9296,98.9892,47.7256,48.7099,41.441,93.552,3.1643,122.48611
FMISV2_0002758,CHEMICALS|APAC|SUP_CH_02,CHEMICALS,APAC,SUP_CH_02,2023-10-01,2023-09-01,117.4428,107.1494,98.0876,48.2576,48.8767,40.262,94.626,2.8181,124.656
FMISV2_0002759,CHEMICALS|APAC|SUP_CH_02,CHEMICALS,APAC,SUP_CH_02,2023-11-01,2023-10-01,116.1112,97.4167,102.1849,47.0184,50.484,40.04,94.924,3.0743,126.3861
FMISV2_0002760,CHEMICALS|APAC|SUP_CH_02,CHEMICALS,APAC,SUP_CH_02,2023-12-01,2023-11-01,116.4076,105.556,101.7562,49.4617,51.8451,40.35,93.793,2.8763,126.21733
FMISV2_0002761,CHEMICALS|APAC|SUP_CH_02,CHEMICALS,APAC,SUP_CH_02,2024-01-01,2023-12-01,117.4845,115.6111,103.4097,50.6718,46.8861,38.69,95.583,3.2643,126.21869
FMISV2_0002762,CHEMICALS|APAC|SUP_CH_02,CHEMICALS,APAC,SUP_CH_02,2024-02-01,2024-01-01,117.8622,118.6903,104.8162,53.9543,49.0509,35.534,94.284,2.7746,128.64399
FMISV2_0002763,CHEMICALS|APAC|SUP_CH_02,CHEMICALS,APAC,SUP_CH_02,2024-03-01,2024-02-01,127.4457,115.9259,102.9405,51.2903,43.3594,34.742,94.065,2.5592,131.90375
FMISV2_0002764,CHEMICALS|APAC|SUP_CH_02,CHEMICALS,APAC,SUP_CH_02,2024-04-01,2024-03-01,128.731,115.0208,101.9839,52.6001,40.3482,40.163,93.723,2.4382,131.40667
FMISV2_0002765,CHEMICALS|APAC|SUP_CH_02,CHEMICALS,APAC,SUP_CH_02,2024-05-01,2024-04-01,124.2926,114.35,99.6937,54.2701,40.2109,40.716,91.899,3.4572,130.3281
FMISV2_0002766,CHEMICALS|APAC|SUP_CH_02,CHEMICALS,APAC,SUP_CH_02,2024-06-01,2024-05-01,119.1319,108.8524,100.6958,53.1257,30.6917,40.678,95.184,2.6798,129.28186
FMISV2_0002767,CHEMICALS|APAC|SUP_CH_02,CHEMICALS,APAC,SUP_CH_02,2024-07-01,2024-06-01,122.1279,102.1748,100.0052,53.1732,41.7271,43.825,96.343,2.6623,129.51189
FMISV2_0002768,CHEMICALS|APAC|SUP_CH_02,CHEMICALS,APAC,SUP_CH_02,2024-08-01,2024-07-01,121.4915,100.0442,98.5043,49.9254,43.1696,38.602,97.443,2.8416,130.26052
FMISV2_0002769,CHEMICALS|APAC|SUP_CH_02,CHEMICALS,APAC,SUP_CH_02,2024-09-01,2024-08-01,116.8088,106.9974,99.0899,51.7429,43.7449,37.122,94.034,3.0389,129.01166
FMISV2_0002770,CHEMICALS|APAC|SUP_CH_02,CHEMICALS,APAC,SUP_CH_02,2024-10-01,2024-09-01,120.5409,107.4528,100.7506,50.1718,44.5531,38.859,92.49,2.7762,129.69675
FMISV2_0002771,CHEMICALS|APAC|SUP_CH_02,CHEMICALS,APAC,SUP_CH_02,2024-11-01,2024-10-01,121.8495,112.1516,99.5389,46.0944,62.486,35.454,94.605,3.1244,128.03679
FMISV2_0002772,CHEMICALS|APAC|SUP_CH_02,CHEMICALS,APAC,SUP_CH_02,2024-12-01,2024-11-01,119.2886,110.8493,103.2191,47.805,56.3391,39.385,92.93,3.6691,128.10066
FMISV2_0002773,CHEMICALS|APAC|SUP_CH_02,CHEMICALS,APAC,SUP_CH_02,2025-01-01,2024-12-01,122.7039,115.5027,104.5656,48.0898,50.8256,42.755,95.37,2.7986,130.70145
FMISV2_0002774,CHEMICALS|APAC|SUP_CH_02,CHEMICALS,APAC,SUP_CH_02,2025-02-01,2025-01-01,126.956,117.1364,105.5534,46.2308,40.1366,35.089,90.603,3.098,130.51908
FMISV2_0002775,CHEMICALS|APAC|SUP_CH_02,CHEMICALS,APAC,SUP_CH_02,2025-03-01,2025-02-01,125.8724,113.8069,103.946,46.5923,42.2164,35.1,94.134,3.0039,130.50069
FMISV2_0002776,CHEMICALS|APAC|SUP_CH_02,CHEMICALS,APAC,SUP_CH_02,2025-04-01,2025-03-01,125.8778,115.5665,103.1302,47.5916,47.7817,39.087,92.564,3.2713,131.17078
FMISV2_0002777,CHEMICALS|APAC|SUP_CH_02,CHEMICALS,APAC,SUP_CH_02,2025-05-01,2025-04-01,130.4023,108.1206,104.2139,48.8451,34.3671,38.763,93.621,2.8792,132.92614
FMISV2_0002778,CHEMICALS|APAC|SUP_CH_02,CHEMICALS,APAC,SUP_CH_02,2025-06-01,2025-05-01,131.4832,108.1694,100.3499,47.773,28.9754,39.511,95.065,3.2625,133.1557
FMISV2_0002779,CHEMICALS|APAC|SUP_CH_02,CHEMICALS,APAC,SUP_CH_02,2025-07-01,2025-06-01,120.0944,108.2497,100.3729,49.3896,42.5897,36.97,93.618,3.0731,130.99367
FMISV2_0002780,CHEMICALS|APAC|SUP_CH_02,CHEMICALS,APAC,SUP_CH_02,2025-08-01,2025-07-01,125.0966,109.1851,99.1481,52.9039,39.7252,37.588,93.714,2.8477,129.22576
FMISV2_0002781,CHEMICALS|APAC|SUP_CH_02,CHEMICALS,APAC,SUP_CH_02,2025-09-01,2025-08-01,119.1498,102.1444,105.3228,51.1776,42.7608,34.757,94.508,2.739,129.6535
FMISV2_0002782,CHEMICALS|APAC|SUP_CH_02,CHEMICALS,APAC,SUP_CH_02,2025-10-01,2025-09-01,121.2697,100.6346,103.637,51.6835,48.0615,35.86,93.2,2.9833,130.99103
FMISV2_0002783,CHEMICALS|APAC|SUP_CH_02,CHEMICALS,APAC,SUP_CH_02,2025-11-01,2025-10-01,123.2357,110.9781,101.6025,53.3797,56.8966,37.553,93.475,3.1264,131.29665
FMISV2_0002784,CHEMICALS|APAC|SUP_CH_02,CHEMICALS,APAC,SUP_CH_02,2025-12-01,2025-11-01,126.6494,116.7064,102.1022,52.3006,43.2784,41.262,94.308,3.1427,133.21348
FMISV2_0002785,CHEMICALS|APAC|SUP_CH_03,CHEMICALS,APAC,SUP_CH_03,2018-01-01,2017-12-01,102.9351,106.2305,100.8001,48.6363,56.1335,30.315,90.354,1.409,100.7246
FMISV2_0002786,CHEMICALS|APAC|SUP_CH_03,CHEMICALS,APAC,SUP_CH_03,2018-02-01,2018-01-01,104.463,102.7035,100.0164,50.9948,41.8915,31.373,94.254,1.3151,101.95517
FMISV2_0002787,CHEMICALS|APAC|SUP_CH_03,CHEMICALS,APAC,SUP_CH_03,2018-03-01,2018-02-01,104.2012,103.5918,101.9247,49.4252,54.977,31.206,90.151,1.9533,103.69225
FMISV2_0002788,CHEMICALS|APAC|SUP_CH_03,CHEMICALS,APAC,SUP_CH_03,2018-04-01,2018-03-01,105.138,103.5876,97.9808,51.3662,47.1506,35.151,92.611,1.8042,104.11017
FMISV2_0002789,CHEMICALS|APAC|SUP_CH_03,CHEMICALS,APAC,SUP_CH_03,2018-05-01,2018-04-01,108.9989,107.7421,101.0242,51.5444,44.6762,28.409,90.629,1.3049,102.90559
FMISV2_0002790,CHEMICALS|APAC|SUP_CH_03,CHEMICALS,APAC,SUP_CH_03,2018-06-01,2018-05-01,103.0247,89.8612,97.0469,51.4006,42.9213,33.898,93.054,1.2777,100.86422
FMISV2_0002791,CHEMICALS|APAC|SUP_CH_03,CHEMICALS,APAC,SUP_CH_03,2018-07-01,2018-06-01,101.6263,97.8658,98.2541,50.5753,34.2305,33.576,93.97,1.4639,101.6692
FMISV2_0002792,CHEMICALS|APAC|SUP_CH_03,CHEMICALS,APAC,SUP_CH_03,2018-08-01,2018-07-01,95.1124,98.4985,97.6518,50.5688,36.0903,33.539,89.175,1.3411,99.80144
FMISV2_0002793,CHEMICALS|APAC|SUP_CH_03,CHEMICALS,APAC,SUP_CH_03,2018-09-01,2018-08-01,100.7065,95.9444,95.1267,48.5661,40.7119,28.838,92.61,1.2709,100.60228
FMISV2_0002794,CHEMICALS|APAC|SUP_CH_03,CHEMICALS,APAC,SUP_CH_03,2018-10-01,2018-09-01,102.8332,96.9808,98.5917,48.9839,43.0843,33.419,91.248,1.8168,99.55798
FMISV2_0002795,CHEMICALS|APAC|SUP_CH_03,CHEMICALS,APAC,SUP_CH_03,2018-11-01,2018-10-01,94.31,101.6977,100.3275,48.472,52.8899,33.062,92.554,1.9709,100.31409
FMISV2_0002796,CHEMICALS|APAC|SUP_CH_03,CHEMICALS,APAC,SUP_CH_03,2018-12-01,2018-11-01,106.2305,103.9334,98.2283,46.8643,59.6302,31.301,91.565,1.2997,103.32229
FMISV2_0002797,CHEMICALS|APAC|SUP_CH_03,CHEMICALS,APAC,SUP_CH_03,2019-01-01,2018-12-01,104.4059,108.9392,99.0781,48.2305,39.572,25.735,91.574,1.9387,105.00473
FMISV2_0002798,CHEMICALS|APAC|SUP_CH_03,CHEMICALS,APAC,SUP_CH_03,2019-02-01,2019-01-01,104.8837,103.178,99.1296,46.8929,45.2941,31.474,92.418,1.5403,105.6488
FMISV2_0002799,CHEMICALS|APAC|SUP_CH_03,CHEMICALS,APAC,SUP_CH_03,2019-03-01,2019-02-01,109.3531,108.4711,101.7325,50.1918,48.6169,30.772,92.232,2.4683,107.77427
FMISV2_0002800,CHEMICALS|APAC|SUP_CH_03,CHEMICALS,APAC,SUP_CH_03,2019-04-01,2019-03-01,109.7496,102.3998,100.7624,49.2565,41.3393,28.174,92.68,2.0345,108.99271
FMISV2_0002801,CHEMICALS|APAC|SUP_CH_03,CHEMICALS,APAC,SUP_CH_03,2019-05-01,2019-04-01,110.2095,106.756,99.2961,49.2849,39.8617,26.323,93.094,1.9042,107.4074
FMISV2_0002802,CHEMICALS|APAC|SUP_CH_03,CHEMICALS,APAC,SUP_CH_03,2019-06-01,2019-05-01,108.2254,97.9224,96.2847,52.3753,47.4373,29.948,90.59,2.4132,107.28584
FMISV2_0002803,CHEMICALS|APAC|SUP_CH_03,CHEMICALS,APAC,SUP_CH_03,2019-07-01,2019-06-01,99.5688,94.3285,98.303,51.466,38.0408,31.557,91.746,1.1886,107.50111
FMISV2_0002804,CHEMICALS|APAC|SUP_CH_03,CHEMICALS,APAC,SUP_CH_03,2019-08-01,2019-07-01,103.3714,94.6544,94.3127,50.7377,39.4323,27.513,93.276,2.0672,106.43189
FMISV2_0002805,CHEMICALS|APAC|SUP_CH_03,CHEMICALS,APAC,SUP_CH_03,2019-09-01,2019-08-01,98.0391,93.4916,94.6207,54.667,57.5192,34.014,91.613,1.8042,106.78345
FMISV2_0002806,CHEMICALS|APAC|SUP_CH_03,CHEMICALS,APAC,SUP_CH_03,2019-10-01,2019-09-01,102.989,103.6798,98.0732,53.6604,61.5225,31.789,94.505,2.3171,106.48608
FMISV2_0002807,CHEMICALS|APAC|SUP_CH_03,CHEMICALS,APAC,SUP_CH_03,2019-11-01,2019-10-01,102.0679,106.9712,99.9765,50.0924,51.0232,28.331,90.881,1.4777,108.98485
FMISV2_0002808,CHEMICALS|APAC|SUP_CH_03,CHEMICALS,APAC,SUP_CH_03,2019-12-01,2019-11-01,102.9959,112.5474,101.3446,51.9865,47.8538,32.959,91.752,2.2892,109.83589
FMISV2_0002809,CHEMICALS|APAC|SUP_CH_03,CHEMICALS,APAC,SUP_CH_03,2020-01-01,2019-12-01,110.1435,110.9353,102.6091,53.376,48.3364,27.452,91.56,1.3258,109.75649
FMISV2_0002810,CHEMICALS|APAC|SUP_CH_03,CHEMICALS,APAC,SUP_CH_03,2020-02-01,2020-01-01,115.7955,113.3031,101.0565,53.1077,49.9563,25.745,91.099,2.5463,111.77945
FMISV2_0002811,CHEMICALS|APAC|SUP_CH_03,CHEMICALS,APAC,SUP_CH_03,2020-03-01,2020-02-01,109.2858,112.4017,99.5803,51.2515,54.1833,27.83,92.374,1.7758,109.38906
FMISV2_0002812,CHEMICALS|APAC|SUP_CH_03,CHEMICALS,APAC,SUP_CH_03,2020-04-01,2020-03-01,110.9579,102.4057,100.7979,48.2291,44.104,31.8,93.323,2.4238,116.97578
FMISV2_0002813,CHEMICALS|APAC|SUP_CH_03,CHEMICALS,APAC,SUP_CH_03,2020-05-01,2020-04-01,109.7981,104.8867,102.2806,47.3081,33.3903,33.013,92.428,2.256,114.81292
FMISV2_0002814,CHEMICALS|APAC|SUP_CH_03,CHEMICALS,APAC,SUP_CH_03,2020-06-01,2020-05-01,117.5258,97.4377,98.8953,49.9225,40.85,29.348,90.309,1.7978,115.72105
FMISV2_0002815,CHEMICALS|APAC|SUP_CH_03,CHEMICALS,APAC,SUP_CH_03,2020-07-01,2020-06-01,103.2119,105.1801,99.2686,47.1907,36.2782,33.384,91.245,2.2275,112.90834
FMISV2_0002816,CHEMICALS|APAC|SUP_CH_03,CHEMICALS,APAC,SUP_CH_03,2020-08-01,2020-07-01,104.6328,101.2908,96.632,45.8148,35.0467,24.944,90.602,2.2233,108.98478
FMISV2_0002817,CHEMICALS|APAC|SUP_CH_03,CHEMICALS,APAC,SUP_CH_03,2020-09-01,2020-08-01,104.6045,93.7309,93.7468,45.0372,52.271,35.016,90.704,2.4233,107.7137
FMISV2_0002818,CHEMICALS|APAC|SUP_CH_03,CHEMICALS,APAC,SUP_CH_03,2020-10-01,2020-09-01,106.7902,105.8281,100.0816,50.1332,42.8674,32.843,94.783,2.3015,109.70174
FMISV2_0002819,CHEMICALS|APAC|SUP_CH_03,CHEMICALS,APAC,SUP_CH_03,2020-11-01,2020-10-01,103.5774,100.6185,95.9223,48.5166,49.1294,26.377,91.616,2.4952,107.38017
FMISV2_0002820,CHEMICALS|APAC|SUP_CH_03,CHEMICALS,APAC,SUP_CH_03,2020-12-01,2020-11-01,106.6203,106.4558,102.4615,49.6546,44.2504,25.265,91.686,2.3103,108.31848
FMISV2_0002821,CHEMICALS|APAC|SUP_CH_03,CHEMICALS,APAC,SUP_CH_03,2021-01-01,2020-12-01,109.3489,114.0991,102.0334,52.8361,53.2156,27.258,92.522,2.235,109.39398
FMISV2_0002822,CHEMICALS|APAC|SUP_CH_03,CHEMICALS,APAC,SUP_CH_03,2021-02-01,2021-01-01,115.0235,104.2425,99.189,51.3815,58.0388,28.601,90.846,2.2409,110.72934
FMISV2_0002823,CHEMICALS|APAC|SUP_CH_03,CHEMICALS,APAC,SUP_CH_03,2021-03-01,2021-02-01,111.9497,104.6707,102.5594,53.4874,39.5819,29.026,91.175,2.1196,111.8836
FMISV2_0002824,CHEMICALS|APAC|SUP_CH_03,CHEMICALS,APAC,SUP_CH_03,2021-04-01,2021-03-01,119.6959,108.6164,102.0737,53.3608,46.4441,27.735,92.054,2.1845,111.48384
FMISV2_0002825,CHEMICALS|APAC|SUP_CH_03,CHEMICALS,APAC,SUP_CH_03,2021-05-01,2021-04-01,112.7161,96.394,103.0438,53.6997,38.7841,29.708,94.269,2.8905,112.29068
FMISV2_0002826,CHEMICALS|APAC|SUP_CH_03,CHEMICALS,APAC,SUP_CH_03,2021-06-01,2021-05-01,115.5709,99.8472,102.4245,52.1906,35.5554,27.757,92.867,1.5205,112.16569
FMISV2_0002827,CHEMICALS|APAC|SUP_CH_03,CHEMICALS,APAC,SUP_CH_03,2021-07-01,2021-06-01,110.2152,96.8253,96.4343,51.9469,35.4923,28.185,93.345,1.7777,109.25875
FMISV2_0002828,CHEMICALS|APAC|SUP_CH_03,CHEMICALS,APAC,SUP_CH_03,2021-08-01,2021-07-01,110.1049,94.9334,98.6327,49.9846,35.6575,28.082,91.97,2.4554,109.63136
FMISV2_0002829,CHEMICALS|APAC|SUP_CH_03,CHEMICALS,APAC,SUP_CH_03,2021-09-01,2021-08-01,106.7397,107.617,96.9643,50.4862,41.908,31.545,90.924,2.4334,112.68225
FMISV2_0002830,CHEMICALS|APAC|SUP_CH_03,CHEMICALS,APAC,SUP_CH_03,2021-10-01,2021-09-01,110.6796,103.1365,97.2751,51.3607,42.8419,29.129,90.458,2.3889,119.37438
FMISV2_0002831,CHEMICALS|APAC|SUP_CH_03,CHEMICALS,APAC,SUP_CH_03,2021-11-01,2021-10-01,115.1356,105.9621,101.9638,49.3118,54.4724,31.475,91.808,2.5213,117.86753
FMISV2_0002832,CHEMICALS|APAC|SUP_CH_03,CHEMICALS,APAC,SUP_CH_03,2021-12-01,2021-11-01,111.337,105.5673,101.5257,46.4528,55.7673,35.66,93.91,2.2391,117.80266
FMISV2_0002833,CHEMICALS|APAC|SUP_CH_03,CHEMICALS,APAC,SUP_CH_03,2022-01-01,2021-12-01,112.1994,123.5805,101.1653,46.7115,48.5703,30.321,90.381,2.5269,114.97632
FMISV2_0002834,CHEMICALS|APAC|SUP_CH_03,CHEMICALS,APAC,SUP_CH_03,2022-02-01,2022-01-01,111.0395,108.0289,101.0395,46.3247,53.8425,33.998,92.848,1.9759,115.54845
FMISV2_0002835,CHEMICALS|APAC|SUP_CH_03,CHEMICALS,APAC,SUP_CH_03,2022-03-01,2022-02-01,117.252,112.121,102.8243,47.844,46.8625,33.372,91.036,2.475,124.39466
FMISV2_0002836,CHEMICALS|APAC|SUP_CH_03,CHEMICALS,APAC,SUP_CH_03,2022-04-01,2022-03-01,121.0944,101.5237,101.947,48.0325,40.8477,34.483,90.319,2.0961,123.08617
FMISV2_0002837,CHEMICALS|APAC|SUP_CH_03,CHEMICALS,APAC,SUP_CH_03,2022-05-01,2022-04-01,114.3896,107.384,96.2038,46.61,52.7075,28.673,91.562,2.1128,121.56406
FMISV2_0002838,CHEMICALS|APAC|SUP_CH_03,CHEMICALS,APAC,SUP_CH_03,2022-06-01,2022-05-01,113.7828,101.4587,99.9253,46.9302,38.2018,29.45,92.169,2.0997,119.12222
FMISV2_0002839,CHEMICALS|APAC|SUP_CH_03,CHEMICALS,APAC,SUP_CH_03,2022-07-01,2022-06-01,114.0836,102.0775,98.9311,51.5686,39.4617,29.734,91.286,2.7536,116.13766
FMISV2_0002840,CHEMICALS|APAC|SUP_CH_03,CHEMICALS,APAC,SUP_CH_03,2022-08-01,2022-07-01,117.7614,102.1247,98.6266,51.5157,40.2741,29.199,92.451,2.4067,116.50134
FMISV2_0002841,CHEMICALS|APAC|SUP_CH_03,CHEMICALS,APAC,SUP_CH_03,2022-09-01,2022-08-01,107.0092,95.0342,96.8657,51.8277,40.9866,32.349,89.867,3.0117,117.52649
FMISV2_0002842,CHEMICALS|APAC|SUP_CH_03,CHEMICALS,APAC,SUP_CH_03,2022-10-01,2022-09-01,112.5549,103.18,99.6979,52.9565,42.8768,31.702,92.5,2.4925,118.68167
FMISV2_0002843,CHEMICALS|APAC|SUP_CH_03,CHEMICALS,APAC,SUP_CH_03,2022-11-01,2022-10-01,112.6264,100.6801,101.3098,52.7293,52.0187,30.535,91.018,1.8842,119.05793
FMISV2_0002844,CHEMICALS|APAC|SUP_CH_03,CHEMICALS,APAC,SUP_CH_03,2022-12-01,2022-11-01,119.7558,102.1387,101.9072,51.9272,57.4425,32.011,91.73,2.5407,120.23782
FMISV2_0002845,CHEMICALS|APAC|SUP_CH_03,CHEMICALS,APAC,SUP_CH_03,2023-01-01,2022-12-01,116.6644,108.2256,103.5222,49.7243,58.1623,29.228,91.453,1.7932,118.78278
FMISV2_0002846,CHEMICALS|APAC|SUP_CH_03,CHEMICALS,APAC,SUP_CH_03,2023-02-01,2023-01-01,118.8731,114.9764,102.2212,50.5961,47.0902,26.676,91.419,2.9014,119.32266
FMISV2_0002847,CHEMICALS|APAC|SUP_CH_03,CHEMICALS,APAC,SUP_CH_03,2023-03-01,2023-02-01,122.1048,112.1693,104.2157,49.2389,34.0285,28.73,90.182,2.3532,120.11892
FMISV2_0002848,CHEMICALS|APAC|SUP_CH_03,CHEMICALS,APAC,SUP_CH_03,2023-04-01,2023-03-01,121.5099,111.6855,102.9147,51.7497,38.5977,31.725,91.389,2.3338,122.13502
FMISV2_0002849,CHEMICALS|APAC|SUP_CH_03,CHEMICALS,APAC,SUP_CH_03,2023-05-01,2023-04-01,120.5085,107.1975,102.0369,48.0522,43.8878,32.482,92.105,3.1014,118.75049
FMISV2_0002850,CHEMICALS|APAC|SUP_CH_03,CHEMICALS,APAC,SUP_CH_03,2023-06-01,2023-05-01,117.5433,107.3286,100.9902,46.8898,33.7447,24.955,91.292,2.9318,117.34085
FMISV2_0002851,CHEMICALS|APAC|SUP_CH_03,CHEMICALS,APAC,SUP_CH_03,2023-07-01,2023-06-01,120.1308,101.7859,99.4946,46.994,36.5958,29.711,91.938,2.9847,117.32507
FMISV2_0002852,CHEMICALS|APAC|SUP_CH_03,CHEMICALS,APAC,SUP_CH_03,2023-08-01,2023-07-01,116.5932,99.4298,98.7236,45.6769,45.0821,24.41,92.207,2.95,114.29123
FMISV2_0002853,CHEMICALS|APAC|SUP_CH_03,CHEMICALS,APAC,SUP_CH_03,2023-09-01,2023-08-01,119.9535,102.9296,98.5687,47.7256,48.7099,38.644,90.919,2.5325,112.08989
FMISV2_0002854,CHEMICALS|APAC|SUP_CH_03,CHEMICALS,APAC,SUP_CH_03,2023-10-01,2023-09-01,117.4428,107.1494,100.8007,48.2576,48.8767,29.619,91.061,2.3213,113.74829
FMISV2_0002855,CHEMICALS|APAC|SUP_CH_03,CHEMICALS,APAC,SUP_CH_03,2023-11-01,2023-10-01,116.1112,97.4167,103.1628,47.0184,50.484,30.624,92.651,2.5362,118.14412
FMISV2_0002856,CHEMICALS|APAC|SUP_CH_03,CHEMICALS,APAC,SUP_CH_03,2023-12-01,2023-11-01,116.4076,105.556,102.5727,49.4617,51.8451,29.462,92.195,3.0486,120.64587
FMISV2_0002857,CHEMICALS|APAC|SUP_CH_03,CHEMICALS,APAC,SUP_CH_03,2024-01-01,2023-12-01,117.4845,115.6111,101.6545,50.6718,46.8861,26.828,93.528,2.9099,121.84106
FMISV2_0002858,CHEMICALS|APAC|SUP_CH_03,CHEMICALS,APAC,SUP_CH_03,2024-02-01,2024-01-01,117.8622,118.6903,102.3634,53.9543,49.0509,29.147,94.15,2.7621,124.06548
FMISV2_0002859,CHEMICALS|APAC|SUP_CH_03,CHEMICALS,APAC,SUP_CH_03,2024-03-01,2024-02-01,127.4457,115.9259,103.7248,51.2903,43.3594,30.556,91.926,2.5082,125.85213
FMISV2_0002860,CHEMICALS|APAC|SUP_CH_03,CHEMICALS,APAC,SUP_CH_03,2024-04-01,2024-03-01,128.731,115.0208,103.0255,52.6001,40.3482,29.485,91.259,2.4853,125.33906
FMISV2_0002861,CHEMICALS|APAC|SUP_CH_03,CHEMICALS,APAC,SUP_CH_03,2024-05-01,2024-04-01,124.2926,114.35,102.0661,54.2701,40.2109,32.177,91.06,3.0243,126.20312
FMISV2_0002862,CHEMICALS|APAC|SUP_CH_03,CHEMICALS,APAC,SUP_CH_03,2024-06-01,2024-05-01,119.1319,108.8524,102.7586,53.1257,30.6917,26.965,92.809,2.9719,125.46183
FMISV2_0002863,CHEMICALS|APAC|SUP_CH_03,CHEMICALS,APAC,SUP_CH_03,2024-07-01,2024-06-01,122.1279,102.1748,101.424,53.1732,41.7271,25.82,91.517,2.8093,123.79991
FMISV2_0002864,CHEMICALS|APAC|SUP_CH_03,CHEMICALS,APAC,SUP_CH_03,2024-08-01,2024-07-01,121.4915,100.0442,100.0018,49.9254,43.1696,29.816,91.703,2.7319,121.88197
FMISV2_0002865,CHEMICALS|APAC|SUP_CH_03,CHEMICALS,APAC,SUP_CH_03,2024-09-01,2024-08-01,116.8088,106.9974,100.5596,51.7429,43.7449,30.03,90.843,3.4257,121.55257
FMISV2_0002866,CHEMICALS|APAC|SUP_CH_03,CHEMICALS,APAC,SUP_CH_03,2024-10-01,2024-09-01,120.5409,107.4528,103.6899,50.1718,44.5531,30.251,92.37,2.9821,123.40416
FMISV2_0002867,CHEMICALS|APAC|SUP_CH_03,CHEMICALS,APAC,SUP_CH_03,2024-11-01,2024-10-01,121.8495,112.1516,101.2498,46.0944,62.486,34.103,92.589,2.6028,122.57629
FMISV2_0002868,CHEMICALS|APAC|SUP_CH_03,CHEMICALS,APAC,SUP_CH_03,2024-12-01,2024-11-01,119.2886,110.8493,105.5537,47.805,56.3391,28.234,92.604,2.4918,123.45152
FMISV2_0002869,CHEMICALS|APAC|SUP_CH_03,CHEMICALS,APAC,SUP_CH_03,2025-01-01,2024-12-01,122.7039,115.5027,109.0868,48.0898,50.8256,27.857,93.567,2.9082,124.93496
FMISV2_0002870,CHEMICALS|APAC|SUP_CH_03,CHEMICALS,APAC,SUP_CH_03,2025-02-01,2025-01-01,126.956,117.1364,104.9666,46.2308,40.1366,26.986,91.579,2.2249,126.82802
FMISV2_0002871,CHEMICALS|APAC|SUP_CH_03,CHEMICALS,APAC,SUP_CH_03,2025-03-01,2025-02-01,125.8724,113.8069,105.2904,46.5923,42.2164,32.619,90.078,2.8358,126.8979
FMISV2_0002872,CHEMICALS|APAC|SUP_CH_03,CHEMICALS,APAC,SUP_CH_03,2025-04-01,2025-03-01,125.8778,115.5665,102.6501,47.5916,47.7817,32.398,91.086,3.3717,125.00018
FMISV2_0002873,CHEMICALS|APAC|SUP_CH_03,CHEMICALS,APAC,SUP_CH_03,2025-05-01,2025-04-01,130.4023,108.1206,102.3092,48.8451,34.3671,30.23,92.014,2.7165,124.98895
FMISV2_0002874,CHEMICALS|APAC|SUP_CH_03,CHEMICALS,APAC,SUP_CH_03,2025-06-01,2025-05-01,131.4832,108.1694,103.6075,47.773,28.9754,30.629,93.031,3.3918,127.05641
FMISV2_0002875,CHEMICALS|APAC|SUP_CH_03,CHEMICALS,APAC,SUP_CH_03,2025-07-01,2025-06-01,120.0944,108.2497,97.9711,49.3896,42.5897,30.169,91.931,2.6308,126.22795
FMISV2_0002876,CHEMICALS|APAC|SUP_CH_03,CHEMICALS,APAC,SUP_CH_03,2025-08-01,2025-07-01,125.0966,109.1851,98.9326,52.9039,39.7252,29.551,92.052,2.7664,127.16713
FMISV2_0002877,CHEMICALS|APAC|SUP_CH_03,CHEMICALS,APAC,SUP_CH_03,2025-09-01,2025-08-01,119.1498,102.1444,101.2419,51.1776,42.7608,28.592,92.428,3.58,126.25006
FMISV2_0002878,CHEMICALS|APAC|SUP_CH_03,CHEMICALS,APAC,SUP_CH_03,2025-10-01,2025-09-01,121.2697,100.6346,102.9702,51.6835,48.0615,31.31,91.587,3.4137,125.54261
FMISV2_0002879,CHEMICALS|APAC|SUP_CH_03,CHEMICALS,APAC,SUP_CH_03,2025-11-01,2025-10-01,123.2357,110.9781,103.0186,53.3797,56.8966,29.229,92.282,2.9338,124.40603
FMISV2_0002880,CHEMICALS|APAC|SUP_CH_03,CHEMICALS,APAC,SUP_CH_03,2025-12-01,2025-11-01,126.6494,116.7064,101.9771,52.3006,43.2784,29.055,90.86,3.2263,126.02062
